-- phpMyAdmin SQL Dump
-- version 5.2.1
-- https://www.phpmyadmin.net/
--
-- Servidor: 127.0.0.1
-- Tiempo de generación: 01-02-2024 a las 07:21:25
-- Versión del servidor: 10.4.32-MariaDB
-- Versión de PHP: 8.2.12

SET SQL_MODE = "NO_AUTO_VALUE_ON_ZERO";
START TRANSACTION;
SET time_zone = "+00:00";


/*!40101 SET @OLD_CHARACTER_SET_CLIENT=@@CHARACTER_SET_CLIENT */;
/*!40101 SET @OLD_CHARACTER_SET_RESULTS=@@CHARACTER_SET_RESULTS */;
/*!40101 SET @OLD_COLLATION_CONNECTION=@@COLLATION_CONNECTION */;
/*!40101 SET NAMES utf8mb4 */;

--
-- Base de datos: `furbo`
--

-- --------------------------------------------------------

--
-- Estructura de tabla para la tabla `accion`
--

CREATE TABLE `accion` (
  `ID_accion` int(11) NOT NULL,
  `Precio` decimal(10,2) DEFAULT NULL,
  `Fecha_ini` date DEFAULT NULL,
  `Fecha_fin` date DEFAULT NULL,
  `Comprador` int(11) DEFAULT NULL,
  `Vendedor` int(11) DEFAULT NULL,
  `Jugador` int(11) DEFAULT NULL,
  `tipo` enum('Traspaso','Cesion') DEFAULT NULL
) ENGINE=InnoDB DEFAULT CHARSET=utf8mb4 COLLATE=utf8mb4_general_ci;

-- --------------------------------------------------------

--
-- Estructura de tabla para la tabla `admin`
--

CREATE TABLE `admin` (
  `id_usuario` int(11) NOT NULL
) ENGINE=InnoDB DEFAULT CHARSET=utf8mb4 COLLATE=utf8mb4_general_ci;

--
-- Volcado de datos para la tabla `admin`
--

INSERT INTO `admin` (`id_usuario`) VALUES
(1);

-- --------------------------------------------------------

--
-- Estructura de tabla para la tabla `aficionado`
--

CREATE TABLE `aficionado` (
  `id_usuario` int(11) NOT NULL,
  `Nombre` varchar(50) DEFAULT NULL,
  `Apellido` varchar(50) DEFAULT NULL,
  `Telefono` varchar(15) DEFAULT NULL,
  `Fecha_nacimiento` date DEFAULT NULL,
  `Direccion` varchar(100) DEFAULT NULL,
  `DNI` varchar(15) DEFAULT NULL,
  `id_CA` int(11) DEFAULT NULL
) ENGINE=InnoDB DEFAULT CHARSET=utf8mb4 COLLATE=utf8mb4_general_ci;

--
-- Volcado de datos para la tabla `aficionado`
--

INSERT INTO `aficionado` (`id_usuario`, `Nombre`, `Apellido`, `Telefono`, `Fecha_nacimiento`, `Direccion`, `DNI`, `id_CA`) VALUES
(11, 'Aficionado2', 'Apellidos2', '123456789', '1990-02-15', NULL, '87654321A', 1),
(12, 'Aficionado3', 'Apellidos3', '123456788', '1988-03-20', NULL, '76543210B', 1),
(13, 'Aficionado4', 'Apellidos4', '123456787', '1992-04-25', NULL, '65432109C', 1),
(14, 'Aficionado5', 'Apellidos5', '123456786', '1994-05-30', NULL, '54321098D', 1),
(15, 'Aficionado6', 'Apellidos6', '123456785', '1985-06-05', NULL, '43210987E', 1),
(16, 'Aficionado7', 'Apellidos7', '123456784', '1987-07-10', NULL, '32109876F', 1),
(17, 'Aficionado8', 'Apellidos8', '123456783', '1998-08-15', NULL, '21098765G', 1),
(18, 'Aficionado9', 'Apellidos9', '123456782', '1989-09-20', NULL, '10987654H', 1),
(19, 'Aficionado10', 'Apellidos10', '123456781', '1991-10-25', NULL, '09876543I', 1);

-- --------------------------------------------------------

--
-- Estructura de tabla para la tabla `amarilla`
--

CREATE TABLE `amarilla` (
  `Suceso` int(11) NOT NULL,
  `infractor` int(11) DEFAULT NULL
) ENGINE=InnoDB DEFAULT CHARSET=utf8mb4 COLLATE=utf8mb4_general_ci;

-- --------------------------------------------------------

--
-- Estructura de tabla para la tabla `arbitro`
--

CREATE TABLE `arbitro` (
  `ID_arbitro` int(11) NOT NULL,
  `Nombre` varchar(50) DEFAULT NULL
) ENGINE=InnoDB DEFAULT CHARSET=utf8mb4 COLLATE=utf8mb4_general_ci;

--
-- Volcado de datos para la tabla `arbitro`
--

INSERT INTO `arbitro` (`ID_arbitro`, `Nombre`) VALUES
(1, 'Juan Pérez'),
(2, 'María Gómez'),
(3, 'Carlos Rodríguez'),
(4, 'Ana Martínez'),
(5, 'Luis García'),
(6, 'Laura López'),
(7, 'Pedro Sánchez'),
(8, 'Isabel Fernández'),
(9, 'Jorge González'),
(10, 'Carmen Díaz'),
(11, 'Miguel Ruiz'),
(12, 'Elena Torres'),
(13, 'Francisco Jiménez'),
(14, 'Sara Ramírez'),
(15, 'Roberto Herrera'),
(16, 'Raquel Castro'),
(17, 'Alberto Moreno'),
(18, 'Natalia Ortega'),
(19, 'Antonio Herrera'),
(20, 'Beatriz Ramos'),
(21, 'Ricardo López'),
(22, 'Silvia Martín'),
(23, 'Ángel Vargas'),
(24, 'Pilar Torres'),
(25, 'Manuel Serrano'),
(26, 'Rosa García'),
(27, 'Alejandro Moreno'),
(28, 'Marta Ruiz'),
(29, 'Héctor Pérez'),
(30, 'Lorena García'),
(31, 'Daniel Sánchez'),
(32, 'Patricia Martínez'),
(33, 'Adrián López'),
(34, 'Alicia Fernández'),
(35, 'Fernando Ruiz'),
(36, 'Nuria Martín'),
(37, 'Ignacio Torres'),
(38, 'Cristina González'),
(39, 'Pablo Díaz'),
(40, 'Eva Gómez');

-- --------------------------------------------------------

--
-- Estructura de tabla para la tabla `asociar`
--

CREATE TABLE `asociar` (
  `Equipo` int(11) NOT NULL,
  `Aficionado` int(11) NOT NULL,
  `Cuota` int(11) NOT NULL
) ENGINE=InnoDB DEFAULT CHARSET=utf8mb4 COLLATE=utf8mb4_general_ci;

--
-- Volcado de datos para la tabla `asociar`
--

INSERT INTO `asociar` (`Equipo`, `Aficionado`, `Cuota`) VALUES
(2, 11, 1),
(2, 11, 3),
(2, 17, 2),
(2, 18, 3),
(2, 19, 2),
(3, 11, 1),
(3, 12, 1),
(3, 12, 2),
(3, 18, 3),
(3, 19, 2),
(4, 11, 1),
(4, 12, 2),
(4, 13, 1),
(4, 13, 3),
(4, 19, 1),
(5, 11, 1),
(5, 12, 2),
(5, 13, 3),
(5, 14, 3),
(5, 15, 1),
(6, 11, 1),
(6, 12, 2),
(6, 13, 3),
(6, 14, 1),
(6, 15, 3),
(7, 12, 2),
(7, 13, 3),
(7, 14, 2),
(7, 15, 3),
(7, 16, 1),
(8, 13, 3),
(8, 14, 1),
(8, 15, 1),
(8, 16, 1),
(8, 17, 2),
(9, 14, 1),
(9, 15, 2),
(9, 16, 1),
(9, 17, 2),
(9, 18, 3),
(10, 15, 3),
(10, 16, 1),
(10, 17, 2),
(10, 18, 3),
(10, 19, 2);

-- --------------------------------------------------------

--
-- Estructura de tabla para la tabla `beneficio`
--

CREATE TABLE `beneficio` (
  `ID_beneficio` int(11) NOT NULL,
  `Beneficio` varchar(50) DEFAULT NULL
) ENGINE=InnoDB DEFAULT CHARSET=utf8mb4 COLLATE=utf8mb4_general_ci;

-- --------------------------------------------------------

--
-- Estructura de tabla para la tabla `cambio`
--

CREATE TABLE `cambio` (
  `Suceso` int(11) NOT NULL,
  `Entra` int(11) DEFAULT NULL,
  `Sale` int(11) DEFAULT NULL
) ENGINE=InnoDB DEFAULT CHARSET=utf8mb4 COLLATE=utf8mb4_general_ci;

-- --------------------------------------------------------

--
-- Estructura de tabla para la tabla `competicion`
--

CREATE TABLE `competicion` (
  `ID_Competicion` int(11) NOT NULL,
  `Competicion` varchar(50) DEFAULT NULL,
  `ID_pais` int(11) DEFAULT NULL
) ENGINE=InnoDB DEFAULT CHARSET=utf8mb4 COLLATE=utf8mb4_general_ci;

--
-- Volcado de datos para la tabla `competicion`
--

INSERT INTO `competicion` (`ID_Competicion`, `Competicion`, `ID_pais`) VALUES
(1, 'La Liga', 17),
(2, 'Segunda División', 17),
(3, 'Segunda División B Grupo 1', 17),
(4, 'Premier League', 42),
(5, 'EFL Championship', 42),
(6, 'EFL League One', 42),
(7, 'Serie A', 26),
(8, 'Serie B', 26),
(9, 'Serie C', 26),
(10, 'Bundesliga', 2),
(11, '2. Bundesliga', 2),
(12, '3. Liga', 2),
(13, 'Ligue 1', 20),
(14, 'Ligue 2', 20),
(15, 'Championnat National', 20),
(16, 'Primeira Liga', 41),
(17, 'Segunda Liga', 41),
(18, 'Campeonato de Portugal Grupo A', 41),
(19, 'Eredivisie', 39),
(20, 'Eerste Divisie', 39),
(22, 'Liga Premier de Rusia', 45),
(23, 'Liga Nacional de Fútbol', 45),
(24, 'Süper Lig', 51),
(25, 'TFF Primera División', 51),
(26, 'TFF Segunda División', 51),
(27, 'Scottish Premiership', 42),
(28, 'Scottish Championship', 42),
(29, 'Scottish League One', 42),
(30, 'Scottish League Two', 42),
(31, 'Jupiler Pro League', 7),
(32, 'Proximus League', 7),
(33, 'Superliga Suiza', 49),
(34, 'Challenge League', 49),
(35, 'Superliga de Grecia', 22),
(36, 'Football League Grupo Norte', 22),
(37, 'Football League Grupo Sur', 22),
(38, 'Bundesliga de Austria', 5),
(39, '2. Liga', 5),
(40, 'Allsvenskan', 48),
(41, 'Superettan', 48),
(42, 'Eliteserien', 38),
(43, '1. Divisjon', 38),
(44, 'Ekstraklasa', 40),
(45, 'I Liga', 40),
(46, 'Liga checa de fútbol', 43),
(47, 'FNL', 43),
(48, 'Champions League', NULL),
(49, 'Europa League', NULL),
(50, 'Europa Conference League', NULL);

-- --------------------------------------------------------

--
-- Estructura de tabla para la tabla `comunidadautonoma`
--

CREATE TABLE `comunidadautonoma` (
  `ID_CA` int(11) NOT NULL,
  `Nombre` varchar(50) DEFAULT NULL,
  `pais` int(11) DEFAULT NULL
) ENGINE=InnoDB DEFAULT CHARSET=utf8mb4 COLLATE=utf8mb4_general_ci;

--
-- Volcado de datos para la tabla `comunidadautonoma`
--

INSERT INTO `comunidadautonoma` (`ID_CA`, `Nombre`, `pais`) VALUES
(1, 'Berat', 1),
(2, 'Dibër', 1),
(3, 'Durrës', 1),
(4, 'Elbasan', 1),
(5, 'Fier', 1),
(6, 'Gjirokastër', 1),
(7, 'Korçë', 1),
(8, 'Kukës', 1),
(9, 'Lezhë', 1),
(10, 'Shkodër', 1),
(11, 'Tiranë', 1),
(12, 'Vlorë', 1),
(13, 'Baden-Württemberg', 2),
(14, 'Baviera', 2),
(15, 'Berlín', 2),
(16, 'Brandeburgo', 2),
(17, 'Bremen', 2),
(18, 'Hamburgo', 2),
(19, 'Hesse', 2),
(20, 'Baja Sajonia', 2),
(21, 'Renania del Norte-Westfalia', 2),
(22, 'Renania-Palatinado', 2),
(23, 'Sarre', 2),
(24, 'Sajonia', 2),
(25, 'Sajonia-Anhalt', 2),
(26, 'Schleswig-Holstein', 2),
(27, 'Turingia', 2),
(28, 'Andorra', 3),
(29, 'Región de Aragatsotn', 4),
(30, 'Región de Ararat', 4),
(31, 'Región de Armavir', 4),
(32, 'Alta Austria', 5),
(33, 'Baja Austria', 5),
(34, 'Estiria', 5),
(35, 'Absheron', 6),
(36, 'Artaşat', 6),
(37, 'Ganja-Gazakh', 6),
(38, 'Flandes Oriental', 7),
(39, 'Flandes Occidental', 7),
(40, 'Brest', 8),
(41, 'Gómel', 8),
(42, 'Herzegovina-Neretva', 9),
(43, 'Posavina', 9),
(44, 'Blagoevgrad', 10),
(45, 'Burgas', 10),
(46, 'Región de Gegharkunik', 4),
(47, 'Tirol', 5),
(48, 'Guba-Khachmaz', 6),
(49, 'Brabante Flamenco', 7),
(50, 'Grodno', 8),
(51, 'Brčko (Distrito)', 9),
(52, 'Dobrich', 10),
(53, 'Región de Kotayk', 4),
(54, 'Región de Lori', 4),
(55, 'Región de Shirak', 4),
(56, 'Región de Syunik', 4),
(57, 'Región de Tavush', 4),
(58, 'Región de Vayots Dzor', 4),
(59, 'Ereván (Ciudad Capital)', 4),
(60, 'Salzburgo', 5),
(61, 'Carintia', 5),
(62, 'Vorarlberg', 5),
(63, 'Alta Austria', 5),
(64, 'Baja Austria', 5),
(65, 'Viena (Ciudad Capital)', 5),
(66, 'Kalbajar-Lachin', 6),
(67, 'Lankaran', 6),
(68, 'Quba-Rubasar', 6),
(69, 'Qusar', 6),
(70, 'Shaki-Zaqatala', 6),
(71, 'Yukhari Garabakh', 6),
(72, 'Zangilan', 6),
(73, 'Brabante Valón', 7),
(74, 'Henao', 7),
(75, 'Lieja', 7),
(76, 'Limburgo', 7),
(77, 'Luxemburgo', 7),
(78, 'Namur', 7),
(79, 'Región de Bruselas-Capital', 7),
(80, 'Minsk (Ciudad)', 8),
(81, 'Minsk (Provincia)', 8),
(82, 'Mogilev', 8),
(83, 'Cantón 10', 9),
(84, 'Cantón de Sarajevo', 9),
(85, 'Cantón de Tuzla', 9),
(86, 'Cantón de Zenica-Doboj', 9),
(87, 'Herzegovina-Neretva', 9),
(88, 'Posavina', 9),
(89, 'Una-Sana', 9),
(90, 'Gabrovo', 10),
(91, 'Haskovo', 10),
(92, 'Kardzhali', 10),
(93, 'Kyustendil', 10),
(94, 'Lovech', 10),
(95, 'Montana', 10),
(96, 'Pazardzhik', 10),
(97, 'Pernik', 10),
(98, 'Pleven', 10),
(99, 'Plovdiv', 10),
(100, 'Razgrad', 10),
(101, 'Ruse', 10),
(102, 'Silistra', 10),
(103, 'Sliven', 10),
(104, 'Smolyan', 10),
(105, 'Sofía (Ciudad Capital)', 10),
(106, 'Sofía (Provincia)', 10),
(107, 'Stara Zagora', 10),
(108, 'Targovishte', 10),
(109, 'Varna', 10),
(110, 'Veliko Tarnovo', 10),
(111, 'Vidin', 10),
(112, 'Vratsa', 10),
(113, 'Yambol', 10),
(114, 'Distrito de Nicosia', 11),
(115, 'Distrito de Limassol', 11),
(116, 'Distrito de Larnaca', 11),
(117, 'Distrito de Paphos', 11),
(118, 'Distrito de Famagusta', 11),
(119, 'Distrito de Kyrenia', 11),
(120, 'Ciudad del Vaticano', 12),
(121, 'Condado de Zagreb', 13),
(122, 'Condado de Split-Dalmacia', 13),
(123, 'Condado de Istria', 13),
(124, 'Condado de Primorje-Gorski Kotar', 13),
(125, 'Condado de Dubrovnik-Neretva', 13),
(126, 'Condado de Varaždin', 13),
(127, 'Región Capital', 14),
(128, 'Región de Dinamarca Meridional', 14),
(129, 'Región de Jutlandia Central', 14),
(130, 'Región de Jutlandia Septentrional', 14),
(131, 'Región de Jutlandia del Sur', 14),
(132, 'Región de Bratislava', 15),
(133, 'Región de Trnava', 15),
(134, 'Región de Trenčín', 15),
(135, 'Región de Nitra', 15),
(136, 'Región de Žilina', 15),
(137, 'Región de Pomurska', 16),
(138, 'Región de Podravska', 16),
(139, 'Región de Koroška', 16),
(140, 'Región de Savinjska', 16),
(141, 'Región de Zasavska', 16),
(142, 'Andalucía', 17),
(143, 'Aragón', 17),
(144, 'Asturias', 17),
(145, 'Islas Baleares', 17),
(146, 'Canarias', 17),
(147, 'Cantabria', 17),
(148, 'Castilla y León', 17),
(149, 'Castilla-La Mancha', 17),
(150, 'Cataluña', 17),
(151, 'Extremadura', 17),
(152, 'Galicia', 17),
(153, 'Madrid (Comunidad)', 17),
(154, 'Murcia (Región de)', 17),
(155, 'Navarra (Comunidad Foral)', 17),
(156, 'País Vasco', 17),
(157, 'La Rioja', 17),
(158, 'Valencia (Comunidad)', 17),
(159, 'Condado de Harju', 18),
(160, 'Condado de Hiiu', 18),
(161, 'Condado de Ida-Viru', 18),
(162, 'Condado de Järva', 18),
(163, 'Condado de Jõgeva', 18),
(164, 'Uusimaa', 19),
(165, 'Varsinais-Suomi', 19),
(166, 'Satakunta', 19),
(167, 'Kanta-Häme', 19),
(168, 'Pirkanmaa', 19),
(169, 'Auvernia-Ródano-Alpes', 20),
(170, 'Borgoña-Franco Condado', 20),
(171, 'Bretaña', 20),
(172, 'Centro-Valle de Loira', 20),
(173, 'Córcega', 20),
(174, 'Gran Este', 20),
(175, 'Hauts-de-France', 20),
(176, 'Isla de Francia', 20),
(177, 'Normandía', 20),
(178, 'Nueva Aquitania', 20),
(179, 'Occitania', 20),
(180, 'Países del Loira', 20),
(181, 'Provenza-Alpes-Costa Azul', 20),
(182, 'Abjasia', 21),
(183, 'Ayaria', 21),
(184, 'Guria', 21),
(185, 'Imericia', 21),
(186, 'Kajetia', 21),
(187, 'Ática', 22),
(188, 'Macedonia Central', 22),
(189, 'Macedonia Oriental y Tracia', 22),
(190, 'Peloponeso', 22),
(191, 'Epiro', 22),
(192, 'Islas Jónicas', 22),
(193, 'Creta', 22),
(194, 'Budapest (Capital)', 23),
(195, 'Baranya', 23),
(196, 'Borsod-Abaúj-Zemplén', 23),
(197, 'Csongrád-Csanád', 23),
(198, 'Fejér', 23),
(199, 'Győr-Moson-Sopron', 23),
(200, 'Leinster', 24),
(201, 'Munster', 24),
(202, 'Connacht', 24),
(203, 'Ulster', 24),
(204, 'Höfuðborgarsvæðið', 25),
(205, 'Suðurnes', 25),
(206, 'Vesturland', 25),
(207, 'Vestfirðir', 25),
(208, 'Norðurland Vestra', 25),
(209, 'Abruzos', 26),
(210, 'Basilicata', 26),
(211, 'Calabria', 26),
(212, 'Campania', 26),
(213, 'Emilia-Romaña', 26),
(214, 'Friuli-Venecia Julia', 26),
(215, 'Lacio', 26),
(216, 'Liguria', 26),
(217, 'Lombardía', 26),
(218, 'Marcas', 26),
(219, 'Molise', 26),
(220, 'Piamonte', 26),
(221, 'Apulia', 26),
(222, 'Sardegna', 26),
(223, 'Sicilia', 26),
(224, 'Toscana', 26),
(225, 'Trentino-Alto Adigio', 26),
(226, 'Umbría', 26),
(227, 'Valle de Aosta', 26),
(228, 'Véneto', 26),
(229, 'Almatý', 27),
(230, 'Shymkent', 27),
(231, 'Nur-Sultán (Astana)', 27),
(232, 'Karagandá', 27),
(233, 'Taraz', 27),
(234, 'Petropavl', 27),
(235, 'Öskemen', 27),
(236, 'Semey', 27),
(237, 'Aktobé', 27),
(238, 'Atyraú', 27),
(239, 'Kostanái', 27),
(240, 'Pavlodar', 27),
(241, 'Uralsk', 27),
(242, 'Kyzylorda', 27),
(243, 'Aktau', 27),
(244, 'Atirau', 27),
(245, 'Öskemen', 27),
(246, 'Turkistan', 27),
(247, 'Distrito de Pristina', 28),
(248, 'Distrito de Mitrovica', 28),
(249, 'Distrito de Peja', 28),
(250, 'Distrito de Gjilan', 28),
(251, 'Distrito de Ferizaj', 28),
(252, 'Distrito de Prizren', 28),
(253, 'Kurzeme', 29),
(254, 'Latgale', 29),
(255, 'Riga (Ciudad Capital)', 29),
(256, 'Vidzeme', 29),
(257, 'Zemgale', 29),
(258, 'Distrito de Balzers', 30),
(259, 'Distrito de Eschen', 30),
(260, 'Distrito de Gamprin', 30),
(261, 'Distrito de Mauren', 30),
(262, 'Distrito de Planken', 30),
(263, 'Alytus County', 31),
(264, 'Kaunas County', 31),
(265, 'Klaipėda County', 31),
(266, 'Marijampolė County', 31),
(267, 'Panevėžys County', 31),
(268, 'Distrito de Diekirch', 32),
(269, 'Distrito de Grevenmacher', 32),
(270, 'Distrito de Luxemburgo', 32),
(271, 'Región del Este', 33),
(272, 'Región del Noreste', 33),
(273, 'Región del Sudeste', 33),
(274, 'Región del Sudoeste', 33),
(275, 'Gozo', 34),
(276, 'Malta', 34),
(277, 'Distrito de Balti', 35),
(278, 'Distrito de Cahul', 35),
(279, 'Distrito de Edinet', 35),
(280, 'Distrito de Hincesti', 35),
(281, 'Distrito de Orhei', 35),
(282, 'Mónaco', 36),
(283, 'Región de Podgorica', 37),
(284, 'Región de Bar', 37),
(285, 'Región de Budva', 37),
(286, 'Región de Cetinje', 37),
(287, 'Región de Herceg Novi', 37),
(288, 'Región de Oslo', 38),
(289, 'Región de Viken', 38),
(290, 'Región de Innlandet', 38),
(291, 'Región de Vestfold og Telemark', 38),
(292, 'Región de Agder', 38),
(293, 'Provincia de Groninga', 39),
(294, 'Provincia de Güeldres', 39),
(295, 'Provincia de Limburgo', 39),
(296, 'Provincia de Overijssel', 39),
(297, 'Provincia de Utrecht', 39),
(298, 'Voivodato de Baja Silesia', 40),
(299, 'Voivodato de Cuyavia y Pomerania', 40),
(300, 'Voivodato de Gran Polonia', 40),
(301, 'Voivodato de Lubusz', 40),
(302, 'Voivodato de Łódź', 40),
(303, 'Región Centro', 41),
(304, 'Región de Lisboa', 41),
(305, 'Región Norte', 41),
(306, 'Región del Alentejo', 41),
(307, 'Región del Algarve', 41),
(308, 'Inglaterra', 42),
(309, 'Escocia', 42),
(310, 'Gales', 42),
(311, 'Irlanda del Norte', 42),
(312, 'Bohemia Central', 43),
(313, 'Moravia-Silesia', 43),
(314, 'Pardubice', 43),
(315, 'Liberec', 43),
(316, 'Olomouc', 43),
(317, 'Región de Bucarest', 44),
(318, 'Región de Muntenia', 44),
(319, 'Región de Oltenia', 44),
(320, 'Región de Dobruja del Norte', 44),
(321, 'Región de Transilvania', 44),
(322, 'San Marino', 46),
(323, 'Distrito de Belgrado', 47),
(324, 'Distrito de Bor', 47),
(325, 'Distrito de Braničevo', 47),
(326, 'Distrito de Jablanica', 47),
(327, 'Distrito de Kolubara', 47),
(328, 'Condado de Blekinge', 48),
(329, 'Condado de Dalarna', 48),
(330, 'Condado de Gotland', 48),
(331, 'Condado de Gävleborg', 48),
(332, 'Condado de Halland', 48),
(333, 'Cantón de Zúrich', 49),
(334, 'Cantón de Berna', 49),
(335, 'Cantón de Lucerna', 49),
(336, 'Cantón de Ginebra', 49),
(337, 'Cantón de Vaud', 49),
(338, 'Óblast de Kyiv', 50),
(339, 'Óblast de Járkov', 50),
(340, 'Óblast de Odesa', 50),
(341, 'Óblast de Lviv', 50),
(342, 'Óblast de Dnipró', 50),
(343, 'Región de Mármara', 51),
(344, 'Región del Egeo', 51),
(345, 'Región del Mediterráneo', 51),
(346, 'Región del Mar Negro', 51),
(347, 'Región de Anatolia Central', 51),
(348, 'San Bartolomé', 52),
(349, 'Parroquia de Cristóbal', 53),
(350, 'San Marino', 54),
(351, 'San Martín', 55),
(352, 'San Pedro y Miquelón', 56),
(353, 'San Vicente y las Granadinas', 57),
(354, 'Santa Elena, Ascensión y Tristán de Acuña', 58),
(355, 'Príncipe (isla)', 59),
(356, 'Dakar (Región)', 60),
(357, 'Mahé', 61),
(358, 'Provincia del Norte', 62),
(359, 'Región Central', 63),
(360, 'Sint Maarten', 64),
(361, 'Gobernación de Damasco', 65),
(362, 'Banadir', 66),
(363, 'Galmudug', 66),
(364, 'Hirshabelle', 66),
(365, 'Jubaland', 66),
(366, 'Puntland', 66),
(367, 'Somalilandia', 66),
(368, 'Provincia Central', 67),
(369, 'Provincia del Este', 67),
(370, 'Provincia Noroccidental', 67),
(371, 'Provincia Norte', 67),
(372, 'Provincia Nororiental', 67),
(373, 'Provincia Noroccidental', 67),
(374, 'Distrito de Hhohho', 68),
(375, 'Distrito de Lubombo', 68),
(376, 'Distrito de Manzini', 68),
(377, 'Distrito de Shiselweni', 68),
(378, 'Provincia del Cabo del Norte', 69),
(379, 'Provincia del Cabo del Oeste', 69),
(380, 'Provincia del Cabo Oriental', 69),
(381, 'Estado Libre', 69),
(382, 'Gauteng', 69),
(383, 'Jartum (Ciudad)', 70),
(384, 'Bahre al-Ghazal', 70),
(385, 'Darfur', 70),
(386, 'Kordofán', 70),
(387, 'Nil Azul', 70),
(388, 'Región Central', 71),
(389, 'Región de Equatoria', 71),
(390, 'Región de Gran Bahr el Ghazal', 71),
(391, 'Región de Alto Nilo', 71),
(392, 'Distrito de Brokopondo', 72),
(393, 'Distrito de Commewijne', 72),
(394, 'Distrito de Coronie', 72),
(395, 'Distrito de Marowijne', 72),
(396, 'Distrito de Nickerie', 72),
(397, 'Svalbard', 73),
(398, 'Región Central', 74),
(399, 'Región del Este', 74),
(400, 'Región del Norte', 74),
(401, 'Región del Nordeste', 74),
(402, 'Región del Sur', 74),
(403, 'Ciudad de Taipéi', 75),
(404, 'Condado de Changhua', 75),
(405, 'Condado de Chiayi', 75),
(406, 'Condado de Hsinchu', 75),
(407, 'Condado de Hualien', 75),
(408, 'Región de Arusha', 76),
(409, 'Región de Dodoma', 76),
(410, 'Región de Geita', 76),
(411, 'Región de Kagera', 76),
(412, 'Región de Katavi', 76),
(413, 'Región de Dushanbe', 77),
(414, 'Provincia de Sughd', 77),
(415, 'Provincia de Khatlon', 77),
(416, 'Territorio Británico del Océano Índico', 78),
(417, 'Kerguelen', 79),
(418, 'Amsterdam', 79),
(419, 'Isla de San Pablo', 79),
(420, 'Díli (Distrito)', 80),
(421, 'Baucau (Distrito)', 80),
(422, 'Bobonaro (Distrito)', 80),
(423, 'Cova Lima (Distrito)', 80),
(424, 'Ermera (Distrito)', 80),
(425, 'Región de Kara', 81),
(426, 'Región de Plateaux', 81),
(427, 'Región de Centrale', 81),
(428, 'Región de Savanes', 81),
(429, 'Atafu', 82),
(430, 'Nukunonu', 82),
(431, 'Fakaofo', 82),
(432, 'Ha‘apai', 83),
(433, 'Niuas', 83),
(434, 'Tongatapu', 83),
(435, 'Vava‘u', 83),
(436, 'Región de San Juan-Laventille', 84),
(437, 'Región de San Jorge', 84),
(438, 'Región de San Andrés-David', 84),
(439, 'Región de Caroni', 84),
(440, 'Gobernación de Ariana', 85),
(441, 'Gobernación de Beja', 85),
(442, 'Gobernación de Ben Arous', 85),
(443, 'Gobernación de Bizerta', 85),
(444, 'Gobernación de Gabes', 85),
(445, 'Provincia de Ahal', 86),
(446, 'Provincia de Balkan', 86),
(447, 'Provincia de Dashoguz', 86),
(448, 'Provincia de Lebap', 86),
(449, 'Gran Turca', 87),
(450, 'Salt Cay', 87),
(451, 'Providenciales', 87),
(452, 'Middle Caicos', 87),
(453, 'East Caicos', 87),
(454, 'Funafuti', 88),
(455, 'Nanumea', 88),
(456, 'Nanumanga', 88),
(457, 'Niutao', 88),
(458, 'Nui', 88),
(459, 'Óblast de Jmelnitski', 89),
(460, 'Óblast de Zhytómyr', 89),
(461, 'Óblast de Chernígov', 89),
(462, 'Óblast de Cherkasy', 89),
(463, 'Óblast de Poltava', 89),
(464, 'Región Central', 90),
(465, 'Región del Este', 90),
(466, 'Región Norte', 90),
(467, 'Región Occidental', 90),
(468, 'Artigas', 91),
(469, 'Canelones', 91),
(470, 'Cerro Largo', 91),
(471, 'Colonia', 91),
(472, 'Durazno', 91),
(473, 'Andijan', 92),
(474, 'Bukhara', 92),
(475, 'Ferganá', 92),
(476, 'Jizzakh', 92),
(477, 'Namangan', 92),
(478, 'Malampa', 93),
(479, 'Penama', 93),
(480, 'Sanma', 93),
(481, 'Shefa', 93),
(482, 'Tafea', 93),
(483, 'Ciudad del Vaticano', 94),
(484, 'Región Capital', 95),
(485, 'Región Central', 95),
(486, 'Región Occidental', 95),
(487, 'Región Oriental', 95),
(488, 'Municipalidad de Hanói', 96),
(489, 'Ciudad de Ho Chi Minh', 96),
(490, 'An Giang', 96),
(491, 'Bà Rịa-Vũng Tàu', 96),
(492, 'Bắc Giang', 96),
(493, 'Isla Tortola', 97),
(494, 'Isla Virgen Gorda', 97),
(495, 'Isla Anegada', 97),
(496, 'Jost Van Dyke', 97),
(497, 'Saint Croix', 98),
(498, 'Saint John', 98),
(499, 'Saint Thomas', 98),
(500, 'Wallis', 99),
(501, 'Futuna', 99),
(502, 'Alofi', 99),
(503, 'Adén (Gobernación)', 100),
(504, 'Hadramaut', 100),
(505, 'Lahij', 100),
(506, 'Marib', 100),
(507, 'Taiz', 100),
(508, 'Ali Sabieh', 101),
(509, 'Arta', 101),
(510, 'Dikhil', 101),
(511, 'Yibuti (Ciudad)', 101),
(512, 'Provincia Central', 102),
(513, 'Provincia del Este', 102),
(514, 'Provincia del Norte', 102),
(515, 'Provincia del Noroeste', 102),
(516, 'Harare (Ciudad)', 103),
(517, 'Manicaland', 103),
(518, 'Mashonaland Central', 103),
(519, 'Mashonaland East', 103),
(520, 'Mashonaland West', 103);

-- --------------------------------------------------------

--
-- Estructura de tabla para la tabla `cuota`
--

CREATE TABLE `cuota` (
  `ID_cuota` int(11) NOT NULL,
  `Precio` decimal(10,2) DEFAULT NULL
) ENGINE=InnoDB DEFAULT CHARSET=utf8mb4 COLLATE=utf8mb4_general_ci;

--
-- Volcado de datos para la tabla `cuota`
--

INSERT INTO `cuota` (`ID_cuota`, `Precio`) VALUES
(1, 50.00),
(2, 100.00),
(3, 75.00);

-- --------------------------------------------------------

--
-- Estructura de tabla para la tabla `entrenador`
--

CREATE TABLE `entrenador` (
  `id_Entrenador` int(11) NOT NULL,
  `Nombre` varchar(50) DEFAULT NULL,
  `Fecha_nac` date DEFAULT NULL,
  `correo` varchar(100) DEFAULT NULL,
  `Apellido` varchar(100) DEFAULT NULL,
  `telefono` varchar(100) DEFAULT NULL,
  `id_CA` int(11) DEFAULT NULL
) ENGINE=InnoDB DEFAULT CHARSET=utf8mb4 COLLATE=utf8mb4_general_ci;

--
-- Volcado de datos para la tabla `entrenador`
--

INSERT INTO `entrenador` (`id_Entrenador`, `Nombre`, `Fecha_nac`, `correo`, `Apellido`, `telefono`, `id_CA`) VALUES
(1, 'Entrenador1', '1990-01-01', 'entrenador1@email.com', 'Apellido1', '987654321', 1),
(2, 'Entrenador2', '1985-02-15', 'entrenador2@email.com', 'Apellido2', '123456789', 2),
(3, 'Entrenador3', '1978-05-20', 'entrenador3@email.com', 'Apellido3', '456789012', 3),
(4, 'Entrenador4', '1980-09-12', 'entrenador4@email.com', 'Apellido4', '789012345', 4),
(5, 'Entrenador5', '1982-11-25', 'entrenador5@email.com', 'Apellido5', '234567890', 5),
(6, 'Entrenador6', '1975-03-18', 'entrenador6@email.com', 'Apellido6', '567890123', 6),
(7, 'Entrenador7', '1987-06-30', 'entrenador7@email.com', 'Apellido7', '890123456', 7),
(8, 'Entrenador8', '1992-04-05', 'entrenador8@email.com', 'Apellido8', '345678901', 8),
(9, 'Entrenador9', '1979-08-22', 'entrenador9@email.com', 'Apellido9', '678901234', 9),
(10, 'Entrenador10', '1983-10-15', 'entrenador10@email.com', 'Apellido10', '901234567', 10),
(11, 'Entrenador11', '1991-07-07', 'entrenador11@email.com', 'Apellido11', '345678901', 11),
(12, 'Entrenador12', '1986-02-28', 'entrenador12@email.com', 'Apellido12', '678901234', 12),
(13, 'Entrenador13', '1984-12-19', 'entrenador13@email.com', 'Apellido13', '901234567', 13),
(14, 'Entrenador14', '1978-04-23', 'entrenador14@email.com', 'Apellido14', '234567890', 14),
(15, 'Entrenador15', '1989-09-08', 'entrenador15@email.com', 'Apellido15', '567890123', 15),
(16, 'Entrenador16', '1981-05-14', 'entrenador16@email.com', 'Apellido16', '890123456', 16),
(17, 'Entrenador17', '1977-08-07', 'entrenador17@email.com', 'Apellido17', '123456789', 17),
(18, 'Entrenador18', '1990-11-10', 'entrenador18@email.com', 'Apellido18', '456789012', 18),
(19, 'Entrenador19', '1985-06-25', 'entrenador19@email.com', 'Apellido19', '789012345', 19),
(20, 'Entrenador20', '1976-01-03', 'entrenador20@email.com', 'Apellido20', '234567890', 20),
(21, 'Entrenador21', '1980-04-15', 'entrenador21@email.com', 'Apellido21', '567890123', 21),
(22, 'Entrenador22', '1983-10-29', 'entrenador22@email.com', 'Apellido22', '890123456', 22),
(23, 'Entrenador23', '1977-11-18', 'entrenador23@email.com', 'Apellido23', '345678901', 23),
(24, 'Entrenador24', '1992-01-22', 'entrenador24@email.com', 'Apellido24', '678901234', 24),
(25, 'Entrenador25', '1986-07-05', 'entrenador25@email.com', 'Apellido25', '901234567', 25),
(26, 'Entrenador26', '1982-03-30', 'entrenador26@email.com', 'Apellido26', '234567890', 26),
(27, 'Entrenador27', '1975-09-14', 'entrenador27@email.com', 'Apellido27', '567890123', 27),
(28, 'Entrenador28', '1988-12-28', 'entrenador28@email.com', 'Apellido28', '890123456', 28),
(29, 'Entrenador29', '1979-06-01', 'entrenador29@email.com', 'Apellido29', '123456789', 29),
(30, 'Entrenador30', '1984-02-17', 'entrenador30@email.com', 'Apellido30', '456789012', 30),
(31, 'Entrenador31', '1991-05-19', 'entrenador31@email.com', 'Apellido31', '789012345', 31),
(32, 'Entrenador32', '1987-10-03', 'entrenador32@email.com', 'Apellido32', '901234567', 32),
(33, 'Entrenador33', '1985-01-08', 'entrenador33@email.com', 'Apellido33', '234567890', 33),
(34, 'Entrenador34', '1976-07-22', 'entrenador34@email.com', 'Apellido34', '567890123', 34),
(35, 'Entrenador35', '1989-11-26', 'entrenador35@email.com', 'Apellido35', '890123456', 35),
(36, 'Entrenador36', '1981-04-10', 'entrenador36@email.com', 'Apellido36', '123456789', 36),
(37, 'Entrenador37', '1978-08-04', 'entrenador37@email.com', 'Apellido37', '456789012', 37),
(38, 'Entrenador38', '1983-12-18', 'entrenador38@email.com', 'Apellido38', '789012345', 38),
(39, 'Entrenador39', '1977-02-02', 'entrenador39@email.com', 'Apellido39', '901234567', 39),
(40, 'Entrenador40', '1990-06-16', 'entrenador40@email.com', 'Apellido40', '234567890', 40),
(41, 'Entrenador41', '1980-09-15', 'entrenador41@email.com', 'Apellido41', '567890123', 41),
(42, 'Entrenador42', '1983-10-29', 'entrenador42@email.com', 'Apellido42', '890123456', 42),
(43, 'Entrenador43', '1977-11-18', 'entrenador43@email.com', 'Apellido43', '345678901', 43),
(44, 'Entrenador44', '1992-01-22', 'entrenador44@email.com', 'Apellido44', '678901234', 44),
(45, 'Entrenador45', '1986-07-05', 'entrenador45@email.com', 'Apellido45', '901234567', 45),
(46, 'Entrenador46', '1982-03-30', 'entrenador46@email.com', 'Apellido46', '234567890', 46),
(47, 'Entrenador47', '1975-09-14', 'entrenador47@email.com', 'Apellido47', '567890123', 47),
(48, 'Entrenador48', '1988-12-28', 'entrenador48@email.com', 'Apellido48', '890123456', 48),
(49, 'Entrenador49', '1979-06-01', 'entrenador49@email.com', 'Apellido49', '123456789', 49),
(50, 'Entrenador50', '1984-02-17', 'entrenador50@email.com', 'Apellido50', '456789012', 50),
(51, 'Entrenador51', '1991-05-19', 'entrenador51@email.com', 'Apellido51', '789012345', 51),
(52, 'Entrenador52', '1987-10-03', 'entrenador52@email.com', 'Apellido52', '901234567', 52),
(53, 'Entrenador53', '1985-01-08', 'entrenador53@email.com', 'Apellido53', '234567890', 53),
(54, 'Entrenador54', '1976-07-22', 'entrenador54@email.com', 'Apellido54', '567890123', 54),
(55, 'Entrenador55', '1989-11-26', 'entrenador55@email.com', 'Apellido55', '890123456', 55),
(56, 'Entrenador56', '1981-04-10', 'entrenador56@email.com', 'Apellido56', '123456789', 56),
(57, 'Entrenador57', '1978-08-04', 'entrenador57@email.com', 'Apellido57', '456789012', 57),
(58, 'Entrenador58', '1983-12-18', 'entrenador58@email.com', 'Apellido58', '789012345', 58),
(59, 'Entrenador59', '1977-02-02', 'entrenador59@email.com', 'Apellido59', '901234567', 59),
(60, 'Entrenador60', '1990-06-16', 'entrenador60@email.com', 'Apellido60', '234567890', 60),
(61, 'Entrenador61', '1980-09-15', 'entrenador61@email.com', 'Apellido61', '567890123', 61),
(62, 'Entrenador62', '1983-10-29', 'entrenador62@email.com', 'Apellido62', '890123456', 62),
(63, 'Entrenador63', '1977-11-18', 'entrenador63@email.com', 'Apellido63', '345678901', 63),
(64, 'Entrenador64', '1992-01-22', 'entrenador64@email.com', 'Apellido64', '678901234', 64),
(65, 'Entrenador65', '1986-07-05', 'entrenador65@email.com', 'Apellido65', '901234567', 65),
(66, 'Entrenador66', '1982-03-30', 'entrenador66@email.com', 'Apellido66', '234567890', 66),
(67, 'Entrenador67', '1975-09-14', 'entrenador67@email.com', 'Apellido67', '567890123', 67),
(68, 'Entrenador68', '1988-12-28', 'entrenador68@email.com', 'Apellido68', '890123456', 68),
(69, 'Entrenador69', '1979-06-01', 'entrenador69@email.com', 'Apellido69', '123456789', 69),
(70, 'Entrenador70', '1988-07-10', 'entrenador70@email.com', 'Apellido70', '901234567', 70);

-- --------------------------------------------------------

--
-- Estructura de tabla para la tabla `entrenar`
--

CREATE TABLE `entrenar` (
  `id_entrenamiento` int(11) NOT NULL,
  `entrenador` int(11) DEFAULT NULL,
  `Fecha_ini` date DEFAULT NULL,
  `Fecha_fin` date DEFAULT NULL,
  `equipo` int(11) DEFAULT NULL
) ENGINE=InnoDB DEFAULT CHARSET=utf8mb4 COLLATE=utf8mb4_general_ci;

--
-- Volcado de datos para la tabla `entrenar`
--

INSERT INTO `entrenar` (`id_entrenamiento`, `entrenador`, `Fecha_ini`, `Fecha_fin`, `equipo`) VALUES
(1, 1, '2024-01-15', '2024-01-20', 2),
(2, 2, '2024-02-01', '2024-02-10', 3),
(3, 3, '2024-03-10', '2024-03-15', 4),
(4, 4, '2024-04-05', '2024-04-12', 5),
(5, 5, '2024-05-20', '2024-05-25', 6),
(6, 6, '2024-06-02', '2024-06-10', 7),
(7, 7, '2024-07-08', '2024-07-15', 8),
(8, 8, '2024-08-12', '2024-08-20', 9),
(9, 9, '2024-09-18', '2024-09-25', 10),
(10, 10, '2024-10-05', '2024-10-12', 2),
(11, 11, '2024-11-15', '2024-11-22', 3),
(12, 12, '2024-12-01', '2024-12-10', 4),
(13, 13, '2025-01-15', '2025-01-20', 5),
(14, 14, '2025-02-01', '2025-02-10', 6),
(15, 15, '2025-03-10', '2025-03-15', 7),
(16, 16, '2025-04-05', '2025-04-12', 8),
(17, 17, '2025-05-20', '2025-05-25', 9),
(18, 18, '2025-06-02', '2025-06-10', 10),
(19, 19, '2025-07-08', '2025-07-15', 2),
(20, 20, '2025-08-12', '2025-08-20', 3),
(36, 36, '2025-09-18', '2025-09-25', 21),
(37, 37, '2025-10-05', '2025-10-12', 22),
(38, 38, '2025-11-15', '2025-11-22', 23),
(39, 39, '2025-12-01', '2025-12-10', 24),
(40, 40, '2026-01-15', '2026-01-20', 25),
(41, 41, '2026-02-01', '2026-02-10', 26),
(42, 42, '2026-03-10', '2026-03-15', 27),
(43, 43, '2026-04-05', '2026-04-12', 28),
(44, 44, '2026-05-20', '2026-05-25', 29),
(45, 45, '2026-06-02', '2026-06-10', 30),
(46, 46, '2026-07-08', '2026-07-15', 21),
(47, 47, '2026-08-12', '2026-08-20', 22),
(48, 48, '2026-09-18', '2026-09-25', 23),
(49, 49, '2026-10-05', '2026-10-12', 24),
(50, 50, '2026-11-15', '2026-11-22', 25),
(51, 51, '2026-12-01', '2026-12-10', 26),
(52, 52, '2027-01-15', '2027-01-20', 27),
(53, 53, '2027-02-01', '2027-02-10', 28),
(54, 54, '2027-03-10', '2027-03-15', 29),
(55, 55, '2027-04-05', '2027-04-12', 30),
(56, 56, '2027-05-20', '2027-05-25', 21),
(57, 57, '2027-06-02', '2027-06-10', 22),
(58, 58, '2027-07-08', '2027-07-15', 23),
(59, 59, '2027-08-12', '2027-08-20', 24),
(60, 60, '2027-09-18', '2027-09-25', 25),
(61, 61, '2027-10-05', '2027-10-12', 26),
(62, 62, '2027-11-15', '2027-11-22', 27),
(63, 63, '2027-12-01', '2027-12-10', 28),
(64, 64, '2028-01-15', '2028-01-20', 29),
(65, 65, '2028-02-01', '2028-02-10', 30),
(66, 66, '2028-03-10', '2028-03-15', 21),
(67, 67, '2028-04-05', '2028-04-12', 22),
(68, 68, '2028-05-20', '2028-05-25', 23),
(69, 69, '2028-06-02', '2028-06-10', 24),
(70, 70, '2028-07-08', '2028-07-15', 25);

-- --------------------------------------------------------

--
-- Estructura de tabla para la tabla `equipo`
--

CREATE TABLE `equipo` (
  `id_usuario` int(11) NOT NULL,
  `id_CA` int(11) DEFAULT NULL,
  `Nombre` varchar(50) DEFAULT NULL,
  `Fecha_creacion` date DEFAULT NULL,
  `Escudo` varchar(250) DEFAULT NULL
) ENGINE=InnoDB DEFAULT CHARSET=utf8mb4 COLLATE=utf8mb4_general_ci;

--
-- Volcado de datos para la tabla `equipo`
--

INSERT INTO `equipo` (`id_usuario`, `id_CA`, `Nombre`, `Fecha_creacion`, `Escudo`) VALUES
(2, 153, 'Real Madrid', '2023-02-01', 'escudo_real_madrid.jpg'),
(3, 150, 'FC Barcelona', '2023-03-01', 'escudo_barcelona.jpg'),
(4, 153, 'Atlético de Madrid', '2023-04-01', 'escudo_atletico_madrid.jpg'),
(5, 158, 'Valencia CF', '2023-05-01', 'escudo_valencia.jpg'),
(6, 158, 'Sevilla FC', '2023-06-01', 'escudo_sevilla.jpg'),
(7, 158, 'Real Betis', '2023-07-01', 'escudo_real_betis.jpg'),
(8, 158, 'Villarreal CF', '2023-08-01', 'escudo_villarreal.jpg'),
(9, 158, 'Athletic Club', '2023-09-01', 'escudo_athletic_club.jpg'),
(10, 158, 'Real Sociedad', '2023-10-01', 'escudo_real_sociedad.jpg'),
(21, 150, 'Espanyol', '2023-01-21', 'escudo_espanyol.jpg'),
(22, 153, 'Getafe CF', '2023-02-22', 'escudo_getafe.jpg'),
(23, 153, 'Celta de Vigo', '2023-03-23', 'escudo_celta_vigo.jpg'),
(24, 151, 'Deportivo Alavés', '2023-04-24', 'escudo_alaves.jpg'),
(25, 152, 'Levante UD', '2023-05-25', 'escudo_levante.jpg'),
(26, 156, 'Granada CF', '2023-06-26', 'escudo_granada.jpg'),
(27, 143, 'SD Eibar', '2023-07-27', 'escudo_eibar.jpg'),
(28, 144, 'Real Valladolid', '2023-08-28', 'escudo_valladolid.jpg'),
(29, 145, 'Huesca', '2023-09-29', 'escudo_huesca.jpg'),
(30, 146, 'Elche CF', '2023-10-30', 'escudo_elche.jpg'),
(31, 147, 'Mallorca', '2023-11-01', 'escudo_mallorca.jpg'),
(32, 148, 'Osasuna', '2023-12-02', 'escudo_osasuna.jpg'),
(33, 149, 'Rayo Vallecano', '2024-01-03', 'escudo_rayo_vallecano.jpg'),
(34, 149, 'Cadiz CF', '2024-02-04', 'escudo_cadiz.jpg'),
(35, 2, 'Malaga CF', '2023-02-01', 'escudo_malaga.jpg'),
(36, 2, 'Almeria', '2023-03-01', 'escudo_almeria.jpg'),
(37, 2, 'Sporting Gijon', '2023-04-01', 'escudo_sporting_gijon.jpg'),
(38, 2, 'Real Oviedo', '2023-05-01', 'escudo_real_oviedo.jpg'),
(39, 2, 'Ponferradina', '2023-06-01', 'escudo_ponferradina.jpg'),
(40, 2, 'Fuenlabrada', '2023-07-01', 'escudo_fuenlabrada.jpg'),
(41, 2, 'Girona FC', '2023-08-01', 'escudo_girona.jpg'),
(42, 2, 'Lugo', '2023-09-01', 'escudo_lugo.jpg'),
(43, 2, 'Las Palmas', '2023-10-01', 'escudo_las_palmas.jpg'),
(44, 2, 'Alcorcon', '2023-01-21', 'escudo_alcorcon.jpg'),
(45, 2, 'Tenerife', '2023-02-22', 'escudo_tenerife.jpg'),
(46, 2, 'Mirandes', '2023-03-23', 'escudo_mirandes.jpg'),
(47, 2, 'Albacete', '2023-04-24', 'escudo_albacete.jpg'),
(48, 2, 'Castellon', '2023-05-25', 'escudo_castellon.jpg'),
(49, 2, 'UD Logrones', '2023-06-26', 'escudo_ud_logrones.jpg'),
(50, 2, 'Real Zaragoza', '2023-07-27', 'escudo_real_zaragoza.jpg'),
(51, 2, 'CD Leganes', '2023-08-28', 'escudo_cd_leganes.jpg'),
(52, 2, 'Malorca B', '2023-09-29', 'escudo_mallorca_b.jpg'),
(53, 2, 'Eibar B', '2023-10-30', 'escudo_eibar_b.jpg'),
(54, 2, 'Real Sociedad B', '2023-11-01', 'escudo_real_sociedad_b.jpg'),
(55, 2, 'Barcelona B', '2023-12-02', 'escudo_barcelona_b.jpg'),
(56, 2, 'Sevilla Atletico', '2024-01-03', 'escudo_sevilla_atletico.jpg'),
(57, 2, 'Villarreal B', '2024-02-04', 'escudo_villarreal_b.jpg'),
(58, 3, 'Cultural Leonesa', '2023-02-01', 'escudo_cultural_leonesa.jpg'),
(59, 3, 'Recreativo de Huelva', '2023-03-01', 'escudo_recreativo_huelva.jpg'),
(60, 3, 'Cartagena FC', '2023-04-01', 'escudo_cartagena.jpg'),
(61, 3, 'Cornellà', '2023-05-01', 'escudo_cornella.jpg'),
(62, 3, 'Badajoz', '2023-06-01', 'escudo_badajoz.jpg'),
(63, 3, 'UD Ibiza', '2023-07-01', 'escudo_ud_ibiza.jpg'),
(64, 3, 'Cordoba CF', '2023-08-01', 'escudo_cordoba.jpg'),
(65, 3, 'Hércules CF', '2023-09-01', 'escudo_hercules.jpg'),
(66, 3, 'Real Murcia', '2023-10-01', 'escudo_real_murcia.jpg'),
(67, 3, 'San Sebastian Reyes', '2023-01-21', 'escudo_san_sebastian_reyes.jpg'),
(68, 3, 'Real Balompédica Linense', '2023-02-22', 'escudo_balompédica_linense.jpg'),
(69, 3, 'Melilla', '2023-03-23', 'escudo_melilla.jpg'),
(70, 3, 'Marbella FC', '2023-04-24', 'escudo_marbella.jpg'),
(71, 3, 'UD Logroñés', '2023-05-25', 'escudo_ud_logrones_b.jpg'),
(72, 3, 'Racing Ferrol', '2023-06-26', 'escudo_racing_ferrol.jpg'),
(73, 3, 'Burgos CF', '2023-07-27', 'escudo_burgos.jpg'),
(74, 3, 'SD Logrones', '2023-08-28', 'escudo_sd_logrones.jpg'),
(75, 3, 'Unionistas de Salamanca', '2023-09-29', 'escudo_unionistas.jpg'),
(76, 3, 'Atlético Baleares', '2023-10-30', 'escudo_atletico_baleares.jpg'),
(77, 3, 'Hércules CF', '2023-11-01', 'escudo_hercules_b.jpg'),
(78, 3, 'FC Andorra', '2023-12-02', 'escudo_fc_andorra.jpg'),
(79, 3, 'Izarra', '2024-01-03', 'escudo_izarra.jpg'),
(80, 3, 'CP Villarrobledo', '2024-02-04', 'escudo_cp_villarrobledo.jpg'),
(81, 4, 'Manchester City', '2023-02-01', 'escudo_manchester_city.jpg'),
(82, 4, 'Liverpool FC', '2023-03-01', 'escudo_liverpool.jpg'),
(83, 4, 'Chelsea FC', '2023-04-01', 'escudo_chelsea.jpg'),
(84, 4, 'Manchester United', '2023-05-01', 'escudo_manchester_united.jpg'),
(85, 4, 'Leicester City', '2023-06-01', 'escudo_leicester_city.jpg'),
(86, 4, 'West Ham United', '2023-07-01', 'escudo_west_ham_united.jpg'),
(87, 4, 'Tottenham Hotspur', '2023-08-01', 'escudo_tottenham_hotspur.jpg'),
(88, 4, 'Arsenal FC', '2023-09-01', 'escudo_arsenal.jpg'),
(89, 4, 'Everton FC', '2023-10-01', 'escudo_everton.jpg'),
(90, 4, 'Leeds United', '2023-01-21', 'escudo_leeds_united.jpg'),
(91, 4, 'Wolverhampton Wanderers', '2023-02-22', 'escudo_wolves.jpg'),
(92, 4, 'Aston Villa', '2023-03-23', 'escudo_aston_villa.jpg'),
(93, 4, 'Newcastle United', '2023-04-24', 'escudo_newcastle_united.jpg'),
(94, 4, 'Crystal Palace', '2023-05-25', 'escudo_crystal_palace.jpg'),
(95, 4, 'Southampton FC', '2023-06-26', 'escudo_southampton.jpg'),
(96, 4, 'Brighton & Hove Albion', '2023-07-27', 'escudo_brighton.jpg'),
(97, 4, 'Burnley FC', '2023-08-28', 'escudo_burnley.jpg'),
(98, 4, 'Fulham FC', '2023-09-29', 'escudo_fulham.jpg'),
(99, 4, 'West Bromwich Albion', '2023-10-30', 'escudo_west_bromwich.jpg'),
(100, 4, 'Sheffield United', '2023-11-01', 'escudo_sheffield_united.jpg'),
(101, 4, 'Norwich City', '2023-12-02', 'escudo_norwich_city.jpg'),
(102, 4, 'Watford FC', '2024-01-03', 'escudo_watford.jpg'),
(103, 4, 'Brentford FC', '2024-02-04', 'escudo_brentford.jpg'),
(104, 5, 'Bournemouth', '2023-02-01', 'escudo_bournemouth.jpg'),
(105, 5, 'Fulham', '2023-03-01', 'escudo_fulham_championship.jpg'),
(106, 5, 'Huddersfield Town', '2023-04-01', 'escudo_huddersfield.jpg'),
(107, 5, 'Blackburn Rovers', '2023-05-01', 'escudo_blackburn_rovers.jpg'),
(108, 5, 'Reading FC', '2023-06-01', 'escudo_reading.jpg'),
(109, 5, 'Stoke City', '2023-07-01', 'escudo_stoke_city.jpg'),
(110, 5, 'Swansea City', '2023-08-01', 'escudo_swansea.jpg'),
(111, 5, 'Preston North End', '2023-09-01', 'escudo_preston_north_end.jpg'),
(112, 5, 'Queens Park Rangers', '2023-10-01', 'escudo_qpr.jpg'),
(113, 5, 'Millwall FC', '2023-01-21', 'escudo_millwall.jpg'),
(114, 5, 'Derby County', '2023-02-22', 'escudo_derby_county.jpg'),
(115, 5, 'Coventry City', '2023-03-23', 'escudo_coventry_city.jpg'),
(116, 5, 'Nottingham Forest', '2023-04-24', 'escudo_nottingham_forest.jpg'),
(117, 5, 'Barnsley FC', '2023-05-25', 'escudo_barnsley.jpg'),
(118, 5, 'Luton Town', '2023-06-26', 'escudo_luton_town.jpg'),
(119, 5, 'Middlesbrough FC', '2023-07-27', 'escudo_middlesbrough.jpg'),
(120, 5, 'Bristol City', '2023-08-28', 'escudo_bristol_city.jpg'),
(121, 5, 'Sheffield Wednesday', '2023-09-29', 'escudo_sheffield_wednesday.jpg'),
(122, 5, 'Birmingham City', '2023-10-30', 'escudo_birmingham_city.jpg'),
(123, 5, 'Rotherham United', '2023-11-01', 'escudo_rotherham_united.jpg'),
(124, 5, 'Wycombe Wanderers', '2023-12-02', 'escudo_wycombe_wanderers.jpg'),
(125, 5, 'Cardiff City', '2024-01-03', 'escudo_cardiff_city.jpg'),
(126, 5, 'Hull City', '2024-02-04', 'escudo_hull_city.jpg'),
(127, 6, 'Sunderland AFC', '2023-02-01', 'escudo_sunderland.jpg'),
(128, 6, 'Hull City', '2023-03-01', 'escudo_hull_city_league_one.jpg'),
(129, 6, 'Ipswich Town', '2023-04-01', 'escudo_ipswich_town.jpg'),
(130, 6, 'Portsmouth FC', '2023-05-01', 'escudo_portsmouth.jpg'),
(131, 6, 'Doncaster Rovers', '2023-06-01', 'escudo_doncaster_rovers.jpg'),
(132, 6, 'Accrington Stanley', '2023-07-01', 'escudo_accrington_stanley.jpg'),
(133, 6, 'Lincoln City', '2023-08-01', 'escudo_lincoln_city.jpg'),
(134, 6, 'Sunderland AFC', '2023-09-01', 'escudo_sunderland.jpg'),
(135, 6, 'Oxford United', '2023-10-01', 'escudo_oxford_united.jpg'),
(136, 6, 'Fleetwood Town', '2023-01-21', 'escudo_fleetwood_town.jpg'),
(137, 6, 'Wigan Athletic', '2023-02-22', 'escudo_wigan_athletic.jpg'),
(138, 6, 'Shrewsbury Town', '2023-03-23', 'escudo_shrewsbury_town.jpg'),
(139, 6, 'AFC Wimbledon', '2023-04-24', 'escudo_afc_wimbledon.jpg'),
(140, 6, 'Milton Keynes Dons', '2023-05-25', 'escudo_mk_dons.jpg'),
(141, 6, 'Rochdale AFC', '2023-06-26', 'escudo_rochdale_afc.jpg'),
(142, 6, 'Burton Albion', '2023-07-27', 'escudo_burton_albion.jpg'),
(143, 6, 'Plymouth Argyle', '2023-08-28', 'escudo_plymouth_argyle.jpg'),
(144, 6, 'Gillingham FC', '2023-09-29', 'escudo_gillingham.jpg'),
(145, 6, 'Bristol Rovers', '2023-10-30', 'escudo_bristol_rovers.jpg'),
(146, 6, 'Crewe Alexandra', '2023-11-01', 'escudo_crewe_alexandra.jpg'),
(147, 6, 'Swindon Town', '2023-12-02', 'escudo_swindon_town.jpg'),
(148, 6, 'Shrewsbury Town', '2024-01-03', 'escudo_shrewsbury_town.jpg'),
(149, 6, 'Accrington Stanley', '2024-02-04', 'escudo_accrington_stanley.jpg'),
(150, 7, 'Bayern Munich', '2023-02-01', 'escudo_bayern_munich.jpg'),
(151, 7, 'Borussia Dortmund', '2023-03-01', 'escudo_borussia_dortmund.jpg'),
(152, 7, 'RB Leipzig', '2023-04-01', 'escudo_rb_leipzig.jpg'),
(153, 7, 'Bayer Leverkusen', '2023-05-01', 'escudo_bayer_leverkusen.jpg'),
(154, 7, 'Borussia Mönchengladbach', '2023-06-01', 'escudo_borussia_monchengladbach.jpg'),
(155, 7, 'VfL Wolfsburg', '2023-07-01', 'escudo_wolfsburg.jpg'),
(156, 7, 'Eintracht Frankfurt', '2023-08-01', 'escudo_eintracht_frankfurt.jpg'),
(157, 7, 'Hertha BSC', '2023-09-01', 'escudo_hertha_bsc.jpg'),
(158, 7, 'FC Schalke 04', '2023-10-01', 'escudo_schalke_04.jpg'),
(159, 7, '1. FC Union Berlin', '2023-01-21', 'escudo_union_berlin.jpg'),
(160, 7, 'SC Freiburg', '2023-02-22', 'escudo_sc_freiburg.jpg'),
(161, 7, '1. FC Köln', '2023-03-23', 'escudo_cologne.jpg'),
(162, 7, 'FC Augsburg', '2023-04-24', 'escudo_augsburg.jpg'),
(163, 7, 'Mainz 05', '2023-05-25', 'escudo_mainz_05.jpg'),
(164, 7, 'Arminia Bielefeld', '2023-06-26', 'escudo_arminia_bielefeld.jpg'),
(165, 7, 'VfB Stuttgart', '2023-07-27', 'escudo_vfb_stuttgart.jpg'),
(166, 7, '1. FSV Mainz 05', '2023-08-28', 'escudo_fsv_mainz_05.jpg'),
(167, 7, 'Greuther Fürth', '2023-09-29', 'escudo_greuther_furth.jpg'),
(168, 7, 'Bochum', '2023-10-30', 'escudo_bochum.jpg'),
(169, 7, 'Eintracht Braunschweig', '2023-11-01', 'escudo_braunschweig.jpg'),
(170, 7, 'Hannover 96', '2023-12-02', 'escudo_hannover_96.jpg'),
(171, 7, 'Dynamo Dresden', '2024-01-03', 'escudo_dynamo_dresden.jpg'),
(172, 7, 'Holstein Kiel', '2024-02-04', 'escudo_holstein_kiel.jpg'),
(173, 8, 'Hamburger SV', '2023-02-01', 'escudo_hamburger_sv.jpg'),
(174, 8, '1. FC Nürnberg', '2023-03-01', 'escudo_nurnberg.jpg'),
(175, 8, 'VfL Bochum', '2023-04-01', 'escudo_bochum_2_bundesliga.jpg'),
(176, 8, 'Fortuna Düsseldorf', '2023-05-01', 'escudo_fortuna_dusseldorf.jpg'),
(177, 8, 'Karlsruher SC', '2023-06-01', 'escudo_karlsruher_sc.jpg'),
(178, 8, 'Erzgebirge Aue', '2023-07-01', 'escudo_erzgebirge_aue.jpg'),
(179, 8, 'Jahn Regensburg', '2023-08-01', 'escudo_jahn_regensburg.jpg'),
(180, 8, 'Darmstadt 98', '2023-09-01', 'escudo_darmstadt_98.jpg'),
(181, 8, 'SC Paderborn 07', '2023-10-01', 'escudo_paderborn_07.jpg'),
(182, 8, 'Hannover 96', '2023-01-21', 'escudo_hannover_96_2_bundesliga.jpg'),
(183, 8, 'FC St. Pauli', '2023-02-22', 'escudo_fc_st_pauli.jpg'),
(184, 8, 'Greuther Fürth', '2023-03-23', 'escudo_greuther_furth_2_bundesliga.jpg'),
(185, 8, 'Holstein Kiel', '2023-04-24', 'escudo_holstein_kiel_2_bundesliga.jpg'),
(186, 8, 'SV Sandhausen', '2023-05-25', 'escudo_sv_sandhausen.jpg'),
(187, 8, 'Hansa Rostock', '2023-06-26', 'escudo_hansa_rostock.jpg'),
(188, 8, 'Dynamo Dresden', '2023-07-27', 'escudo_dynamo_dresden_2_bundesliga.jpg'),
(189, 8, 'FC Ingolstadt 04', '2023-08-28', 'escudo_ingolstadt_04.jpg'),
(190, 8, 'SV Darmstadt 98', '2023-09-29', 'escudo_sv_darmstadt_98_2_bundesliga.jpg'),
(191, 8, 'Karlsruher SC', '2023-10-30', 'escudo_karlsruher_sc_2_bundesliga.jpg'),
(192, 8, 'VfL Osnabrück', '2023-11-01', 'escudo_vfl_osnabruck.jpg'),
(193, 8, 'Eintracht Braunschweig', '2023-12-02', 'escudo_eintracht_braunschweig_2_bundesliga.jpg'),
(194, 8, '1. FC Heidenheim', '2024-01-03', 'escudo_heidenheim.jpg'),
(195, 8, '1. FC Kaiserslautern', '2024-02-04', 'escudo_kaiserslautern.jpg'),
(196, 9, 'MSV Duisburg', '2023-02-01', 'escudo_msv_duisburg.jpg'),
(197, 9, 'Türkgücü München', '2023-03-01', 'escudo_turkgucu_munchen.jpg'),
(198, 9, 'Dynamo Dresden', '2023-04-01', 'escudo_dynamo_dresden_3_liga.jpg'),
(199, 9, 'Hansa Rostock', '2023-05-01', 'escudo_hansa_rostock_3_liga.jpg'),
(200, 9, '1. FC Magdeburg', '2023-06-01', 'escudo_magdeburg.jpg'),
(201, 9, 'KFC Uerdingen 05', '2023-07-01', 'escudo_kfc_uerdingen_05.jpg'),
(202, 9, 'FC Viktoria Köln', '2023-08-01', 'escudo_fc_viktoria_koln.jpg'),
(203, 9, '1. FC Saarbrücken', '2023-09-01', 'escudo_saarbrucken.jpg'),
(204, 9, 'FC Ingolstadt 04', '2023-10-01', 'escudo_ingolstadt_04_3_liga.jpg'),
(205, 9, 'Hallescher FC', '2023-01-21', 'escudo_hallescher_fc.jpg'),
(206, 9, 'SV Meppen', '2023-02-22', 'escudo_sv_meppen.jpg'),
(207, 9, 'SC Verl', '2023-03-23', 'escudo_sc_verl.jpg'),
(208, 9, 'SpVgg Unterhaching', '2023-04-24', 'escudo_spvgg_unterhaching.jpg'),
(209, 9, 'SV Wehen Wiesbaden', '2023-05-25', 'escudo_sv_wehen_wiesbaden.jpg'),
(210, 9, 'FC Hansa Rostock', '2023-06-26', 'escudo_fc_hansa_rostock_3_liga.jpg'),
(211, 9, 'VfB Lübeck', '2023-07-27', 'escudo_vfb_lubeck.jpg'),
(212, 9, 'FSV Zwickau', '2023-08-28', 'escudo_fsv_zwickau.jpg'),
(213, 9, 'SC Türkgücü München', '2023-09-29', 'escudo_sc_turkgucu_munchen.jpg'),
(214, 9, 'FC Bayern Munich II', '2023-10-30', 'escudo_bayern_munich_ii.jpg'),
(215, 9, 'VfB Stuttgart II', '2023-11-01', 'escudo_vfb_stuttgart_ii.jpg'),
(216, 9, 'TSV 1860 Munich', '2023-12-02', 'escudo_tsv_1860_munich.jpg'),
(217, 9, 'KFC Uerdingen 05', '2024-01-03', 'escudo_kfc_uerdingen_05_3_liga.jpg'),
(218, 9, 'FC Viktoria Köln', '2024-02-04', 'escudo_fc_viktoria_koln_3_liga.jpg'),
(219, 10, 'Paris Saint-Germain', '2023-02-01', 'escudo_psg.jpg'),
(220, 10, 'Olympique de Marseille', '2023-03-01', 'escudo_olympique_marseille.jpg'),
(221, 10, 'Lille OSC', '2023-04-01', 'escudo_lille_osc.jpg'),
(222, 10, 'AS Monaco', '2023-05-01', 'escudo_as_monaco.jpg'),
(223, 10, 'Olympique Lyonnais', '2023-06-01', 'escudo_olympique_lyonnais.jpg'),
(224, 10, 'Stade Rennais FC', '2023-07-01', 'escudo_stade_rennais.jpg'),
(225, 10, 'AS Saint-Étienne', '2023-08-01', 'escudo_as_saint_etienne.jpg'),
(226, 10, 'Girondins de Bordeaux', '2023-09-01', 'escudo_girondins_bordeaux.jpg'),
(227, 10, 'LOSC Lille', '2023-10-01', 'escudo_losc_lille.jpg'),
(228, 10, 'Montpellier HSC', '2023-01-21', 'escudo_montpellier_hsc.jpg'),
(229, 10, 'OGC Nice', '2023-02-22', 'escudo_ogc_nice.jpg'),
(230, 10, 'RC Strasbourg Alsace', '2023-03-23', 'escudo_rc_strasbourg_alsace.jpg'),
(231, 10, 'Angers SCO', '2023-04-24', 'escudo_angers_sco.jpg'),
(232, 10, 'Stade Brestois 29', '2023-05-25', 'escudo_stade_brestois.jpg'),
(233, 10, 'FC Metz', '2023-06-26', 'escudo_fc_metz.jpg'),
(234, 10, 'FC Nantes', '2023-07-27', 'escudo_fc_nantes.jpg'),
(235, 10, 'Stade Reims', '2023-08-28', 'escudo_stade_reims.jpg'),
(236, 10, 'Nîmes Olympique', '2023-09-29', 'escudo_nimes_olympique.jpg'),
(237, 10, 'FC Lorient', '2023-10-30', 'escudo_fc_lorient.jpg'),
(238, 10, 'AS Nancy-Lorraine', '2023-11-01', 'escudo_as_nancy_lorraine.jpg'),
(239, 10, 'Dijon FCO', '2023-12-02', 'escudo_dijon_fco.jpg'),
(240, 10, 'Troyes AC', '2024-01-03', 'escudo_troyes_ac.jpg'),
(241, 10, 'Clermont Foot', '2024-02-04', 'escudo_clermont_foot.jpg'),
(242, 11, 'AJ Auxerre', '2023-02-01', 'escudo_aj_auxerre.jpg'),
(243, 11, 'RC Lens', '2023-03-01', 'escudo_rc_lens.jpg'),
(244, 11, 'FC Sochaux-Montbéliard', '2023-04-01', 'escudo_fc_sochaux_montbeliard.jpg'),
(245, 11, 'Toulouse FC', '2023-05-01', 'escudo_toulouse_fc.jpg'),
(246, 11, 'Grenoble Foot 38', '2023-06-01', 'escudo_grenoble_foot.jpg'),
(247, 11, 'Amiens SC', '2023-07-01', 'escudo_amiens_sc.jpg'),
(248, 11, 'Clermont Foot', '2023-08-01', 'escudo_clermont_foot_2.jpg'),
(249, 11, 'AS Nancy-Lorraine', '2023-09-01', 'escudo_as_nancy_lorraine_2.jpg'),
(250, 11, 'Dijon FCO', '2023-10-01', 'escudo_dijon_fco_2.jpg'),
(251, 11, 'Chamois Niortais FC', '2023-01-21', 'escudo_chamois_niortais_fc.jpg'),
(252, 11, 'Valenciennes FC', '2023-02-22', 'escudo_valenciennes_fc.jpg'),
(253, 11, 'US Orléans', '2023-03-23', 'escudo_us_orleans.jpg'),
(254, 11, 'Le Havre AC', '2023-04-24', 'escudo_le_havre_ac.jpg'),
(255, 11, 'EA Guingamp', '2023-05-25', 'escudo_ea_guingamp.jpg'),
(256, 11, 'AJ Ajaccio', '2023-06-26', 'escudo_aj_ajaccio.jpg'),
(257, 11, 'Rodez AF', '2023-07-27', 'escudo_rodez_af.jpg'),
(258, 11, 'Paris FC', '2023-08-28', 'escudo_paris_fc.jpg'),
(259, 11, 'US Quevilly-Rouen', '2023-09-29', 'escudo_us_quevilly_rouen.jpg'),
(260, 11, 'Châteauroux', '2023-10-30', 'escudo_chateauroux.jpg'),
(261, 11, 'USL Dunkerque', '2023-11-01', 'escudo_usl_dunkerque.jpg'),
(262, 11, 'Pau FC', '2023-12-02', 'escudo_pau_fc.jpg'),
(263, 11, 'AC Ajaccio', '2024-01-03', 'escudo_ac_ajaccio.jpg'),
(264, 11, 'Niortais FC', '2024-02-04', 'escudo_niortais_fc.jpg'),
(265, 12, 'Red Star FC', '2023-02-01', 'escudo_red_star_fc.jpg'),
(266, 12, 'US Boulogne', '2023-03-01', 'escudo_us_boulogne.jpg'),
(267, 12, 'Quevilly-Rouen', '2023-04-01', 'escudo_quevilly_rouen.jpg'),
(268, 12, 'SO Cholet', '2023-05-01', 'escudo_so_cholet.jpg'),
(269, 12, 'SC Lyon', '2023-06-01', 'escudo_sc_lyon.jpg'),
(270, 12, 'Stade Lavallois', '2023-07-01', 'escudo_stade_lavallois.jpg'),
(271, 12, 'US Avranches', '2023-08-01', 'escudo_us_avranches.jpg'),
(272, 12, 'Gazélec Ajaccio', '2023-09-01', 'escudo_gazelec_ajaccio.jpg'),
(273, 12, 'Le Mans FC', '2023-10-01', 'escudo_le_mans_fc.jpg'),
(274, 12, 'US Créteil-Lusitanos', '2023-01-21', 'escudo_us_creteil_lusitanos.jpg'),
(275, 12, 'Bastia-Borgo', '2023-02-22', 'escudo_bastia_borgo.jpg'),
(276, 12, 'FC Annecy', '2023-03-23', 'escudo_fc_annecy.jpg'),
(277, 12, 'US Concarneau', '2023-04-24', 'escudo_us_concarneau.jpg'),
(278, 12, 'Bourg-en-Bresse Péronnas', '2023-05-25', 'escudo_bourg_en_bresse_peronnas.jpg'),
(279, 12, 'SC Toulon', '2023-06-26', 'escudo_sc_toulon.jpg'),
(280, 12, 'AS Béziers', '2023-07-27', 'escudo_as_beziers.jpg'),
(281, 12, 'AS Lyon-Duchère', '2023-08-28', 'escudo_as_lyon_duchere.jpg'),
(282, 12, 'FC Villefranche', '2023-09-29', 'escudo_fc_villefranche.jpg'),
(283, 12, 'US Saint-Malo', '2023-10-30', 'escudo_us_saint_malo.jpg'),
(284, 12, 'SC Schiltigheim', '2023-11-01', 'escudo_sc_schiltigheim.jpg'),
(285, 12, 'Olympique Alès', '2023-12-02', 'escudo_olympique_ales.jpg'),
(286, 12, 'AS Fabrègues', '2024-01-03', 'escudo_as_fabregues.jpg'),
(287, 12, 'AS Beauvais', '2024-02-04', 'escudo_as_beauvais.jpg'),
(288, 13, 'FC Porto', '2023-02-01', 'escudo_fc_porto.jpg'),
(289, 13, 'SL Benfica', '2023-03-01', 'escudo_sl_benfica.jpg'),
(290, 13, 'Sporting CP', '2023-04-01', 'escudo_sporting_cp.jpg'),
(291, 13, 'SC Braga', '2023-05-01', 'escudo_sc_braga.jpg'),
(292, 13, 'Vitória SC', '2023-06-01', 'escudo_vitoria_sc.jpg'),
(293, 13, 'FC Paços de Ferreira', '2023-07-01', 'escudo_fc_pacos_de_ferreira.jpg'),
(294, 13, 'Santa Clara', '2023-08-01', 'escudo_santa_clara.jpg'),
(295, 13, 'Moreirense FC', '2023-09-01', 'escudo_moreirense_fc.jpg'),
(296, 13, 'Boavista FC', '2023-10-01', 'escudo_boavista_fc.jpg'),
(297, 13, 'Gil Vicente FC', '2023-01-21', 'escudo_gil_vicente_fc.jpg'),
(298, 13, 'Marítimo', '2023-02-22', 'escudo_maritimo.jpg'),
(299, 13, 'Portimonense SC', '2023-03-23', 'escudo_portimonense_sc.jpg'),
(300, 13, 'CD Tondela', '2023-04-24', 'escudo_cd_tondela.jpg'),
(301, 13, 'Belenenses SAD', '2023-05-25', 'escudo_belenenses_sad.jpg'),
(302, 13, 'FC Famalicão', '2023-06-26', 'escudo_fc_famalicao.jpg'),
(303, 13, 'Rio Ave FC', '2023-07-27', 'escudo_rio_ave_fc.jpg'),
(304, 13, 'CS Marítimo', '2023-08-28', 'escudo_cs_maritimo.jpg'),
(305, 13, 'CD Nacional', '2023-09-29', 'escudo_cd_nacional.jpg'),
(306, 13, 'Portimonense SC', '2023-10-30', 'escudo_portimonense_sc_2.jpg'),
(307, 13, 'Vitória FC', '2023-11-01', 'escudo_vitoria_fc.jpg'),
(308, 13, 'FC Arouca', '2023-12-02', 'escudo_fc_arouca.jpg'),
(309, 13, 'Estoril Praia', '2024-01-03', 'escudo_estoril_praia.jpg'),
(310, 13, 'Boavista FC', '2024-02-04', 'escudo_boavista_fc_2.jpg'),
(311, 14, 'FC Penafiel', '2023-02-01', 'escudo_fc_penafiel.jpg'),
(312, 14, 'Académico de Viseu FC', '2023-03-01', 'escudo_academico_viseu_fc.jpg'),
(313, 14, 'CD Feirense', '2023-04-01', 'escudo_cd_feirense.jpg'),
(314, 14, 'UD Oliveirense', '2023-05-01', 'escudo_ud_oliveirense.jpg'),
(315, 14, 'Varzim SC', '2023-06-01', 'escudo_varzim_sc.jpg'),
(316, 14, 'Leixões SC', '2023-07-01', 'escudo_leixoes_sc.jpg'),
(317, 14, 'Vilafranquense', '2023-08-01', 'escudo_vilafranquense.jpg'),
(318, 14, 'SC Covilhã', '2023-09-01', 'escudo_sc_covilha.jpg'),
(319, 14, 'Casa Pia AC', '2023-10-01', 'escudo_casa_pia_ac.jpg'),
(320, 14, 'UD Vilafranquense', '2023-01-21', 'escudo_ud_vilafranquense.jpg'),
(321, 14, 'GD Estoril Praia', '2023-02-22', 'escudo_gd_estoril_praia.jpg'),
(322, 14, 'FC Porto B', '2023-03-23', 'escudo_fc_porto_b.jpg'),
(323, 14, 'Benfica B', '2023-04-24', 'escudo_benfica_b.jpg'),
(324, 14, 'Sporting CP B', '2023-05-25', 'escudo_sporting_cp_b.jpg'),
(325, 14, 'Vitória SC B', '2023-06-26', 'escudo_vitoria_sc_b.jpg'),
(326, 14, 'FC Paços de Ferreira B', '2023-07-27', 'escudo_fc_pacos_de_ferreira_b.jpg'),
(327, 14, 'UD Oliveirense B', '2023-08-28', 'escudo_ud_oliveirense_b.jpg'),
(328, 14, 'Varzim SC B', '2023-09-29', 'escudo_varzim_sc_b.jpg'),
(329, 14, 'Leixões SC B', '2023-10-30', 'escudo_leixoes_sc_b.jpg'),
(330, 14, 'Vizela', '2023-11-01', 'escudo_vizela.jpg'),
(331, 14, 'CD Cova da Piedade', '2023-12-02', 'escudo_cd_cova_da_piedade.jpg'),
(332, 14, 'Académica de Coimbra', '2024-01-03', 'escudo_academica_de_coimbra.jpg'),
(333, 14, 'Feirense', '2024-02-04', 'escudo_feirense.jpg'),
(334, 15, 'Vitória Setúbal B', '2023-02-01', 'escudo_vitoria_setubal_b.jpg'),
(335, 15, 'SC Farense B', '2023-03-01', 'escudo_sc_farense_b.jpg'),
(336, 15, 'Portimonense SC B', '2023-04-01', 'escudo_portimonense_sc_b_2.jpg'),
(337, 15, 'Lusitano VRSA', '2023-05-01', 'escudo_lusitano_vrsa.jpg'),
(338, 15, 'Olhanense', '2023-06-01', 'escudo_olhanense.jpg'),
(339, 15, 'Louletano DC', '2023-07-01', 'escudo_louletano_dc.jpg'),
(340, 15, 'Armacenenses', '2023-08-01', 'escudo_armacenenses.jpg'),
(341, 15, 'Casa Pia AC B', '2023-09-01', 'escudo_casa_pia_ac_b.jpg'),
(342, 15, 'Oriental', '2023-10-01', 'escudo_oriental.jpg'),
(343, 15, 'Sintrense', '2023-01-21', 'escudo_sintrense.jpg'),
(344, 15, 'Loures', '2023-02-22', 'escudo_loures.jpg'),
(345, 15, 'Real SC', '2023-03-23', 'escudo_real_sc.jpg'),
(346, 15, '1º de Dezembro', '2023-04-24', 'escudo_1_dezembro.jpg'),
(347, 15, 'Lourinhanense', '2023-05-25', 'escudo_lourinhanense.jpg'),
(348, 15, 'Torreense', '2023-06-26', 'escudo_torreense.jpg'),
(349, 15, 'Sacavenense', '2023-07-27', 'escudo_sacavenense.jpg'),
(350, 15, 'Sintrense B', '2023-08-28', 'escudo_sintrense_b.jpg'),
(351, 15, 'Oriental B', '2023-09-29', 'escudo_oriental_b.jpg'),
(352, 15, 'Caldas SC', '2023-10-30', 'escudo_caldas_sc.jpg'),
(353, 15, 'Peniche', '2023-11-01', 'escudo_peniche.jpg'),
(354, 15, 'Sacavenense B', '2023-12-02', 'escudo_sacavenense_b_2.jpg'),
(355, 15, 'Real SC B', '2024-01-03', 'escudo_real_sc_b.jpg'),
(356, 15, 'Vilafranquense B', '2024-02-04', 'escudo_vilafranquense_b.jpg');

-- --------------------------------------------------------

--
-- Estructura de tabla para la tabla `estadio`
--

CREATE TABLE `estadio` (
  `ID_estadio` int(11) NOT NULL,
  `Nombre` varchar(50) DEFAULT NULL,
  `latitud` decimal(9,6) DEFAULT NULL,
  `longitud` decimal(9,6) DEFAULT NULL,
  `capacidad` int(11) DEFAULT NULL,
  `id_usuario` int(11) DEFAULT NULL
) ENGINE=InnoDB DEFAULT CHARSET=utf8mb4 COLLATE=utf8mb4_general_ci;

--
-- Volcado de datos para la tabla `estadio`
--

INSERT INTO `estadio` (`ID_estadio`, `Nombre`, `latitud`, `longitud`, `capacidad`, `id_usuario`) VALUES
(1, 'Santiago Bernabéu', 40.453100, -3.688300, 81044, 2),
(2, 'Camp Nou', 41.380900, 2.122800, 99354, 3),
(3, 'Wanda Metropolitano', 40.436200, -3.599100, 67829, 4),
(4, 'Mestalla', 39.474500, -0.358300, 55000, 5),
(5, 'Ramón Sánchez-Pizjuán', 37.391000, -5.982000, 43822, 6),
(6, 'Benito Villamarín', 37.358100, -5.982800, 60805, 7),
(7, 'Estadio de la Cerámica', 39.934800, -0.103500, 23954, 8),
(8, 'San Mamés', 43.264000, -2.949100, 53289, 9),
(9, 'Reale Arena', 43.311700, -1.970400, 39500, 10),
(10, 'RCDE Stadium', 41.348000, 2.075000, 40500, 21),
(11, 'Coliseum Alfonso Pérez', 40.307900, -3.716300, 17393, 22),
(12, 'Abanca-Balaídos', 42.213700, -8.727000, 29000, 23),
(13, 'Estadio de Mendizorroza', 42.840600, -2.675700, 19953, 24),
(14, 'Ciutat de València', 39.779400, -0.083800, 25354, 25),
(15, 'Nuevo Los Cármenes', 37.164200, -3.608900, 19474, 26),
(16, 'Ipurua', 43.184000, -2.475000, 7650, 27),
(17, 'José Zorrilla', 41.682600, -4.743400, 26512, 28),
(18, 'El Alcoraz', 42.136000, -0.409500, 7638, 29),
(19, 'Martínez Valero', 38.274500, -0.706600, 38971, 30),
(20, 'Estadio de Son Moix', 39.572100, 2.640000, 23142, 31),
(21, 'Estadio El Sadar', 42.796600, -1.637200, 23929, 32),
(22, 'Estadio de Vallecas', 40.391700, -3.658200, 14532, 33),
(23, 'Estadio Ramón de Carranza', 36.529500, -6.294100, 25000, 34),
(24, 'Estadio La Rosaleda', 36.714400, -4.420000, 30044, 35),
(25, 'Estadio de los Juegos Mediterráneos', 36.853900, -2.360600, 15000, 36),
(26, 'Estadio El Molinón', 43.362400, -5.862100, 30000, 37),
(27, 'Estadio Carlos Tartiere', 43.364600, -5.854400, 30000, 38),
(28, 'Estadio El Toralín', 42.603900, -6.604200, 8600, 39),
(29, 'Estadio Fernando Torres', 40.286100, -3.795800, 15000, 40),
(30, 'Estadi Montilivi', 41.961400, 2.818300, 13467, 41),
(31, 'Estadio Anxo Carro', 43.035800, -7.573900, 8000, 42),
(32, 'Estadio Gran Canaria', 28.112600, -15.422300, 32520, 43),
(33, 'Estadio Santo Domingo', 40.510700, -3.446100, 8000, 44),
(34, 'Estadio Heliodoro Rodríguez López', 28.452500, -16.290700, 22250, 45),
(35, 'Estadio Municipal de Anduva', 42.106400, -3.233700, 5836, 46),
(36, 'Estadio Carlos Belmonte', 39.989400, -1.855900, 17361, 47),
(37, 'Estadio de la Cerámica B', 39.934800, -0.103500, 23954, 48),
(38, 'Estadio Reino de León', 42.599200, -5.576200, 13704, 49),
(39, 'Estadio Nuevo Colombino', 37.261000, -6.958000, 21000, 50),
(40, 'Estadio Municipal Cartagonova', 37.618100, -0.989300, 15104, 51),
(41, 'Estadi Municipal de Cornellà-El Prat', 41.359300, 2.063800, 40500, 52),
(42, 'Estadio Nuevo Vivero', 38.879000, -6.985800, 11000, 53),
(43, 'Estadio Can Misses', 38.908100, 1.417300, 6546, 54),
(44, 'Estadi Johan Cruyff', 41.354700, 2.106300, 6000, 55),
(45, 'Estadio Jesús Navas', 37.386500, -5.979300, 7000, 56),
(46, 'Ciutat Esportiva Miralcamp', 40.623600, -0.566300, 6500, 57),
(47, 'Estadio Reino de León', 42.599200, -5.576200, 13704, 58),
(48, 'Estadio Nuevo Colombino', 37.261000, -6.958000, 21000, 59),
(49, 'Estadio Municipal Cartagonova', 37.618100, -0.989300, 15104, 60),
(50, 'Estadi Municipal de Cornellà-El Prat', 41.359300, 2.063800, 40500, 61),
(51, 'Estadio Nuevo Vivero', 38.879000, -6.985800, 11000, 62),
(52, 'Estadio Can Misses', 38.908100, 1.417300, 6546, 63),
(53, 'Estadio Nuevo Arcángel', 37.888100, -4.776500, 21500, 64),
(54, 'Estadio José Rico Pérez', 38.350900, -0.491500, 29564, 65),
(55, 'Estadio Nueva Condomina', 37.991200, -1.137900, 31400, 66),
(56, 'Estadio Municipal de la Matapiñonera', 40.548700, -3.614400, 3500, 67),
(57, 'Estadio Municipal de La Línea', 36.163600, -5.355400, 15000, 68),
(58, 'Estadio Álvarez Claro', 35.281900, -2.947500, 12000, 69),
(59, 'Estadio Municipal de Marbella', 36.517900, -4.885800, 7700, 70),
(60, 'Estadio Las Gaunas', 42.458300, -2.460800, 11782, 71),
(61, 'Estadio A Malata', 43.541900, -8.405600, 12104, 72),
(62, 'Estadio Municipal El Plantío', 42.342600, -3.675600, 12500, 73),
(63, 'Estadio Las Gaunas', 42.458300, -2.460800, 11782, 74),
(64, 'Estadio Municipal Las Pistas', 40.957500, -5.668800, 3000, 75),
(65, 'Estadio Balear', 39.561900, 2.660600, 10000, 76),
(66, 'Estadio José Rico Pérez', 38.350900, -0.491500, 29564, 77),
(67, 'Estadi Prada de Moles', 42.508300, 1.540300, 1011, 78),
(68, 'Estadio Municipal de Merkatondoa', 42.665000, -2.031900, 3100, 79),
(69, 'Estadio Municipal Nuestra Señora de la Caridad', 38.964400, -2.345800, 12000, 80),
(70, 'Etihad Stadium', 53.483100, -2.200400, 53097, 81),
(71, 'Anfield', 53.430800, -2.960800, 53394, 82),
(72, 'Stamford Bridge', 51.481700, -0.191000, 40834, 83),
(73, 'Old Trafford', 53.463100, -2.291300, 74879, 84),
(74, 'King Power Stadium', 52.620500, -1.142900, 32312, 85),
(75, 'London Stadium', 51.538700, 0.016600, 60000, 86),
(76, 'Tottenham Hotspur Stadium', 51.604300, -0.066000, 62868, 87),
(77, 'Emirates Stadium', 51.555000, -0.108400, 60260, 88),
(78, 'Goodison Park', 53.438800, -2.966300, 39958, 89),
(79, 'Elland Road', 53.777600, -1.572300, 37916, 90),
(80, 'Molineux Stadium', 52.590000, -2.130000, 32050, 91),
(81, 'Villa Park', 52.509100, -1.884200, 42788, 92),
(82, 'St James Park', 54.975500, -1.617400, 52305, 93),
(83, 'Selhurst Park', 51.398300, -0.086500, 25486, 94),
(84, 'St Marys Stadium', 50.905000, -1.391400, 32384, 95),
(85, 'Amex Stadium', 50.860900, -0.083400, 30750, 96),
(86, 'Turf Moor', 53.789000, -2.230500, 21944, 97),
(87, 'Craven Cottage', 51.474700, -0.221600, 18935, 98),
(88, 'The Hawthorns', 52.509100, -1.963400, 26309, 99),
(89, 'Bramall Lane', 53.370200, -1.470300, 32702, 100),
(90, 'Carrow Road', 52.622600, 1.309700, 27244, 101),
(91, 'Vicarage Road', 51.649800, -0.401500, 22200, 102),
(92, 'Brentford Community Stadium', 51.488100, -0.287300, 17250, 103),
(93, 'Estadio Municipal de El Arcángel', 37.895600, -4.779400, 21765, 104),
(94, 'Estadio José Zorrilla', 41.682600, -4.743400, 26512, 105),
(95, 'La Romareda', 41.652000, -0.879400, 34596, 106),
(96, 'La Rosaleda', 36.714400, -4.420000, 30044, 107),
(97, 'Estadio de Vallecas', 40.391700, -3.658200, 14532, 108),
(98, 'Liberty Stadium', 51.642400, -3.934600, 21088, 109),
(99, 'Deepdale', 53.772800, -2.688700, 23404, 110),
(100, 'Loftus Road', 51.509300, -0.232200, 18439, 111),
(101, 'The Den', 51.485900, -0.050900, 20146, 112),
(102, 'Pride Park', 52.914900, -1.447300, 33597, 113),
(103, 'St Andrews', 52.475800, -1.868200, 29250, 114),
(104, 'Riverside Stadium', 54.578500, -1.214600, 34000, 115),
(105, 'Ashton Gate Stadium', 51.444400, -2.622000, 27359, 116),
(106, 'DW Stadium', 53.547100, -2.653600, 25133, 137),
(107, 'Montgomery Waters Meadow', 52.666000, -2.738000, 9875, 138),
(108, 'Plough Lane', 51.421100, -0.184600, 9517, 139),
(109, 'Stadium MK', 52.009000, -0.733000, 30500, 140),
(110, 'Crown Oil Arena', 53.614600, -2.155600, 10332, 141),
(111, 'Pirelli Stadium', 52.883200, -1.572300, 6912, 142),
(112, 'Home Park', 50.388300, -4.153600, 17544, 143),
(113, 'Priestfield Stadium', 51.384600, 0.558200, 11582, 144),
(114, 'Memorial Stadium', 51.486700, -2.580000, 12200, 145),
(115, 'Gresty Road', 53.087500, -2.435900, 10153, 146),
(116, 'County Ground', 51.568200, -1.772400, 15528, 147),
(117, 'New Meadow', 52.673100, -2.867600, 9875, 148),
(118, 'Crown Ground', 53.762200, -2.473300, 5415, 149),
(119, 'Allianz Arena', 48.218800, 11.624000, 75000, 150),
(120, 'Signal Iduna Park', 51.492600, 7.451600, 81359, 151),
(121, 'Red Bull Arena', 51.344000, 12.317100, 42959, 152),
(122, 'BayArena', 51.038500, 7.002300, 30210, 153),
(123, 'Borussia-Park', 51.174800, 6.356400, 54567, 154),
(124, 'Volkswagen Arena', 52.437300, 10.786400, 30000, 155),
(125, 'Commerzbank-Arena', 50.068500, 8.645400, 51500, 156),
(126, 'Olympiastadion', 52.514400, 13.239400, 74244, 157),
(127, 'Veltins-Arena', 51.554900, 7.067800, 62271, 158),
(128, 'Stadion An der Alten Försterei', 52.453300, 13.591200, 22000, 159),
(129, 'Schwarzwald-Stadion', 48.777600, 9.181000, 24000, 160),
(130, 'RheinEnergieStadion', 50.933500, 6.875400, 50076, 161),
(131, 'WWK Arena', 48.365000, 10.886300, 30760, 162),
(132, 'Opel Arena', 50.043100, 8.241300, 34467, 163),
(133, 'SchücoArena', 52.032400, 8.532400, 27782, 164),
(134, 'Mercedes-Benz Arena', 48.792400, 9.232300, 60441, 165),
(135, 'Opel Arena', 50.043100, 8.241300, 34467, 166),
(136, 'Sportpark Ronhof Thomas Sommer', 49.474400, 11.017800, 20000, 167),
(137, 'Ruhrstadion', 51.477500, 7.222400, 27307, 168),
(138, 'Eintracht-Stadion', 52.268100, 10.523500, 23500, 169),
(139, 'HDI-Arena', 52.388400, 9.718600, 49067, 170),
(140, 'Dynamo-Stadion', 51.047400, 13.734200, 32066, 171),
(141, 'Holstein-Stadion', 54.039700, 10.813900, 15000, 172),
(142, 'Volksparkstadion', 53.580600, 9.888600, 57000, 173),
(143, 'Max-Morlock-Stadion', 49.425200, 11.128400, 50000, 174),
(144, 'Vonovia Ruhrstadion', 51.489400, 7.222900, 31365, 175),
(145, 'Mercedes-Benz Arena', 48.792400, 9.232300, 60441, 176),
(146, 'Wildparkstadion', 49.023800, 8.409400, 29098, 177),
(147, 'Jahnstadion Regensburg', 49.026900, 12.068800, 15128, 178),
(148, 'Merck-Stadion am Böllenfalltor', 49.872300, 8.647200, 17248, 179),
(149, 'HDI-Arena', 52.388400, 9.718600, 49067, 180),
(150, 'Millerntor-Stadion', 53.551800, 9.967300, 29167, 181),
(151, 'Sportpark Ronhof Thomas Sommer', 49.474400, 11.017800, 20000, 182),
(152, 'Sportpark Ronhof Thomas Sommer', 49.474400, 11.017800, 20000, 183),
(153, 'BWT-Stadion am Hardtwald', 49.396900, 8.694600, 25000, 184),
(154, 'DDV-Stadion', 51.028500, 13.733300, 32066, 185),
(155, 'Stadion an der Bremer Brücke', 52.280500, 8.060000, 16100, 186),
(156, 'Stadion an der Lohmühle', 53.880600, 10.687500, 2331, 187),
(157, 'Rudolf-Harbig-Stadion', 51.035300, 13.732500, 32500, 188),
(158, 'Estádio do CD Vilafranquense', 38.932500, -9.065400, 2040, 320),
(159, 'Estádio António Coimbra da Mota', 38.693400, -9.328600, 8015, 321),
(160, 'Estádio Dr. Jorge Sampaio', 41.255300, -8.212600, 5000, 322),
(161, 'Caixa Futebol Campus', 38.672100, -9.155600, 2675, 323),
(162, 'CGD Stadium Aurélio Pereira', 38.667900, -9.158000, 2675, 324),
(163, 'Estádio Dom Afonso Henriques B', 41.441600, -8.292100, 30507, 325),
(164, 'Estádio Capital do Móvel', 41.203200, -8.360900, 15108, 326),
(165, 'Estádio Carlos Osório B', 40.641400, -8.655100, 12832, 327),
(166, 'Estádio do Varzim SC B', 41.375700, -8.754700, 10000, 328),
(167, 'Estádio do Mar', 41.150300, -8.669600, 50445, 329),
(168, 'Estádio do FC Vizela', 41.380800, -8.306700, 6000, 330),
(169, 'Estádio Municipal José Martins Vieira', 38.654400, -9.160200, 3157, 331),
(170, 'Estádio EFAPEL Cidade de Coimbra', 40.218600, -8.441000, 2900, 332),
(171, 'Estádio Marcolino de Castro', 40.988700, -8.623300, 9571, 333),
(172, 'Estádio do Vitória FC B', 38.521500, -8.884300, 18000, 334),
(173, 'Estádio do SC Farense B', 37.016200, -7.935000, 5500, 335),
(174, 'Estádio do Portimonense SC B', 37.136000, -8.539100, 9500, 336),
(175, 'Estádio do Lusitano VRSA', 37.189100, -7.416400, 1100, 337),
(176, 'Estádio José Arcanjo', 37.025600, -7.934400, 5500, 338),
(177, 'Estádio do Louletano DC', 37.136300, -8.029200, 3500, 339),
(178, 'Estádio da Nora', 37.031700, -7.846200, 3000, 340),
(179, 'Estádio Pina Manique', 38.744000, -9.136200, 5475, 341),
(180, 'Estádio Engenheiro Carlos Salema', 38.752000, -9.178000, 4000, 342),
(181, 'Estádio Algarve', 37.077800, -7.975000, 30000, 343),
(182, 'Estádio da Associação Naval 1º de Maio', 39.749700, -8.883300, 16000, 344),
(183, 'Campo da Mata', 37.105900, -7.653500, 8000, 345),
(184, 'Estádio 1º de Dezembro', 38.936000, -9.184500, 1500, 346),
(185, 'Campo Major Baptista', 39.228300, -9.286200, 8000, 347),
(186, 'Estádio José Arcanjo', 37.025600, -7.934400, 5500, 348),
(187, 'Estádio da Tapadinha', 38.718100, -9.165600, 12000, 349),
(188, 'Estádio do Oriental', 38.736200, -9.119200, 15000, 350),
(189, 'Estádio José Gomes', 38.806900, -9.162900, 6700, 351),
(190, 'Campo Estrela', 38.806900, -9.162900, 6700, 352),
(191, 'Estádio Municipal de Peniche', 39.359000, -9.378600, 1500, 353),
(192, 'Campo da Mata', 37.105900, -7.653500, 8000, 354),
(193, 'Estádio do Real SC B', 38.772900, -9.312100, 16000, 355),
(194, 'Estádio do CD Vilafranquense B', 38.932500, -9.065400, 2040, 356);

-- --------------------------------------------------------

--
-- Estructura de tabla para la tabla `estadisticas`
--

CREATE TABLE `estadisticas` (
  `ID_Estadistica` int(11) NOT NULL,
  `Estadistica` varchar(50) DEFAULT NULL
) ENGINE=InnoDB DEFAULT CHARSET=utf8mb4 COLLATE=utf8mb4_general_ci;

-- --------------------------------------------------------

--
-- Estructura de tabla para la tabla `falta`
--

CREATE TABLE `falta` (
  `Suceso` int(11) NOT NULL,
  `infractor` int(11) DEFAULT NULL
) ENGINE=InnoDB DEFAULT CHARSET=utf8mb4 COLLATE=utf8mb4_general_ci;

-- --------------------------------------------------------

--
-- Estructura de tabla para la tabla `fuera_juego`
--

CREATE TABLE `fuera_juego` (
  `Suceso` int(11) NOT NULL,
  `infractor` int(11) DEFAULT NULL
) ENGINE=InnoDB DEFAULT CHARSET=utf8mb4 COLLATE=utf8mb4_general_ci;

-- --------------------------------------------------------

--
-- Estructura de tabla para la tabla `gol`
--

CREATE TABLE `gol` (
  `Suceso` int(11) NOT NULL,
  `Goleador` int(11) DEFAULT NULL
) ENGINE=InnoDB DEFAULT CHARSET=utf8mb4 COLLATE=utf8mb4_general_ci;

-- --------------------------------------------------------

--
-- Estructura de tabla para la tabla `jornada`
--

CREATE TABLE `jornada` (
  `ID_jornada` int(11) NOT NULL,
  `Jornada` varchar(150) DEFAULT NULL
) ENGINE=InnoDB DEFAULT CHARSET=utf8mb4 COLLATE=utf8mb4_general_ci;

--
-- Volcado de datos para la tabla `jornada`
--

INSERT INTO `jornada` (`ID_jornada`, `Jornada`) VALUES
(1, 'Jornada 1'),
(2, 'Jornada 2'),
(3, 'Jornada 3'),
(4, 'Jornada 4'),
(5, 'Jornada 5'),
(6, 'Jornada 6'),
(7, 'Jornada 7'),
(8, 'Jornada 8'),
(9, 'Jornada 9'),
(10, 'Jornada 10'),
(11, 'Jornada 11'),
(12, 'Jornada 12'),
(13, 'Jornada 13'),
(14, 'Jornada 14'),
(15, 'Jornada 15'),
(16, 'Jornada 16'),
(17, 'Jornada 17'),
(18, 'Jornada 18'),
(19, 'Jornada 19'),
(20, 'Jornada 20'),
(21, 'Jornada 21'),
(22, 'Jornada 22'),
(23, 'Jornada 23'),
(24, 'Jornada 24'),
(25, 'Jornada 25'),
(26, 'Jornada 26'),
(27, 'Jornada 27'),
(28, 'Jornada 28'),
(29, 'Jornada 29'),
(30, 'Jornada 30'),
(31, 'Jornada 31'),
(32, 'Jornada 32'),
(33, 'Jornada 33'),
(34, 'Jornada 34'),
(35, 'Jornada 35'),
(36, 'Jornada 36'),
(37, 'Jornada 37'),
(38, 'Jornada 38'),
(39, 'Jornada 39'),
(40, 'Jornada 40'),
(41, 'Jornada 41'),
(42, 'Jornada 42'),
(43, 'Jornada 43'),
(44, 'Jornada 44'),
(45, 'Jornada 45'),
(46, 'Jornada 46'),
(47, 'Dieciseisavos de Final'),
(48, 'Octavos de Final'),
(49, 'Semi Final'),
(50, 'Final');

-- --------------------------------------------------------

--
-- Estructura de tabla para la tabla `jugador`
--

CREATE TABLE `jugador` (
  `ID_jugador` int(11) NOT NULL,
  `ID_CA` int(11) DEFAULT NULL,
  `Foto` varchar(150) DEFAULT NULL,
  `Nombre` varchar(50) DEFAULT NULL,
  `Apellido` varchar(50) DEFAULT NULL,
  `Dorsal` int(11) DEFAULT NULL,
  `Equipo` int(11) DEFAULT NULL,
  `DNI` varchar(50) DEFAULT NULL,
  `Correo` varchar(150) DEFAULT NULL,
  `Telefono` varchar(150) DEFAULT NULL,
  `Fecha_nac` date DEFAULT NULL
) ENGINE=InnoDB DEFAULT CHARSET=utf8mb4 COLLATE=utf8mb4_general_ci;

--
-- Volcado de datos para la tabla `jugador`
--

INSERT INTO `jugador` (`ID_jugador`, `ID_CA`, `Foto`, `Nombre`, `Apellido`, `Dorsal`, `Equipo`, `DNI`, `Correo`, `Telefono`, `Fecha_nac`) VALUES
(1, 1, 'luis_foto.jpg', 'Luis', 'Martínez', 5, 2, '123456789A', 'luis@email.com', '123-456-7890', '1990-02-18'),
(2, 2, 'ana_foto.jpg', 'Ana', 'González', 3, 2, '987654321B', 'ana@email.com', '987-654-3210', '1985-07-10'),
(3, 3, 'carlos_foto.jpg', 'Carlos', 'Hernández', 5, 2, '567890123C', 'carlos@email.com', '456-789-0123', '1992-04-25'),
(4, 1, 'maria_foto.jpg', 'María', 'López', 3, 2, '345678901D', 'maria@email.com', '789-012-3456', '1988-11-30'),
(5, 2, 'javier_foto.jpg', 'Javier', 'Ruiz', 2, 2, '012345678E', 'javier@email.com', '234-567-8901', '1995-09-15'),
(6, 3, 'elena_foto.jpg', 'Elena', 'Sánchez', 9, 2, '678901234F', 'elena@email.com', '567-890-1234', '1993-06-22'),
(7, 1, 'miguel_foto.jpg', 'Miguel', 'Pérez', 6, 2, '234567890G', 'miguel@email.com', '890-123-4567', '1987-03-05'),
(8, 2, 'sara_foto.jpg', 'Sara', 'Díaz', 8, 2, '890123456H', 'sara@email.com', '123-456-7890', '1991-08-12'),
(9, 3, 'raul_foto.jpg', 'Raúl', 'Fernández', 9, 2, '456789012I', 'raul@email.com', '234-567-8901', '1989-01-20'),
(10, 1, 'laura_foto.jpg', 'Laura', 'Torres', 9, 2, '567890123J', 'laura@email.com', '345-678-9012', '1994-12-03'),
(11, 2, 'pedro_foto.jpg', 'Pedro', 'Ramírez', 9, 2, '678901234K', 'pedro@email.com', '456-789-0123', '1986-07-28'),
(12, 3, 'carmen_foto.jpg', 'Carmen', 'Jiménez', 9, 2, '789012345L', 'carmen@email.com', '567-890-1234', '1996-02-14'),
(13, 1, 'francisco_foto.jpg', 'Francisco', 'Ortega', 9, 2, '901234567M', 'francisco@email.com', '678-901-2345', '1990-10-09'),
(14, 2, 'isabel_foto.jpg', 'Isabel', 'Molina', 2, 2, '123456789N', 'isabel@email.com', '789-012-3456', '1988-05-18'),
(15, 3, 'antonio_foto.jpg', 'Antonio', 'Giménez', 2, 2, '234567890O', 'antonio@email.com', '890-123-4567', '1993-04-02'),
(16, 1, 'beatriz_foto.jpg', 'Beatriz', 'Navarro', 2, NULL, '345678901P', 'beatriz@email.com', '901-234-5678', '1987-11-15'),
(17, 2, 'david_foto.jpg', 'David', 'Castro', 3, NULL, '456789012Q', 'david@email.com', '123-456-7890', '1995-06-20'),
(18, 3, 'patricia_foto.jpg', 'Patricia', 'Vega', 3, NULL, '567890123R', 'patricia@email.com', '234-567-8901', '1992-03-25'),
(19, 1, 'roberto_foto.jpg', 'Roberto', 'Sanz', 3, NULL, '678901234S', 'roberto@email.com', '345-678-9012', '1989-08-08'),
(20, 2, 'natalia_foto.jpg', 'Natalia', 'Moreno', 4, NULL, '789012345T', 'natalia@email.com', '456-789-0123', '1991-01-12'),
(21, 1, 'fernando_foto.jpg', 'Fernando', 'Martínez', 31, NULL, '890123456U', 'fernando@email.com', '567-890-1234', '1992-08-17'),
(22, 2, 'alicia_foto.jpg', 'Alicia', 'García', 2, NULL, '901234567V', 'alicia@email.com', '678-901-2345', '1986-04-10'),
(23, 3, 'hugo_foto.jpg', 'Hugo', 'López', 3, NULL, '012345678W', 'hugo@email.com', '789-012-3456', '1994-01-25'),
(24, 1, 'laura_foto.jpg', 'Laura', 'González', 4, NULL, '123456789X', 'laura@email.com', '890-123-4567', '1988-07-08'),
(25, 2, 'daniel_foto.jpg', 'Daniel', 'Fernández', 5, NULL, '234567890Y', 'daniel@email.com', '901-234-5678', '1995-03-12'),
(26, 3, 'cristina_foto.jpg', 'Cristina', 'Hernández', 6, NULL, '345678901Z', 'cristina@email.com', '123-456-7890', '1993-09-22'),
(27, 1, 'pablo_foto.jpg', 'Pablo', 'Ruiz', 7, NULL, '456789012AA', 'pablo@email.com', '234-567-8901', '1987-05-05'),
(28, 2, 'lucia_foto.jpg', 'Lucía', 'Díaz', 8, NULL, '567890123AB', 'lucia@email.com', '345-678-9012', '1991-10-12'),
(29, 3, 'angel_foto.jpg', 'Ángel', 'Sánchez', 9, NULL, '678901234AC', 'angel@email.com', '456-789-0123', '1989-02-20'),
(30, 1, 'nerea_foto.jpg', 'Nerea', 'Martínez', 21, NULL, '789012345AD', 'nerea@email.com', '567-890-1234', '1994-12-03'),
(31, 2, 'adrian_foto.jpg', 'Adrián', 'Gómez', 21, NULL, '890123456AE', 'adrian@email.com', '678-901-2345', '1986-07-28'),
(32, 3, 'eva_foto.jpg', 'Eva', 'López', 22, NULL, '901234567AF', 'eva@email.com', '789-012-3456', '1996-02-14'),
(33, 1, 'alberto_foto.jpg', 'Alberto', 'Sanz', 23, NULL, '012345678AG', 'alberto@email.com', '890-123-4567', '1990-10-09'),
(34, 2, 'natalia_foto.jpg', 'Natalia', 'Giménez', 24, NULL, '123456789AH', 'natalia@email.com', '901-234-5678', '1988-05-18'),
(35, 3, 'javier_foto.jpg', 'Javier', 'Moreno', 25, NULL, '234567890AI', 'javier@email.com', '123-456-7890', '1993-04-02'),
(36, 1, 'sara_foto.jpg', 'Sara', 'Navarro', 26, NULL, '345678901AJ', 'sara@email.com', '234-567-8901', '1987-11-15'),
(37, 2, 'david_foto.jpg', 'David', 'Castro', 27, NULL, '456789012AK', 'david@email.com', '345-678-9012', '1995-06-20'),
(38, 3, 'patricia_foto.jpg', 'Patricia', 'Vega', 28, NULL, '567890123AL', 'patricia@email.com', '456-789-0123', '1992-03-25'),
(39, 1, 'roberto_foto.jpg', 'Roberto', 'Sanz', 29, NULL, '678901234AM', 'roberto@email.com', '567-890-1234', '1989-08-08'),
(40, 2, 'natalia_foto.jpg', 'Natalia', 'Moreno', 23, NULL, '789012345AN', 'natalia@email.com', '678-901-2345', '1991-01-12'),
(41, 3, 'fernando_foto.jpg', 'Fernando', 'García', 31, NULL, '890123456AO', 'fernando@email.com', '789-012-3456', '1992-08-17'),
(42, 1, 'alicia_foto.jpg', 'Alicia', 'López', 2, NULL, '901234567AP', 'alicia@email.com', '890-123-4567', '1986-04-10'),
(43, 2, 'hugo_foto.jpg', 'Hugo', 'Martínez', 3, NULL, '012345678AQ', 'hugo@email.com', '901-234-5678', '1994-01-25'),
(44, 3, 'laura_foto.jpg', 'Laura', 'González', 4, NULL, '123456789AR', 'laura@email.com', '123-456-7890', '1988-07-08'),
(45, 1, 'daniel_foto.jpg', 'Daniel', 'Fernández', 5, NULL, '234567890AS', 'daniel@email.com', '234-567-8901', '1995-03-12'),
(46, 2, 'cristina_foto.jpg', 'Cristina', 'Hernández', 6, NULL, '345678901AT', 'cristina@email.com', '345-678-9012', '1993-09-22'),
(47, 3, 'pablo_foto.jpg', 'Pablo', 'Ruiz', 7, NULL, '456789012AU', 'pablo@email.com', '456-789-0123', '1987-05-05'),
(48, 1, 'lucia_foto.jpg', 'Lucía', 'Díaz', 8, NULL, '567890123AV', 'lucia@email.com', '567-890-1234', '1991-10-12'),
(49, 2, 'angel_foto.jpg', 'Ángel', 'Sánchez', 9, NULL, '678901234AW', 'angel@email.com', '678-901-2345', '1989-02-20'),
(50, 3, 'nerea_foto.jpg', 'Nerea', 'Martínez', 21, NULL, '789012345AX', 'nerea@email.com', '789-012-3456', '1994-12-03'),
(51, 1, 'gabriel_foto.jpg', 'Gabriel', 'Hernández', 21, NULL, '890123456AY', 'gabriel@email.com', '567-890-1234', '1992-08-17'),
(52, 2, 'eva_foto.jpg', 'Eva', 'Martínez', 22, NULL, '901234567AZ', 'eva@email.com', '678-901-2345', '1986-04-10'),
(53, 3, 'alejandro_foto.jpg', 'Alejandro', 'López', 23, NULL, '012345678BA', 'alejandro@email.com', '789-012-3456', '1994-01-25'),
(54, 1, 'silvia_foto.jpg', 'Silvia', 'González', 24, NULL, '123456789BB', 'silvia@email.com', '890-123-4567', '1988-07-08'),
(55, 2, 'hector_foto.jpg', 'Héctor', 'Fernández', 25, NULL, '234567890BC', 'hector@email.com', '901-234-5678', '1995-03-12'),
(56, 3, 'celia_foto.jpg', 'Celia', 'Hernández', 26, NULL, '345678901BD', 'celia@email.com', '123-456-7890', '1993-09-22'),
(57, 1, 'marcos_foto.jpg', 'Marcos', 'Ruiz', 27, NULL, '456789012BE', 'marcos@email.com', '234-567-8901', '1987-05-05'),
(58, 2, 'isabel_foto.jpg', 'Isabel', 'Díaz', 28, NULL, '567890123BF', 'isabel@email.com', '345-678-9012', '1991-10-12'),
(59, 3, 'bruno_foto.jpg', 'Bruno', 'Sánchez', 29, NULL, '678901234BG', 'bruno@email.com', '456-789-0123', '1989-02-20'),
(60, 1, 'aurora_foto.jpg', 'Aurora', 'Martínez', 23, NULL, '789012345BH', 'aurora@email.com', '567-890-1234', '1994-12-03'),
(61, 2, 'iker_foto.jpg', 'Iker', 'Gómez', 31, NULL, '890123456BI', 'iker@email.com', '678-901-2345', '1986-07-28'),
(62, 3, 'lorena_foto.jpg', 'Lorena', 'López', 2, NULL, '901234567BJ', 'lorena@email.com', '789-012-3456', '1996-02-14'),
(63, 1, 'sergio_foto.jpg', 'Sergio', 'Sanz', 3, NULL, '012345678BK', 'sergio@email.com', '890-123-4567', '1990-10-09'),
(64, 2, 'irene_foto.jpg', 'Irene', 'Giménez', 4, NULL, '123456789BL', 'irene@email.com', '901-234-5678', '1988-05-18'),
(65, 3, 'diego_foto.jpg', 'Diego', 'Moreno', 5, NULL, '234567890BM', 'diego@email.com', '123-456-7890', '1993-04-02'),
(66, 1, 'paula_foto.jpg', 'Paula', 'Navarro', 6, NULL, '345678901BN', 'paula@email.com', '234-567-8901', '1987-11-15'),
(67, 2, 'mateo_foto.jpg', 'Mateo', 'Castro', 7, NULL, '456789012BO', 'mateo@email.com', '345-678-9012', '1995-06-20'),
(68, 3, 'nerea_foto.jpg', 'Nerea', 'Vega', 8, NULL, '567890123BP', 'nerea@email.com', '456-789-0123', '1992-03-25'),
(69, 1, 'adrian_foto.jpg', 'Adrián', 'Sanz', 9, NULL, '678901234BQ', 'adrian@email.com', '567-890-1234', '1989-08-08'),
(70, 2, 'lucia_foto.jpg', 'Lucía', 'Moreno', 21, NULL, '789012345BR', 'lucia@email.com', '678-901-2345', '1991-01-12'),
(71, 3, 'eduardo_foto.jpg', 'Eduardo', 'García', 21, NULL, '890123456BS', 'eduardo@email.com', '789-012-3456', '1992-08-17'),
(72, 1, 'natalia_foto.jpg', 'Natalia', 'López', 22, NULL, '901234567BT', 'natalia@email.com', '890-123-4567', '1986-04-10'),
(73, 2, 'javier_foto.jpg', 'Javier', 'Martínez', 23, NULL, '012345678BU', 'javier@email.com', '901-234-5678', '1994-01-25'),
(74, 3, 'lucia_foto.jpg', 'Lucía', 'González', 24, NULL, '123456789BV', 'lucia@email.com', '123-456-7890', '1988-07-08'),
(75, 1, 'daniel_foto.jpg', 'Daniel', 'Fernández', 25, NULL, '234567890BW', 'daniel@email.com', '234-567-8901', '1995-03-12'),
(76, 2, 'cristina_foto.jpg', 'Cristina', 'Hernández', 26, NULL, '345678901BX', 'cristina@email.com', '345-678-9012', '1993-09-22'),
(77, 3, 'pablo_foto.jpg', 'Pablo', 'Ruiz', 27, NULL, '456789012BY', 'pablo@email.com', '456-789-0123', '1987-05-05'),
(78, 1, 'lucia_foto.jpg', 'Lucía', 'Díaz', 28, NULL, '567890123BZ', 'lucia@email.com', '567-890-1234', '1991-10-12'),
(79, 2, 'angel_foto.jpg', 'Ángel', 'Sánchez', 29, NULL, '678901234CA', 'angel@email.com', '678-901-2345', '1989-02-20'),
(80, 3, 'nerea_foto.jpg', 'Nerea', 'Martínez', 23, NULL, '789012345CB', 'nerea@email.com', '789-012-3456', '1994-12-03'),
(81, 2, 'carlos_foto.jpg', 'Carlos', 'Sanz', 22, NULL, '123456789CC', 'carlos@email.com', '234-567-8901', '1991-06-18'),
(82, 3, 'cristina_foto.jpg', 'Cristina', 'Vega', 25, NULL, '234567890CD', 'cristina@email.com', '345-678-9012', '1989-03-23'),
(83, 1, 'roberto_foto.jpg', 'Roberto', 'Sanz', 26, NULL, '345678901CE', 'roberto@email.com', '456-789-0123', '1987-10-08'),
(84, 2, 'sara_foto.jpg', 'Sara', 'Díaz', 27, NULL, '456789012CF', 'sara@email.com', '567-890-1234', '1992-01-12'),
(85, 3, 'david_foto.jpg', 'David', 'Castro', 28, NULL, '567890123CG', 'david@email.com', '678-901-2345', '1988-08-25'),
(86, 1, 'patricia_foto.jpg', 'Patricia', 'Vega', 29, NULL, '678901234CH', 'patricia@email.com', '789-012-3456', '1995-05-30'),
(87, 2, 'jose_foto.jpg', 'José', 'Sanz', 23, NULL, '789012345CI', 'jose@email.com', '890-123-4567', '1993-12-14'),
(88, 3, 'isabel_foto.jpg', 'Isabel', 'Gómez', 31, NULL, '890123456CJ', 'isabel@email.com', '901-234-5678', '1986-09-27'),
(89, 1, 'adrian_foto.jpg', 'Adrián', 'Martínez', 2, NULL, '901234567CK', 'adrian@email.com', '123-456-7890', '1990-04-03'),
(90, 2, 'eva_foto.jpg', 'Eva', 'Sánchez', 3, NULL, '012345678CL', 'eva@email.com', '234-567-8901', '1987-01-18'),
(91, 3, 'marcos_foto.jpg', 'Marcos', 'Ruiz', 4, NULL, '123456789CM', 'marcos@email.com', '345-678-9012', '1994-08-22'),
(92, 1, 'ana_foto.jpg', 'Ana', 'González', 5, NULL, '234567890CN', 'ana@email.com', '456-789-0123', '1989-03-05'),
(93, 2, 'javier_foto.jpg', 'Javier', 'Hernández', 6, NULL, '345678901CO', 'javier@email.com', '567-890-1234', '1995-10-10'),
(94, 3, 'celia_foto.jpg', 'Celia', 'Martínez', 7, NULL, '456789012CP', 'celia@email.com', '678-901-2345', '1993-07-15'),
(95, 1, 'mario_foto.jpg', 'Mario', 'López', 8, NULL, '567890123CQ', 'mario@email.com', '789-012-3456', '1987-04-28'),
(96, 2, 'sofia_foto.jpg', 'Sofía', 'Gómez', 9, NULL, '678901234CR', 'sofia@email.com', '890-123-4567', '1991-11-01'),
(97, 3, 'juan_foto.jpg', 'Juan', 'Ruiz', 21, NULL, '789012345CS', 'juan@email.com', '901-234-5678', '1989-06-06'),
(98, 1, 'elena_foto.jpg', 'Elena', 'Sanz', 22, NULL, '890123456CT', 'elena@email.com', '123-456-7890', '1994-01-20'),
(99, 2, 'angela_foto.jpg', 'Ángela', 'Martínez', 22, NULL, '901234567CU', 'angela@email.com', '234-567-8901', '1986-12-14'),
(100, 3, 'hugo_foto.jpg', 'Hugo', 'Gómez', 23, NULL, '012345678CV', 'hugo@email.com', '345-678-9012', '1992-09-29'),
(101, 1, 'clara_foto.jpg', 'Clara', 'Sanz', 24, NULL, '123456789CW', 'clara@email.com', '456-789-0123', '1990-06-12'),
(102, 2, 'adrian_foto.jpg', 'Adrián', 'Gómez', 35, NULL, '234567890CX', 'adrian@email.com', '567-890-1234', '1988-01-25'),
(103, 3, 'laura_foto.jpg', 'Laura', 'Martínez', 36, NULL, '345678901CY', 'laura@email.com', '678-901-2345', '1993-08-30'),
(104, 1, 'diego_foto.jpg', 'Diego', 'Ruiz', 37, NULL, '456789012CZ', 'diego@email.com', '789-012-3456', '1987-05-14'),
(105, 2, 'elena_foto.jpg', 'Elena', 'Sánchez', 36, NULL, '567890123DA', 'elena@email.com', '890-123-4567', '1991-12-27'),
(106, 3, 'alejandro_foto.jpg', 'Alejandro', 'Gómez', 29, NULL, '678901234DB', 'alejandro@email.com', '901-234-5678', '1989-09-10'),
(107, 1, 'sofia_foto.jpg', 'Sofía', 'Vega', 25, NULL, '789012345DC', 'sofia@email.com', '123-456-7890', '1994-04-03'),
(108, 2, 'iker_foto.jpg', 'Iker', 'Martínez', 31, NULL, '890123456DD', 'iker@email.com', '234-567-8901', '1986-01-18'),
(109, 3, 'clara_foto.jpg', 'Clara', 'Gómez', 2, NULL, '901234567DE', 'clara@email.com', '345-678-9012', '1990-08-22'),
(110, 1, 'javier_foto.jpg', 'Javier', 'Ruiz', 3, NULL, '123456789DF', 'javier@email.com', '456-789-0123', '1992-05-05'),
(111, 2, 'eva_foto.jpg', 'Eva', 'Sanz', 4, NULL, '234567890DG', 'eva@email.com', '567-890-1234', '1987-12-18'),
(112, 3, 'juan_foto.jpg', 'Juan', 'Gómez', 5, NULL, '345678901DH', 'juan@email.com', '678-901-2345', '1995-09-23'),
(113, 1, 'ana_foto.jpg', 'Ana', 'Martínez', 6, NULL, '456789012DI', 'ana@email.com', '789-012-3456', '1988-06-06'),
(114, 2, 'carlos_foto.jpg', 'Carlos', 'Ruiz', 7, NULL, '567890123DJ', 'carlos@email.com', '890-123-4567', '1993-01-20'),
(115, 3, 'laura_foto.jpg', 'Laura', 'Gómez', 8, NULL, '678901234DK', 'laura@email.com', '901-234-5678', '1989-10-03'),
(116, 1, 'diego_foto.jpg', 'Diego', 'Sanz', 9, NULL, '789012345DL', 'diego@email.com', '123-456-7890', '1994-05-18'),
(117, 2, 'elena_foto.jpg', 'Elena', 'Gómez', 32, NULL, '890123456DM', 'elena@email.com', '234-567-8901', '1986-02-01'),
(118, 3, 'alejandro_foto.jpg', 'Alejandro', 'Ruiz', 31, NULL, '901234567DN', 'alejandro@email.com', '345-678-9012', '1991-09-14'),
(119, 1, 'lucia_foto.jpg', 'Lucía', 'Sanz', 22, NULL, '012345678DO', 'lucia@email.com', '456-789-0123', '1987-04-28'),
(120, 2, 'angel_foto.jpg', 'Ángel', 'Gómez', 23, NULL, '123456789DP', 'angel@email.com', '567-890-1234', '1991-11-01'),
(121, 3, 'nerea_foto.jpg', 'Nerea', 'Martínez', 34, NULL, '234567890DQ', 'nerea@email.com', '678-901-2345', '1989-06-06'),
(122, 1, 'adrian_foto.jpg', 'Adrián', 'Ruiz', 35, NULL, '345678901DR', 'adrian@email.com', '789-012-3456', '1995-01-20'),
(123, 2, 'lucia_foto.jpg', 'Lucía', 'Gómez', 36, NULL, '456789012DS', 'lucia@email.com', '890-123-4567', '1986-08-03'),
(124, 3, 'sergio_foto.jpg', 'Sergio', 'Martínez', 37, NULL, '567890123DT', 'sergio@email.com', '901-234-5678', '1993-03-18'),
(125, 1, 'irene_foto.jpg', 'Irene', 'Ruiz', 38, NULL, '678901234DU', 'irene@email.com', '123-456-7890', '1987-10-31'),
(126, 2, 'pablo_foto.jpg', 'Pablo', 'Gómez', 29, NULL, '789012345DV', 'pablo@email.com', '234-567-8901', '1991-06-14'),
(127, 3, 'celia_foto.jpg', 'Celia', 'Martínez', 23, NULL, '890123456DW', 'celia@email.com', '345-678-9012', '1989-01-28'),
(128, 1, 'carlos_foto.jpg', 'Carlos', 'Sanz', 31, NULL, '901234567DX', 'carlos@email.com', '456-789-0123', '1994-08-12'),
(129, 2, 'eva_foto.jpg', 'Eva', 'Ruiz', 2, NULL, '012345678DY', 'eva@email.com', '567-890-1234', '1988-03-25'),
(130, 3, 'javier_foto.jpg', 'Javier', 'Gómez', 3, NULL, '123456789DZ', 'javier@email.com', '678-901-2345', '1995-10-10'),
(131, 2, 'laura_foto.jpg', 'Laura', 'Sanz', 24, NULL, '234567890EA', 'laura@email.com', '345-678-9012', '1993-08-03'),
(132, 3, 'sergio_foto.jpg', 'Sergio', 'Martínez', 25, NULL, '345678901EB', 'sergio@email.com', '456-789-0123', '1995-03-18'),
(133, 1, 'irene_foto.jpg', 'Irene', 'Ruiz', 26, NULL, '567890123EC', 'irene@email.com', '567-890-1234', '1987-10-31'),
(134, 2, 'pablo_foto.jpg', 'Pablo', 'Gómez', 27, NULL, '678901234ED', 'pablo@email.com', '678-901-2345', '1991-06-14'),
(135, 3, 'celia_foto.jpg', 'Celia', 'Martínez', 28, NULL, '789012345EE', 'celia@email.com', '789-012-3456', '1989-01-28'),
(136, 1, 'carlos_foto.jpg', 'Carlos', 'Sanz', 29, NULL, '890123456EF', 'carlos@email.com', '890-123-4567', '1994-08-12'),
(137, 2, 'eva_foto.jpg', 'Eva', 'Ruiz', 22, NULL, '012345678EG', 'eva@email.com', '901-234-5678', '1988-03-25'),
(138, 3, 'javier_foto.jpg', 'Javier', 'Gómez', 31, NULL, '123456789EH', 'javier@email.com', '123-456-7890', '1995-10-10'),
(139, 1, 'lucia_foto.jpg', 'Lucía', 'Sanz', 2, NULL, '234567890EI', 'lucia@email.com', '234-567-8901', '1987-04-28'),
(140, 2, 'angel_foto.jpg', 'Ángel', 'Gómez', 3, NULL, '345678901EJ', 'angel@email.com', '345-678-9012', '1991-11-01'),
(141, 3, 'nerea_foto.jpg', 'Nerea', 'Martínez', 24, NULL, '456789012EK', 'nerea@email.com', '456-789-0123', '1989-06-06'),
(142, 1, 'adrian_foto.jpg', 'Adrián', 'Ruiz', 25, NULL, '567890123EL', 'adrian@email.com', '567-890-1234', '1995-01-20'),
(143, 2, 'lucia_foto.jpg', 'Lucía', 'Gómez', 26, NULL, '678901234EM', 'lucia@email.com', '678-901-2345', '1986-08-03'),
(144, 3, 'sergio_foto.jpg', 'Sergio', 'Martínez', 27, NULL, '789012345EN', 'sergio@email.com', '789-012-3456', '1993-03-18'),
(145, 1, 'irene_foto.jpg', 'Irene', 'Ruiz', 28, NULL, '890123456EO', 'irene@email.com', '890-123-4567', '1987-10-31'),
(146, 2, 'pablo_foto.jpg', 'Pablo', 'Gómez', 29, NULL, '901234567EP', 'pablo@email.com', '901-234-5678', '1991-06-14'),
(147, 3, 'celia_foto.jpg', 'Celia', 'Martínez', 23, NULL, '012345678EQ', 'celia@email.com', '123-456-7890', '1989-01-28'),
(148, 1, 'carlos_foto.jpg', 'Carlos', 'Sanz', 21, NULL, '123456789ER', 'carlos@email.com', '234-567-8901', '1994-08-12'),
(149, 2, 'eva_foto.jpg', 'Eva', 'Ruiz', 22, NULL, '234567890ES', 'eva@email.com', '345-678-9012', '1988-03-25'),
(150, 3, 'javier_foto.jpg', 'Javier', 'Gómez', 23, NULL, '345678901ET', 'javier@email.com', '456-789-0123', '1995-10-10'),
(151, 1, 'lucia_foto.jpg', 'Lucía', 'Sanz', 24, NULL, '456789012EU', 'lucia@email.com', '567-890-1234', '1987-04-28'),
(152, 2, 'angel_foto.jpg', 'Ángel', 'Gómez', 25, NULL, '567890123EV', 'angel@email.com', '678-901-2345', '1991-11-01'),
(153, 3, 'nerea_foto.jpg', 'Nerea', 'Martínez', 26, NULL, '678901234EW', 'nerea@email.com', '789-012-3456', '1989-06-06'),
(154, 1, 'adrian_foto.jpg', 'Adrián', 'Ruiz', 27, NULL, '789012345EX', 'adrian@email.com', '890-123-4567', '1995-01-20'),
(155, 2, 'lucia_foto.jpg', 'Lucía', 'Gómez', 28, NULL, '901234567EY', 'lucia@email.com', '901-234-5678', '1986-08-03'),
(156, 3, 'sergio_foto.jpg', 'Sergio', 'Martínez', 49, NULL, '012345678EZ', 'sergio@email.com', '123-456-7890', '1993-03-18'),
(157, 1, 'irene_foto.jpg', 'Irene', 'Ruiz', 22, NULL, '123456789FA', 'irene@email.com', '234-567-8901', '1987-10-31'),
(158, 2, 'pablo_foto.jpg', 'Pablo', 'Gómez', 31, NULL, '234567890FB', 'pablo@email.com', '345-678-9012', '1991-06-14'),
(159, 3, 'celia_foto.jpg', 'Celia', 'Martínez', 32, NULL, '345678901FC', 'celia@email.com', '456-789-0123', '1989-01-28'),
(160, 1, 'carlos_foto.jpg', 'Carlos', 'Sanz', 33, NULL, '456789012FD', 'carlos@email.com', '567-890-1234', '1994-08-12'),
(161, 2, 'eva_foto.jpg', 'Eva', 'Ruiz', 34, NULL, '567890123FE', 'eva@email.com', '678-901-2345', '1988-03-25'),
(162, 3, 'javier_foto.jpg', 'Javier', 'Gómez', 35, NULL, '678901234FF', 'javier@email.com', '789-012-3456', '1995-10-10'),
(163, 1, 'lucia_foto.jpg', 'Lucía', 'Sanz', 26, NULL, '789012345FG', 'lucia@email.com', '890-123-4567', '1987-04-28'),
(164, 2, 'angel_foto.jpg', 'Ángel', 'Gómez', 27, NULL, '890123456FH', 'angel@email.com', '901-234-5678', '1991-11-01'),
(165, 3, 'nerea_foto.jpg', 'Nerea', 'Martínez', 28, NULL, '901234567FI', 'nerea@email.com', '123-456-7890', '1989-06-06'),
(166, 1, 'adrian_foto.jpg', 'Adrián', 'Ruiz', 29, NULL, '012345678FJ', 'adrian@email.com', '234-567-8901', '1995-01-20'),
(167, 2, 'lucia_foto.jpg', 'Lucía', 'Gómez', 21, NULL, '123456789FK', 'lucia@email.com', '345-678-9012', '1986-08-03'),
(168, 3, 'sergio_foto.jpg', 'Sergio', 'Martínez', 21, NULL, '234567890FL', 'sergio@email.com', '456-789-0123', '1993-03-18'),
(169, 1, 'irene_foto.jpg', 'Irene', 'Ruiz', 22, NULL, '345678901FM', 'irene@email.com', '567-890-1234', '1987-10-31'),
(170, 2, 'pablo_foto.jpg', 'Pablo', 'Gómez', 23, NULL, '456789012FN', 'pablo@email.com', '678-901-2345', '1991-06-14'),
(171, 3, 'celia_foto.jpg', 'Celia', 'Martínez', 24, NULL, '567890123FO', 'celia@email.com', '789-012-3456', '1989-01-28'),
(172, 1, 'carlos_foto.jpg', 'Carlos', 'Sanz', 25, NULL, '678901234FP', 'carlos@email.com', '890-123-4567', '1994-08-12'),
(173, 2, 'eva_foto.jpg', 'Eva', 'Ruiz', 26, NULL, '789012345FQ', 'eva@email.com', '901-234-5678', '1988-03-25'),
(174, 3, 'javier_foto.jpg', 'Javier', 'Gómez', 27, NULL, '890123456FR', 'javier@email.com', '123-456-7890', '1995-10-10'),
(175, 1, 'lucia_foto.jpg', 'Lucía', 'Sanz', 28, NULL, '901234567FS', 'lucia@email.com', '234-567-8901', '1987-04-28'),
(176, 2, 'angel_foto.jpg', 'Ángel', 'Gómez', 29, NULL, '012345678FT', 'angel@email.com', '345-678-9012', '1991-11-01'),
(177, 3, 'nerea_foto.jpg', 'Nerea', 'Martínez', 22, NULL, '123456789FU', 'nerea@email.com', '456-789-0123', '1989-06-06'),
(178, 1, 'adrian_foto.jpg', 'Adrián', 'Ruiz', 31, NULL, '234567890FV', 'adrian@email.com', '567-890-1234', '1995-01-20'),
(179, 2, 'lucia_foto.jpg', 'Lucía', 'Gómez', 32, NULL, '345678901FW', 'lucia@email.com', '678-901-2345', '1986-08-03'),
(180, 3, 'sergio_foto.jpg', 'Sergio', 'Martínez', 33, NULL, '456789012FX', 'sergio@email.com', '789-012-3456', '1993-03-18'),
(181, 1, 'irene_foto.jpg', 'Irene', 'Ruiz', 34, NULL, '567890123FY', 'irene@email.com', '890-123-4567', '1987-10-31'),
(182, 2, 'pablo_foto.jpg', 'Pablo', 'Gómez', 35, NULL, '678901234FZ', 'pablo@email.com', '901-234-5678', '1991-06-14'),
(183, 3, 'celia_foto.jpg', 'Celia', 'Martínez', 36, NULL, '789012345GA', 'celia@email.com', '123-456-7890', '1989-01-28'),
(184, 1, 'carlos_foto.jpg', 'Carlos', 'Sanz', 37, NULL, '890123456GB', 'carlos@email.com', '234-567-8901', '1994-08-12'),
(185, 2, 'eva_foto.jpg', 'Eva', 'Ruiz', 38, NULL, '012345678GC', 'eva@email.com', '345-678-9012', '1988-03-25'),
(186, 3, 'javier_foto.jpg', 'Javier', 'Gómez', 29, NULL, '123456789GD', 'javier@email.com', '456-789-0123', '1995-10-10'),
(187, 1, 'lucia_foto.jpg', 'Lucía', 'Sanz', 21, NULL, '234567890GE', 'lucia@email.com', '567-890-1234', '1987-04-28'),
(188, 2, 'angel_foto.jpg', 'Ángel', 'Gómez', 21, NULL, '345678901GF', 'angel@email.com', '678-901-2345', '1991-11-01'),
(189, 3, 'nerea_foto.jpg', 'Nerea', 'Martínez', 22, NULL, '456789012GG', 'nerea@email.com', '789-012-3456', '1989-06-06'),
(190, 1, 'adrian_foto.jpg', 'Adrián', 'Ruiz', 23, NULL, '567890123GH', 'adrian@email.com', '890-123-4567', '1995-01-20'),
(191, 2, 'lucia_foto.jpg', 'Lucía', 'Gómez', 24, NULL, '678901234GI', 'lucia@email.com', '901-234-5678', '1986-08-03'),
(192, 3, 'sergio_foto.jpg', 'Sergio', 'Martínez', 25, NULL, '789012345GJ', 'sergio@email.com', '123-456-7890', '1993-03-18'),
(193, 1, 'irene_foto.jpg', 'Irene', 'Ruiz', 26, NULL, '890123456GK', 'irene@email.com', '234-567-8901', '1987-10-31'),
(194, 2, 'pablo_foto.jpg', 'Pablo', 'Gómez', 27, NULL, '012345678GL', 'pablo@email.com', '345-678-9012', '1991-06-14'),
(195, 3, 'celia_foto.jpg', 'Celia', 'Martínez', 28, NULL, '123456789GM', 'celia@email.com', '456-789-0123', '1989-01-28'),
(196, 1, 'carlos_foto.jpg', 'Carlos', 'Sanz', 29, NULL, '234567890GN', 'carlos@email.com', '567-890-1234', '1994-08-12'),
(197, 2, 'eva_foto.jpg', 'Eva', 'Ruiz', 21, NULL, '345678901GO', 'eva@email.com', '678-901-2345', '1988-03-25'),
(198, 3, 'javier_foto.jpg', 'Javier', 'Gómez', 21, NULL, '456789012GP', 'javier@email.com', '789-012-3456', '1995-10-10'),
(199, 1, 'lucia_foto.jpg', 'Lucía', 'Sanz', 22, NULL, '567890123GQ', 'lucia@email.com', '890-123-4567', '1987-04-28'),
(200, 2, 'angel_foto.jpg', 'Ángel', 'Gómez', 23, NULL, '678901234GR', 'angel@email.com', '901-234-5678', '1991-11-01'),
(201, 3, 'nerea_foto.jpg', 'Nerea', 'Martínez', 24, NULL, '789012345GS', 'nerea@email.com', '123-456-7890', '1989-06-06'),
(202, 1, 'adrian_foto.jpg', 'Adrián', 'Ruiz', 25, NULL, '890123456GT', 'adrian@email.com', '234-567-8901', '1995-01-20'),
(203, 2, 'lucia_foto.jpg', 'Lucía', 'Gómez', 26, NULL, '012345678GU', 'lucia@email.com', '345-678-9012', '1986-08-03'),
(204, 3, 'sergio_foto.jpg', 'Sergio', 'Martínez', 27, NULL, '123456789GV', 'sergio@email.com', '456-789-0123', '1993-03-18'),
(205, 1, 'irene_foto.jpg', 'Irene', 'Ruiz', 28, NULL, '234567890GW', 'irene@email.com', '567-890-1234', '1987-10-31'),
(206, 2, 'pablo_foto.jpg', 'Pablo', 'Gómez', 29, NULL, '345678901GX', 'pablo@email.com', '678-901-2345', '1991-06-14'),
(207, 3, 'celia_foto.jpg', 'Celia', 'Martínez', 21, NULL, '456789012GY', 'celia@email.com', '789-012-3456', '1989-01-28'),
(208, 1, 'carlos_foto.jpg', 'Carlos', 'Sanz', 21, NULL, '567890123GZ', 'carlos@email.com', '890-123-4567', '1994-08-12'),
(209, 2, 'eva_foto.jpg', 'Eva', 'Ruiz', 22, NULL, '678901234HA', 'eva@email.com', '901-234-5678', '1988-03-25'),
(210, 3, 'javier_foto.jpg', 'Javier', 'Gómez', 23, NULL, '789012345HB', 'javier@email.com', '123-456-7890', '1995-10-10'),
(211, 1, 'lucia_foto.jpg', 'Lucía', 'Sanz', 24, NULL, '890123456HC', 'lucia@email.com', '234-567-8901', '1987-04-28'),
(212, 2, 'angel_foto.jpg', 'Ángel', 'Gómez', 25, NULL, '012345678HD', 'angel@email.com', '345-678-9012', '1991-11-01'),
(213, 3, 'nerea_foto.jpg', 'Nerea', 'Martínez', 26, NULL, '123456789HE', 'nerea@email.com', '456-789-0123', '1989-06-06'),
(214, 1, 'adrian_foto.jpg', 'Adrián', 'Ruiz', 27, NULL, '234567890HF', 'adrian@email.com', '567-890-1234', '1995-01-20'),
(215, 2, 'lucia_foto.jpg', 'Lucía', 'Gómez', 28, NULL, '345678901HG', 'lucia@email.com', '678-901-2345', '1986-08-03'),
(216, 3, 'sergio_foto.jpg', 'Sergio', 'Martínez', 29, NULL, '456789012HH', 'sergio@email.com', '789-012-3456', '1993-03-18');

-- --------------------------------------------------------

--
-- Estructura de tabla para la tabla `jugador_posiciones`
--

CREATE TABLE `jugador_posiciones` (
  `Jugador` int(11) NOT NULL,
  `Posicion` int(11) NOT NULL
) ENGINE=InnoDB DEFAULT CHARSET=utf8mb4 COLLATE=utf8mb4_general_ci;

--
-- Volcado de datos para la tabla `jugador_posiciones`
--

INSERT INTO `jugador_posiciones` (`Jugador`, `Posicion`) VALUES
(1, 1),
(2, 2),
(3, 3),
(4, 4),
(5, 5),
(6, 6),
(7, 7),
(8, 8),
(9, 9),
(10, 10),
(11, 11),
(12, 12),
(13, 13),
(14, 14),
(15, 15),
(16, 16),
(17, 17),
(18, 18),
(19, 19),
(20, 20),
(21, 21),
(22, 22),
(23, 23),
(24, 24),
(25, 25),
(26, 26),
(27, 1),
(28, 2),
(29, 3),
(30, 4),
(31, 5),
(32, 6),
(33, 7),
(34, 8),
(35, 9),
(36, 10),
(37, 11),
(38, 12),
(39, 13),
(40, 14),
(41, 15),
(42, 16),
(43, 17),
(44, 18),
(45, 19),
(46, 20),
(47, 21),
(48, 22),
(49, 23),
(50, 24),
(51, 25),
(52, 26),
(53, 1),
(54, 2),
(55, 3),
(56, 4),
(57, 5),
(58, 6),
(59, 7),
(60, 8),
(61, 9),
(62, 10),
(63, 11),
(64, 12),
(65, 13),
(66, 14),
(67, 15),
(68, 16),
(69, 17),
(70, 18),
(71, 19),
(72, 20),
(73, 21),
(74, 22),
(75, 23),
(76, 24),
(77, 25),
(78, 26),
(79, 1),
(80, 2),
(81, 3),
(82, 4),
(83, 5),
(84, 6),
(85, 7),
(86, 8),
(87, 9),
(88, 10),
(89, 11),
(90, 12),
(91, 13),
(92, 14),
(93, 15),
(94, 16),
(95, 17),
(96, 18),
(97, 19),
(98, 20),
(99, 21),
(100, 22),
(101, 23),
(102, 24),
(103, 25),
(104, 26),
(105, 1),
(106, 2),
(107, 3),
(108, 4),
(109, 5),
(110, 6),
(111, 7),
(112, 8),
(113, 9),
(114, 10),
(115, 11),
(116, 12),
(117, 13),
(118, 14),
(119, 15),
(120, 16),
(121, 17),
(122, 18),
(123, 19),
(124, 20),
(125, 21),
(126, 22),
(127, 23),
(128, 24),
(129, 25),
(130, 26),
(131, 1),
(132, 2),
(133, 3),
(134, 4),
(135, 5),
(136, 6),
(137, 7),
(138, 8),
(139, 9),
(140, 10),
(141, 11),
(142, 12),
(143, 13),
(144, 14),
(145, 15),
(146, 16),
(147, 17),
(148, 18),
(149, 19),
(150, 20),
(151, 21),
(152, 22),
(153, 23),
(154, 24),
(155, 25),
(156, 26),
(157, 1),
(158, 2),
(159, 3),
(160, 4),
(161, 5),
(162, 6),
(163, 7),
(164, 8),
(165, 9),
(166, 10),
(167, 11),
(168, 12),
(169, 13),
(170, 14),
(171, 15),
(172, 16),
(173, 17),
(174, 18),
(175, 19),
(176, 20),
(177, 21),
(178, 22),
(179, 23),
(180, 24),
(181, 25),
(182, 26),
(183, 1),
(184, 2),
(185, 3),
(186, 4),
(187, 5),
(188, 6),
(189, 7),
(190, 8),
(191, 9),
(192, 10),
(193, 11),
(194, 12),
(195, 13),
(196, 14),
(197, 15),
(198, 16),
(199, 17),
(200, 18),
(201, 19),
(202, 20),
(203, 21),
(204, 22),
(205, 23),
(206, 24),
(207, 25),
(208, 26),
(209, 1),
(210, 2),
(211, 3),
(212, 4),
(213, 5),
(214, 6),
(215, 7),
(216, 8);

-- --------------------------------------------------------

--
-- Estructura de tabla para la tabla `jugar`
--

CREATE TABLE `jugar` (
  `Partido` int(11) NOT NULL,
  `Jornada` int(11) NOT NULL,
  `Competicion` int(11) NOT NULL,
  `Edicion` int(11) NOT NULL
) ENGINE=InnoDB DEFAULT CHARSET=utf8mb4 COLLATE=utf8mb4_general_ci;

--
-- Volcado de datos para la tabla `jugar`
--

INSERT INTO `jugar` (`Partido`, `Jornada`, `Competicion`, `Edicion`) VALUES
(1, 16, 2, 1),
(2, 37, 1, 1),
(3, 27, 2, 1),
(4, 13, 2, 1),
(5, 16, 2, 1),
(6, 3, 2, 1),
(7, 3, 2, 1),
(8, 7, 2, 1),
(9, 28, 2, 1),
(10, 11, 2, 1),
(11, 32, 2, 1),
(12, 5, 2, 1),
(13, 27, 2, 1),
(14, 39, 2, 1),
(15, 32, 2, 1),
(16, 5, 2, 1),
(17, 5, 2, 1),
(18, 12, 2, 1),
(19, 5, 2, 1),
(20, 22, 2, 1),
(21, 4, 2, 1),
(22, 2, 2, 1),
(23, 3, 2, 1),
(24, 15, 2, 1),
(25, 16, 2, 1),
(26, 8, 2, 1),
(27, 19, 2, 1),
(28, 18, 2, 1),
(29, 31, 2, 1),
(30, 10, 2, 1),
(31, 12, 2, 1),
(32, 5, 2, 1),
(33, 4, 2, 1),
(34, 12, 2, 1),
(35, 11, 2, 1),
(36, 38, 2, 1),
(37, 4, 2, 1),
(38, 18, 2, 1),
(39, 20, 2, 1),
(40, 13, 2, 1),
(41, 13, 2, 1),
(42, 17, 2, 1),
(43, 15, 2, 1),
(44, 29, 2, 1),
(45, 2, 2, 1),
(45, 6, 1, 1),
(46, 7, 2, 1),
(46, 28, 1, 1),
(47, 9, 1, 1),
(47, 28, 2, 1),
(48, 17, 1, 1),
(48, 39, 2, 1),
(49, 5, 1, 1),
(49, 32, 2, 1),
(50, 10, 1, 1),
(50, 39, 2, 1),
(51, 2, 1, 1),
(51, 22, 2, 1),
(52, 20, 1, 1),
(53, 11, 1, 1),
(54, 3, 2, 1),
(55, 5, 2, 1),
(56, 19, 2, 1),
(57, 37, 2, 1),
(58, 6, 2, 1),
(59, 2, 2, 1),
(60, 30, 2, 1),
(61, 22, 2, 1),
(62, 22, 2, 1),
(62, 30, 1, 1),
(63, 1, 2, 1),
(63, 22, 1, 1),
(64, 7, 1, 1),
(64, 22, 2, 1),
(65, 23, 2, 1),
(65, 32, 1, 1),
(66, 11, 2, 1),
(66, 12, 1, 1),
(67, 12, 1, 1),
(67, 26, 2, 1),
(68, 17, 2, 1),
(68, 33, 1, 1),
(69, 7, 1, 1),
(69, 7, 2, 1),
(70, 19, 1, 1),
(70, 23, 2, 1),
(71, 14, 2, 1),
(71, 31, 1, 1),
(72, 2, 2, 1),
(72, 16, 1, 1),
(73, 4, 2, 1),
(73, 29, 1, 1),
(74, 9, 2, 1),
(74, 16, 1, 1),
(75, 27, 2, 1),
(75, 33, 1, 1),
(76, 8, 2, 1),
(76, 35, 1, 1),
(77, 8, 2, 1),
(77, 36, 1, 1),
(78, 3, 2, 1),
(78, 36, 1, 1),
(79, 29, 1, 1),
(79, 35, 2, 1),
(80, 17, 2, 1),
(80, 38, 1, 1),
(81, 3, 2, 1),
(81, 21, 1, 1),
(82, 7, 2, 1),
(82, 33, 1, 1),
(83, 19, 1, 1),
(83, 24, 2, 1),
(84, 10, 2, 1),
(84, 37, 1, 1),
(85, 7, 1, 1),
(85, 12, 2, 1),
(86, 2, 1, 1),
(86, 6, 2, 1),
(87, 6, 2, 1),
(87, 31, 1, 1),
(88, 6, 2, 1),
(88, 28, 1, 1),
(89, 6, 1, 1),
(89, 11, 2, 1),
(90, 14, 2, 1),
(91, 1, 2, 1),
(92, 4, 2, 1),
(92, 27, 1, 1),
(93, 5, 2, 1),
(94, 16, 2, 1),
(95, 5, 2, 1),
(96, 23, 2, 1),
(97, 21, 2, 1),
(98, 8, 2, 1),
(99, 16, 2, 1),
(100, 4, 2, 1),
(101, 21, 2, 1),
(102, 27, 2, 1),
(103, 20, 2, 1),
(104, 1, 2, 1),
(105, 17, 2, 1),
(106, 26, 2, 1),
(107, 21, 2, 1),
(108, 10, 2, 1),
(109, 22, 2, 1),
(110, 26, 2, 1),
(111, 1, 2, 1),
(112, 4, 2, 1),
(113, 6, 2, 1),
(114, 16, 2, 1),
(114, 35, 1, 1),
(115, 13, 2, 1),
(116, 18, 2, 1),
(117, 6, 2, 1),
(118, 4, 2, 1),
(119, 13, 2, 1),
(120, 11, 2, 1),
(121, 9, 2, 1),
(122, 10, 2, 1),
(123, 35, 2, 1),
(124, 10, 2, 1),
(125, 20, 2, 1),
(126, 6, 2, 1),
(127, 12, 2, 1),
(128, 22, 2, 1),
(129, 4, 2, 1),
(130, 4, 2, 1),
(131, 3, 2, 1),
(132, 23, 2, 1),
(133, 35, 2, 1),
(134, 3, 2, 1),
(135, 39, 2, 1),
(136, 15, 1, 1),
(136, 24, 2, 1),
(137, 4, 2, 1),
(138, 29, 2, 1),
(139, 14, 2, 1),
(140, 21, 2, 1),
(141, 21, 2, 1),
(142, 1, 2, 1),
(143, 22, 2, 1),
(144, 28, 2, 1),
(145, 8, 2, 1),
(146, 9, 2, 1),
(147, 15, 2, 1),
(148, 29, 2, 1),
(149, 19, 2, 1),
(150, 6, 2, 1),
(151, 10, 2, 1),
(152, 31, 2, 1),
(153, 6, 2, 1),
(154, 15, 2, 1),
(155, 11, 2, 1),
(156, 8, 2, 1),
(157, 8, 2, 1),
(158, 10, 1, 1),
(158, 13, 2, 1),
(159, 3, 2, 1),
(160, 16, 2, 1),
(161, 7, 2, 1),
(162, 15, 2, 1),
(163, 21, 2, 1),
(164, 8, 2, 1),
(165, 34, 2, 1),
(166, 13, 2, 1),
(167, 3, 2, 1),
(168, 13, 2, 1),
(169, 26, 2, 1),
(170, 6, 2, 1),
(171, 29, 2, 1),
(172, 17, 2, 1),
(173, 5, 2, 1),
(174, 14, 2, 1),
(175, 20, 2, 1),
(176, 16, 2, 1),
(177, 21, 2, 1),
(178, 37, 2, 1),
(179, 13, 2, 1),
(180, 3, 1, 1),
(180, 25, 2, 1),
(181, 22, 2, 1),
(182, 11, 2, 1),
(183, 16, 2, 1),
(184, 17, 2, 1),
(185, 20, 2, 1),
(186, 26, 2, 1),
(187, 3, 2, 1),
(188, 14, 2, 1),
(189, 15, 2, 1),
(190, 31, 2, 1),
(191, 30, 2, 1),
(192, 15, 2, 1),
(193, 9, 2, 1),
(194, 24, 2, 1),
(195, 6, 2, 1),
(196, 32, 2, 1),
(197, 1, 2, 1),
(198, 25, 2, 1),
(199, 33, 2, 1),
(200, 7, 2, 1),
(201, 6, 2, 1),
(202, 18, 2, 1),
(202, 26, 1, 1),
(203, 6, 2, 1),
(204, 23, 2, 1),
(205, 21, 2, 1),
(206, 19, 2, 1),
(207, 4, 2, 1),
(208, 19, 2, 1),
(209, 15, 2, 1),
(210, 3, 2, 1),
(211, 24, 2, 1),
(212, 26, 2, 1),
(213, 12, 2, 1),
(214, 1, 2, 1),
(215, 7, 2, 1),
(216, 28, 2, 1),
(217, 13, 2, 1),
(218, 1, 2, 1),
(219, 2, 2, 1),
(220, 10, 2, 1),
(221, 7, 2, 1),
(222, 17, 2, 1),
(223, 1, 2, 1),
(224, 1, 1, 1),
(224, 25, 2, 1),
(225, 5, 2, 1),
(226, 13, 2, 1),
(227, 17, 2, 1),
(228, 2, 2, 1),
(229, 2, 2, 1),
(230, 2, 2, 1),
(231, 2, 2, 1),
(232, 4, 2, 1),
(233, 13, 2, 1),
(234, 12, 2, 1),
(235, 5, 2, 1),
(236, 21, 2, 1),
(237, 8, 2, 1),
(238, 18, 2, 1),
(239, 7, 2, 1),
(240, 19, 2, 1),
(241, 6, 2, 1),
(242, 1, 2, 1),
(243, 3, 2, 1),
(244, 3, 2, 1),
(245, 8, 2, 1),
(246, 7, 1, 1),
(246, 26, 2, 1),
(247, 3, 2, 1),
(248, 10, 2, 1),
(249, 20, 2, 1),
(250, 4, 2, 1),
(251, 1, 2, 1),
(252, 11, 2, 1),
(253, 24, 2, 1),
(254, 15, 2, 1),
(255, 9, 2, 1),
(256, 18, 2, 1),
(257, 1, 2, 1),
(258, 6, 2, 1),
(259, 12, 2, 1),
(260, 16, 2, 1),
(261, 14, 2, 1),
(262, 8, 2, 1),
(263, 20, 2, 1),
(264, 10, 2, 1),
(265, 14, 2, 1),
(266, 13, 2, 1),
(267, 14, 2, 1),
(268, 14, 2, 1),
(268, 31, 1, 1),
(269, 16, 2, 1),
(270, 20, 2, 1),
(271, 9, 2, 1),
(272, 1, 2, 1),
(273, 17, 2, 1),
(274, 36, 2, 1),
(275, 10, 2, 1),
(276, 2, 2, 1),
(277, 13, 2, 1),
(278, 8, 2, 1),
(279, 10, 2, 1),
(280, 6, 2, 1),
(281, 4, 2, 1),
(282, 33, 2, 1),
(283, 3, 2, 1),
(284, 20, 2, 1),
(285, 9, 2, 1),
(286, 6, 2, 1),
(287, 27, 2, 1),
(288, 11, 2, 1),
(289, 6, 2, 1),
(290, 14, 2, 1),
(290, 15, 1, 1),
(291, 14, 2, 1),
(292, 22, 2, 1),
(293, 1, 2, 1),
(294, 12, 2, 1),
(295, 15, 2, 1),
(296, 26, 2, 1),
(297, 17, 2, 1),
(298, 5, 2, 1),
(299, 13, 2, 1),
(300, 30, 2, 1),
(301, 5, 2, 1),
(302, 7, 2, 1),
(303, 20, 2, 1),
(304, 37, 2, 1),
(305, 6, 2, 1),
(306, 9, 2, 1),
(307, 18, 2, 1),
(308, 11, 2, 1),
(309, 36, 2, 1),
(310, 12, 2, 1),
(311, 7, 2, 1),
(312, 1, 2, 1),
(312, 20, 1, 1),
(313, 13, 2, 1),
(314, 25, 2, 1),
(315, 11, 2, 1),
(316, 11, 2, 1),
(317, 3, 2, 1),
(318, 5, 2, 1),
(319, 13, 2, 1),
(320, 20, 2, 1),
(321, 18, 2, 1),
(322, 3, 2, 1),
(323, 7, 2, 1),
(324, 5, 2, 1),
(325, 21, 2, 1),
(326, 19, 2, 1),
(327, 29, 2, 1),
(328, 17, 2, 1),
(329, 18, 2, 1),
(330, 8, 2, 1),
(331, 12, 2, 1),
(332, 1, 2, 1),
(333, 12, 2, 1),
(334, 7, 2, 1),
(334, 16, 1, 1),
(335, 4, 2, 1),
(336, 37, 2, 1),
(337, 10, 2, 1),
(338, 17, 2, 1),
(339, 17, 2, 1),
(340, 24, 2, 1),
(341, 15, 2, 1),
(342, 2, 2, 1),
(343, 7, 2, 1),
(344, 16, 2, 1),
(345, 1, 2, 1),
(346, 10, 2, 1),
(347, 4, 2, 1),
(348, 8, 2, 1),
(349, 2, 2, 1),
(350, 19, 2, 1),
(351, 30, 2, 1),
(352, 15, 2, 1),
(353, 30, 2, 1),
(354, 32, 2, 1),
(355, 10, 2, 1),
(356, 19, 1, 1),
(356, 24, 2, 1),
(357, 21, 2, 1),
(358, 9, 2, 1),
(359, 3, 2, 1),
(360, 23, 2, 1),
(361, 8, 2, 1),
(362, 18, 2, 1),
(363, 36, 2, 1),
(364, 31, 2, 1),
(365, 16, 2, 1),
(366, 18, 2, 1),
(367, 5, 2, 1),
(368, 10, 2, 1),
(369, 2, 2, 1),
(370, 13, 2, 1),
(371, 8, 2, 1),
(372, 1, 2, 1),
(373, 14, 2, 1),
(374, 20, 2, 1),
(375, 34, 2, 1),
(376, 2, 2, 1),
(377, 7, 2, 1),
(378, 4, 1, 1),
(378, 19, 2, 1),
(379, 11, 2, 1),
(380, 5, 2, 1),
(381, 1, 2, 1),
(382, 29, 2, 1),
(383, 4, 2, 1),
(384, 20, 2, 1),
(385, 8, 2, 1),
(386, 10, 2, 1),
(387, 17, 2, 1),
(388, 16, 2, 1),
(389, 2, 2, 1),
(390, 2, 2, 1),
(391, 2, 2, 1),
(392, 5, 2, 1),
(393, 19, 2, 1),
(394, 1, 2, 1),
(395, 19, 2, 1),
(396, 3, 2, 1),
(397, 1, 2, 1),
(398, 17, 2, 1),
(399, 7, 2, 1),
(400, 6, 1, 1),
(400, 9, 2, 1),
(401, 18, 2, 1),
(402, 4, 2, 1),
(403, 14, 2, 1),
(404, 13, 2, 1),
(405, 16, 2, 1),
(406, 2, 2, 1),
(407, 24, 2, 1),
(408, 4, 2, 1),
(409, 5, 2, 1),
(410, 5, 2, 1),
(411, 24, 2, 1),
(412, 26, 2, 1),
(413, 8, 2, 1),
(414, 4, 2, 1),
(415, 14, 2, 1),
(416, 1, 2, 1),
(417, 13, 2, 1),
(418, 20, 2, 1),
(419, 5, 2, 1),
(420, 3, 2, 1),
(421, 13, 2, 1),
(422, 16, 2, 1),
(422, 17, 1, 1),
(423, 9, 2, 1),
(424, 6, 2, 1),
(425, 8, 2, 1),
(426, 7, 2, 1),
(427, 11, 2, 1),
(428, 33, 2, 1),
(429, 16, 2, 1),
(430, 17, 2, 1),
(431, 12, 2, 1),
(432, 14, 2, 1),
(433, 21, 2, 1),
(434, 30, 2, 1),
(435, 32, 2, 1),
(436, 26, 2, 1),
(437, 3, 2, 1),
(438, 5, 2, 1),
(439, 1, 2, 1),
(440, 28, 2, 1),
(441, 15, 2, 1),
(442, 8, 2, 1),
(443, 7, 2, 1),
(444, 13, 2, 1),
(444, 25, 1, 1),
(445, 4, 2, 1),
(446, 18, 2, 1),
(447, 4, 2, 1),
(448, 1, 2, 1),
(449, 33, 2, 1),
(450, 10, 2, 1),
(451, 3, 2, 1),
(452, 17, 2, 1),
(453, 4, 2, 1),
(454, 5, 2, 1),
(455, 8, 2, 1),
(456, 15, 2, 1),
(457, 8, 2, 1),
(458, 9, 2, 1),
(459, 1, 2, 1),
(460, 7, 2, 1),
(461, 8, 2, 1),
(462, 20, 2, 1),
(463, 16, 2, 1),
(464, 32, 2, 1),
(465, 13, 2, 1),
(466, 6, 2, 1),
(466, 35, 1, 1),
(467, 20, 2, 1),
(468, 18, 2, 1),
(469, 18, 2, 1),
(470, 23, 2, 1),
(471, 8, 2, 1),
(472, 7, 2, 1),
(473, 14, 2, 1),
(474, 8, 2, 1),
(475, 26, 2, 1),
(476, 3, 2, 1),
(477, 11, 2, 1),
(478, 14, 2, 1),
(479, 9, 2, 1),
(480, 1, 2, 1),
(481, 16, 2, 1),
(482, 32, 2, 1),
(483, 4, 2, 1),
(484, 25, 2, 1),
(485, 26, 2, 1),
(486, 11, 2, 1),
(487, 18, 2, 1),
(488, 3, 2, 1),
(488, 18, 1, 1),
(489, 24, 2, 1),
(490, 20, 2, 1),
(491, 2, 2, 1),
(492, 11, 2, 1),
(493, 10, 2, 1),
(494, 12, 2, 1),
(495, 11, 2, 1),
(496, 4, 2, 1),
(497, 9, 2, 1),
(498, 9, 2, 1),
(499, 9, 2, 1),
(500, 20, 2, 1),
(501, 5, 2, 1),
(502, 1, 2, 1),
(503, 12, 2, 1),
(504, 18, 2, 1),
(505, 10, 2, 1),
(506, 12, 2, 1),
(507, 7, 2, 1),
(508, 8, 2, 1),
(509, 7, 2, 1),
(510, 19, 2, 1),
(510, 26, 1, 1),
(511, 19, 2, 1),
(512, 4, 2, 1),
(513, 4, 2, 1),
(514, 7, 2, 1),
(515, 7, 2, 1),
(516, 9, 2, 1),
(517, 11, 2, 1),
(518, 25, 2, 1),
(519, 17, 2, 1),
(520, 27, 2, 1),
(521, 14, 2, 1),
(522, 16, 2, 1),
(523, 22, 2, 1),
(524, 22, 2, 1),
(525, 2, 2, 1),
(526, 25, 2, 1),
(527, 5, 2, 1),
(528, 24, 2, 1),
(529, 34, 2, 1),
(530, 8, 3, 1),
(531, 13, 3, 1),
(532, 19, 3, 1),
(533, 15, 3, 1),
(534, 16, 3, 1),
(535, 2, 3, 1),
(536, 10, 3, 1),
(537, 18, 3, 1),
(538, 18, 3, 1),
(539, 5, 3, 1),
(540, 1, 3, 1),
(541, 15, 3, 1),
(542, 8, 3, 1),
(543, 26, 3, 1),
(544, 29, 3, 1),
(545, 34, 3, 1),
(546, 17, 3, 1),
(547, 8, 3, 1),
(548, 7, 3, 1),
(549, 15, 3, 1),
(550, 5, 3, 1),
(551, 19, 3, 1),
(552, 8, 3, 1),
(553, 21, 3, 1),
(554, 3, 3, 1),
(555, 25, 3, 1),
(556, 2, 3, 1),
(557, 33, 3, 1),
(558, 16, 3, 1),
(559, 6, 3, 1),
(560, 10, 3, 1),
(561, 1, 3, 1),
(562, 18, 3, 1),
(563, 14, 3, 1),
(564, 7, 3, 1),
(565, 12, 3, 1),
(566, 12, 3, 1),
(567, 2, 3, 1),
(568, 4, 3, 1),
(569, 9, 3, 1),
(570, 12, 3, 1),
(571, 4, 3, 1),
(572, 2, 3, 1),
(573, 7, 3, 1),
(574, 18, 3, 1),
(575, 22, 3, 1),
(576, 14, 3, 1),
(577, 2, 3, 1),
(578, 2, 3, 1),
(579, 12, 3, 1),
(580, 20, 3, 1),
(581, 2, 3, 1),
(582, 7, 3, 1),
(583, 16, 3, 1),
(584, 29, 3, 1),
(585, 22, 3, 1),
(586, 12, 3, 1),
(587, 16, 3, 1),
(588, 13, 3, 1),
(589, 19, 3, 1),
(590, 6, 3, 1),
(591, 12, 3, 1),
(592, 29, 3, 1),
(593, 16, 3, 1),
(594, 25, 3, 1),
(595, 2, 3, 1),
(596, 28, 3, 1),
(597, 12, 3, 1),
(598, 13, 3, 1),
(599, 22, 3, 1),
(600, 5, 3, 1),
(601, 26, 3, 1),
(602, 17, 3, 1),
(603, 6, 3, 1),
(604, 1, 3, 1),
(605, 25, 3, 1),
(606, 2, 3, 1),
(607, 9, 3, 1),
(608, 1, 3, 1),
(609, 16, 3, 1),
(610, 12, 3, 1),
(611, 20, 3, 1),
(612, 18, 3, 1),
(613, 28, 3, 1),
(614, 24, 3, 1),
(615, 28, 3, 1),
(616, 15, 3, 1),
(617, 15, 3, 1),
(618, 11, 3, 1),
(619, 23, 3, 1),
(620, 21, 3, 1),
(621, 25, 3, 1),
(622, 6, 3, 1),
(623, 10, 3, 1),
(624, 33, 3, 1),
(625, 21, 3, 1),
(626, 4, 3, 1),
(627, 33, 3, 1),
(628, 13, 3, 1),
(629, 28, 3, 1),
(630, 32, 3, 1),
(631, 25, 3, 1),
(632, 21, 3, 1),
(633, 9, 3, 1),
(634, 19, 3, 1),
(635, 19, 3, 1),
(636, 14, 3, 1),
(637, 9, 3, 1),
(638, 2, 3, 1),
(639, 13, 3, 1),
(640, 33, 3, 1),
(641, 1, 3, 1),
(642, 12, 3, 1),
(643, 7, 3, 1),
(644, 1, 3, 1),
(645, 21, 3, 1),
(646, 14, 3, 1),
(647, 18, 3, 1),
(648, 4, 3, 1),
(649, 13, 3, 1),
(650, 20, 3, 1),
(651, 20, 3, 1),
(652, 36, 3, 1),
(653, 18, 3, 1),
(654, 40, 3, 1),
(655, 16, 3, 1),
(656, 20, 3, 1),
(657, 19, 3, 1),
(658, 22, 3, 1),
(659, 1, 3, 1),
(660, 15, 3, 1),
(661, 6, 3, 1),
(662, 5, 3, 1),
(663, 13, 3, 1),
(664, 8, 3, 1),
(665, 13, 3, 1),
(666, 30, 3, 1),
(667, 19, 3, 1),
(668, 17, 3, 1),
(669, 22, 3, 1),
(670, 13, 3, 1),
(671, 5, 3, 1),
(672, 2, 3, 1),
(673, 16, 3, 1),
(674, 14, 3, 1),
(675, 12, 3, 1),
(676, 2, 3, 1),
(677, 6, 3, 1),
(678, 7, 3, 1),
(679, 2, 3, 1),
(680, 14, 3, 1),
(681, 20, 3, 1),
(682, 29, 3, 1),
(683, 32, 3, 1),
(684, 4, 3, 1),
(685, 23, 3, 1),
(686, 3, 3, 1),
(687, 15, 3, 1),
(688, 23, 3, 1),
(689, 21, 3, 1),
(690, 23, 3, 1),
(691, 8, 3, 1),
(692, 13, 3, 1),
(693, 5, 3, 1),
(694, 6, 3, 1),
(695, 14, 3, 1),
(696, 10, 3, 1),
(697, 6, 3, 1),
(698, 11, 3, 1),
(699, 20, 3, 1),
(700, 13, 3, 1),
(701, 9, 3, 1),
(702, 8, 3, 1),
(703, 13, 3, 1),
(704, 19, 3, 1),
(705, 23, 3, 1),
(706, 6, 3, 1),
(707, 30, 3, 1),
(708, 35, 3, 1),
(709, 21, 3, 1),
(710, 27, 3, 1),
(711, 5, 3, 1),
(712, 8, 3, 1),
(713, 1, 3, 1),
(714, 2, 3, 1),
(715, 16, 3, 1),
(716, 8, 3, 1),
(717, 8, 3, 1),
(718, 19, 3, 1),
(719, 7, 3, 1),
(720, 7, 3, 1),
(721, 3, 3, 1),
(722, 21, 3, 1),
(723, 26, 3, 1),
(724, 22, 3, 1),
(725, 8, 3, 1),
(726, 5, 3, 1),
(727, 17, 3, 1),
(728, 10, 3, 1),
(729, 3, 3, 1),
(730, 22, 3, 1),
(731, 18, 3, 1),
(732, 25, 3, 1),
(733, 5, 3, 1),
(734, 9, 3, 1),
(735, 2, 3, 1),
(736, 1, 3, 1),
(737, 10, 3, 1),
(738, 3, 3, 1),
(739, 21, 3, 1),
(740, 2, 3, 1),
(741, 10, 3, 1),
(742, 3, 3, 1),
(743, 18, 3, 1),
(744, 3, 3, 1),
(745, 9, 3, 1),
(746, 15, 3, 1),
(747, 38, 3, 1),
(748, 10, 3, 1),
(749, 9, 3, 1),
(750, 5, 3, 1),
(751, 14, 3, 1),
(752, 1, 3, 1),
(753, 21, 3, 1),
(754, 1, 3, 1),
(755, 7, 3, 1),
(756, 5, 3, 1),
(757, 5, 3, 1),
(758, 22, 3, 1),
(759, 8, 3, 1),
(760, 8, 3, 1),
(761, 2, 3, 1),
(762, 24, 3, 1),
(763, 5, 3, 1),
(764, 11, 3, 1),
(765, 8, 3, 1),
(766, 35, 3, 1),
(767, 13, 3, 1),
(768, 32, 3, 1),
(769, 8, 3, 1),
(770, 17, 3, 1),
(771, 15, 3, 1),
(772, 21, 3, 1),
(773, 1, 3, 1),
(774, 17, 3, 1),
(775, 4, 3, 1),
(776, 10, 3, 1),
(777, 21, 3, 1),
(778, 3, 3, 1),
(779, 16, 3, 1),
(780, 9, 3, 1),
(781, 19, 3, 1),
(782, 25, 3, 1),
(783, 25, 3, 1),
(784, 33, 3, 1),
(785, 2, 3, 1),
(786, 7, 3, 1),
(787, 26, 3, 1),
(788, 14, 3, 1),
(789, 21, 3, 1),
(790, 24, 3, 1),
(791, 6, 3, 1),
(792, 20, 3, 1),
(793, 19, 3, 1),
(794, 34, 3, 1),
(795, 22, 3, 1),
(796, 14, 3, 1),
(797, 18, 3, 1),
(798, 10, 3, 1),
(799, 4, 3, 1),
(800, 12, 3, 1),
(801, 15, 3, 1),
(802, 9, 3, 1),
(803, 7, 3, 1),
(804, 11, 3, 1),
(805, 10, 3, 1),
(806, 16, 3, 1),
(807, 14, 3, 1),
(808, 5, 3, 1),
(809, 25, 3, 1),
(810, 14, 3, 1),
(811, 27, 3, 1),
(812, 3, 3, 1),
(813, 4, 3, 1),
(814, 1, 3, 1),
(815, 5, 3, 1),
(816, 5, 3, 1),
(817, 18, 3, 1),
(818, 12, 3, 1),
(819, 2, 3, 1),
(820, 3, 3, 1),
(821, 34, 3, 1),
(822, 14, 3, 1),
(823, 7, 3, 1),
(824, 4, 3, 1),
(825, 18, 3, 1),
(826, 2, 3, 1),
(827, 28, 3, 1),
(828, 23, 3, 1),
(829, 7, 3, 1),
(830, 4, 3, 1),
(831, 10, 3, 1),
(832, 15, 3, 1),
(833, 1, 3, 1),
(834, 27, 3, 1),
(835, 2, 3, 1),
(836, 1, 3, 1),
(837, 6, 3, 1),
(838, 15, 3, 1),
(839, 25, 3, 1),
(840, 12, 3, 1),
(841, 20, 3, 1),
(842, 23, 3, 1),
(843, 10, 3, 1),
(844, 9, 3, 1),
(845, 29, 3, 1),
(846, 1, 3, 1),
(847, 11, 3, 1),
(848, 12, 3, 1),
(849, 29, 3, 1),
(850, 10, 3, 1),
(851, 16, 3, 1),
(852, 18, 3, 1),
(853, 12, 3, 1),
(854, 1, 3, 1),
(855, 25, 3, 1),
(856, 27, 3, 1),
(857, 38, 3, 1),
(858, 14, 3, 1),
(859, 17, 3, 1),
(860, 4, 3, 1),
(861, 5, 3, 1),
(862, 4, 3, 1),
(863, 5, 3, 1),
(864, 7, 3, 1),
(865, 16, 3, 1),
(866, 1, 3, 1),
(867, 6, 3, 1),
(868, 18, 3, 1),
(869, 29, 3, 1),
(870, 10, 3, 1),
(871, 2, 3, 1),
(872, 18, 3, 1),
(873, 6, 3, 1),
(874, 16, 3, 1),
(875, 21, 3, 1),
(876, 4, 3, 1),
(877, 10, 3, 1),
(878, 4, 3, 1),
(879, 25, 3, 1),
(880, 23, 3, 1),
(881, 23, 3, 1),
(882, 15, 3, 1),
(883, 26, 3, 1),
(884, 10, 3, 1),
(885, 2, 3, 1),
(886, 10, 3, 1),
(887, 15, 3, 1),
(888, 9, 3, 1),
(889, 1, 3, 1),
(890, 15, 3, 1),
(891, 30, 3, 1),
(892, 28, 3, 1),
(893, 7, 3, 1),
(894, 31, 3, 1),
(895, 9, 3, 1),
(896, 9, 3, 1),
(897, 3, 3, 1),
(898, 14, 3, 1),
(899, 10, 3, 1),
(900, 27, 3, 1),
(901, 9, 3, 1),
(902, 20, 3, 1),
(903, 1, 3, 1),
(904, 17, 3, 1),
(905, 5, 3, 1),
(906, 14, 3, 1),
(907, 10, 3, 1),
(908, 30, 3, 1),
(909, 7, 3, 1),
(910, 25, 3, 1),
(911, 9, 3, 1),
(912, 21, 3, 1),
(913, 13, 3, 1),
(914, 11, 3, 1),
(915, 17, 3, 1),
(916, 10, 3, 1),
(917, 11, 3, 1),
(918, 1, 3, 1),
(919, 3, 3, 1),
(920, 10, 3, 1),
(921, 10, 3, 1),
(922, 11, 3, 1),
(923, 9, 3, 1),
(924, 28, 3, 1),
(925, 11, 3, 1),
(926, 20, 3, 1),
(927, 3, 3, 1),
(928, 10, 3, 1),
(929, 4, 3, 1),
(930, 25, 3, 1),
(931, 12, 3, 1),
(932, 16, 3, 1),
(933, 12, 3, 1),
(934, 15, 3, 1),
(935, 12, 3, 1),
(936, 7, 3, 1),
(937, 8, 3, 1),
(938, 3, 3, 1),
(939, 23, 3, 1),
(940, 7, 3, 1),
(941, 22, 3, 1),
(942, 30, 3, 1),
(943, 3, 3, 1),
(944, 7, 3, 1),
(945, 20, 3, 1),
(946, 5, 3, 1),
(947, 7, 3, 1),
(948, 14, 3, 1),
(949, 18, 3, 1),
(950, 5, 3, 1),
(951, 13, 3, 1),
(952, 7, 3, 1),
(953, 38, 3, 1),
(954, 7, 3, 1),
(955, 26, 3, 1),
(956, 1, 3, 1),
(957, 13, 3, 1),
(958, 2, 3, 1),
(959, 11, 3, 1),
(960, 3, 3, 1),
(961, 13, 3, 1),
(962, 29, 3, 1),
(963, 15, 3, 1),
(964, 10, 3, 1),
(965, 3, 3, 1),
(966, 13, 3, 1),
(967, 30, 3, 1),
(968, 11, 3, 1),
(969, 34, 3, 1),
(970, 3, 3, 1),
(971, 2, 3, 1),
(972, 12, 3, 1),
(973, 16, 3, 1),
(974, 10, 3, 1),
(975, 7, 3, 1),
(976, 15, 3, 1),
(977, 6, 3, 1),
(978, 2, 3, 1),
(979, 2, 3, 1),
(980, 21, 3, 1),
(981, 18, 3, 1),
(982, 2, 3, 1),
(983, 4, 3, 1),
(984, 3, 3, 1),
(985, 12, 3, 1),
(986, 28, 3, 1),
(987, 11, 3, 1),
(988, 3, 3, 1),
(989, 30, 3, 1),
(990, 35, 3, 1),
(991, 18, 3, 1),
(992, 26, 3, 1),
(993, 26, 3, 1),
(994, 5, 3, 1),
(995, 10, 3, 1),
(996, 11, 3, 1),
(997, 19, 3, 1),
(998, 6, 3, 1),
(999, 15, 3, 1),
(1000, 7, 3, 1),
(1001, 7, 3, 1),
(1002, 13, 3, 1),
(1003, 4, 3, 1),
(1004, 19, 3, 1),
(1005, 5, 3, 1),
(1006, 5, 3, 1),
(1007, 9, 3, 1),
(1008, 13, 3, 1),
(1009, 7, 3, 1),
(1010, 15, 3, 1),
(1011, 7, 3, 1),
(1012, 4, 3, 1),
(1013, 11, 3, 1),
(1014, 38, 3, 1),
(1015, 2, 3, 1),
(1016, 13, 3, 1),
(1017, 18, 3, 1),
(1018, 11, 3, 1),
(1019, 31, 3, 1),
(1020, 3, 3, 1),
(1021, 9, 3, 1),
(1022, 4, 3, 1),
(1023, 2, 3, 1),
(1024, 28, 3, 1),
(1025, 27, 3, 1),
(1026, 17, 3, 1),
(1027, 4, 3, 1),
(1028, 10, 3, 1),
(1029, 37, 3, 1),
(1030, 27, 3, 1),
(1031, 1, 3, 1),
(1032, 3, 3, 1),
(1033, 23, 3, 1),
(1034, 39, 3, 1),
(1035, 13, 3, 1),
(1036, 1, 4, 1),
(1037, 26, 4, 1),
(1038, 30, 4, 1),
(1039, 31, 4, 1),
(1040, 3, 4, 1),
(1041, 21, 4, 1),
(1042, 16, 4, 1),
(1043, 7, 4, 1),
(1044, 6, 4, 1),
(1045, 12, 4, 1),
(1046, 2, 4, 1),
(1047, 15, 4, 1),
(1048, 7, 4, 1),
(1049, 1, 4, 1),
(1050, 11, 4, 1),
(1051, 10, 4, 1),
(1052, 15, 4, 1),
(1053, 6, 4, 1),
(1054, 5, 4, 1),
(1055, 17, 4, 1),
(1056, 8, 4, 1),
(1057, 4, 4, 1),
(1058, 21, 4, 1),
(1059, 18, 4, 1),
(1060, 13, 4, 1),
(1061, 37, 4, 1),
(1062, 7, 4, 1),
(1063, 25, 4, 1),
(1064, 28, 4, 1),
(1065, 8, 4, 1),
(1066, 24, 4, 1),
(1067, 9, 4, 1),
(1068, 19, 4, 1),
(1069, 8, 4, 1),
(1070, 4, 4, 1),
(1071, 13, 4, 1),
(1072, 26, 4, 1),
(1073, 12, 4, 1),
(1074, 1, 4, 1),
(1075, 15, 4, 1),
(1076, 10, 4, 1),
(1077, 24, 4, 1),
(1078, 7, 4, 1),
(1079, 6, 4, 1),
(1080, 15, 4, 1),
(1081, 5, 4, 1),
(1082, 16, 4, 1),
(1083, 5, 4, 1),
(1084, 7, 4, 1),
(1085, 12, 4, 1),
(1086, 2, 4, 1),
(1087, 36, 4, 1),
(1088, 11, 4, 1),
(1089, 21, 4, 1),
(1090, 21, 4, 1),
(1091, 18, 4, 1),
(1092, 32, 4, 1),
(1093, 26, 4, 1),
(1094, 22, 4, 1),
(1095, 10, 4, 1),
(1096, 16, 4, 1),
(1097, 39, 4, 1),
(1098, 4, 4, 1),
(1099, 10, 4, 1),
(1100, 13, 4, 1),
(1101, 4, 4, 1),
(1102, 16, 4, 1),
(1103, 9, 4, 1),
(1104, 13, 4, 1),
(1105, 17, 4, 1),
(1106, 14, 4, 1),
(1107, 10, 4, 1),
(1108, 19, 4, 1),
(1109, 2, 4, 1),
(1110, 32, 4, 1),
(1111, 1, 4, 1),
(1112, 6, 4, 1),
(1113, 23, 4, 1),
(1114, 21, 4, 1),
(1115, 4, 4, 1),
(1116, 7, 4, 1),
(1117, 32, 4, 1),
(1118, 2, 4, 1),
(1119, 18, 4, 1),
(1120, 3, 4, 1),
(1121, 3, 4, 1),
(1122, 6, 4, 1),
(1123, 15, 4, 1),
(1124, 15, 4, 1),
(1125, 23, 4, 1),
(1126, 3, 4, 1),
(1127, 1, 4, 1),
(1128, 6, 4, 1),
(1129, 6, 4, 1),
(1130, 12, 4, 1),
(1131, 2, 4, 1),
(1132, 5, 4, 1),
(1133, 19, 4, 1),
(1134, 9, 4, 1),
(1135, 11, 4, 1),
(1136, 12, 4, 1),
(1137, 20, 4, 1),
(1138, 1, 4, 1),
(1139, 7, 4, 1),
(1140, 19, 4, 1),
(1141, 34, 4, 1),
(1142, 19, 4, 1),
(1143, 5, 4, 1),
(1144, 30, 4, 1),
(1145, 19, 4, 1),
(1146, 1, 4, 1),
(1147, 19, 4, 1),
(1148, 10, 4, 1),
(1149, 24, 4, 1),
(1150, 2, 4, 1),
(1151, 1, 4, 1),
(1152, 8, 4, 1),
(1153, 21, 4, 1),
(1154, 8, 4, 1),
(1155, 23, 4, 1),
(1156, 27, 4, 1),
(1157, 10, 4, 1),
(1158, 19, 4, 1),
(1159, 6, 4, 1),
(1160, 21, 4, 1),
(1161, 3, 4, 1),
(1162, 3, 4, 1),
(1163, 19, 4, 1),
(1164, 7, 4, 1),
(1165, 3, 4, 1),
(1166, 19, 4, 1),
(1167, 6, 4, 1),
(1168, 21, 4, 1),
(1169, 24, 4, 1),
(1170, 15, 4, 1),
(1171, 4, 4, 1),
(1172, 13, 4, 1),
(1173, 11, 4, 1),
(1174, 19, 4, 1),
(1175, 18, 4, 1),
(1176, 21, 4, 1),
(1177, 1, 4, 1),
(1178, 19, 4, 1),
(1179, 13, 4, 1),
(1180, 3, 4, 1),
(1181, 8, 4, 1),
(1182, 21, 4, 1),
(1183, 16, 4, 1),
(1184, 21, 4, 1),
(1185, 5, 4, 1),
(1186, 10, 4, 1),
(1187, 7, 4, 1),
(1188, 4, 4, 1),
(1189, 29, 4, 1),
(1190, 35, 4, 1),
(1191, 35, 4, 1),
(1192, 1, 4, 1),
(1193, 9, 4, 1),
(1194, 5, 4, 1),
(1195, 13, 4, 1),
(1196, 9, 4, 1),
(1197, 4, 4, 1),
(1198, 3, 4, 1),
(1199, 28, 4, 1),
(1200, 2, 4, 1),
(1201, 7, 4, 1),
(1202, 37, 4, 1),
(1203, 22, 4, 1),
(1204, 3, 4, 1),
(1205, 22, 4, 1),
(1206, 17, 4, 1),
(1207, 20, 4, 1),
(1208, 7, 4, 1),
(1209, 14, 4, 1),
(1210, 11, 4, 1),
(1211, 12, 4, 1),
(1212, 21, 4, 1),
(1213, 4, 4, 1),
(1214, 28, 4, 1),
(1215, 5, 4, 1),
(1216, 23, 4, 1),
(1217, 17, 4, 1),
(1218, 16, 4, 1),
(1219, 27, 4, 1),
(1220, 22, 4, 1),
(1221, 12, 4, 1),
(1222, 15, 4, 1),
(1223, 5, 4, 1),
(1224, 14, 4, 1),
(1225, 8, 4, 1),
(1226, 22, 4, 1),
(1227, 1, 4, 1),
(1228, 22, 4, 1),
(1229, 21, 4, 1),
(1230, 10, 4, 1),
(1231, 18, 4, 1),
(1232, 10, 4, 1),
(1233, 32, 4, 1),
(1234, 20, 4, 1),
(1235, 8, 4, 1),
(1236, 14, 4, 1),
(1237, 2, 4, 1),
(1238, 24, 4, 1),
(1239, 37, 4, 1),
(1240, 34, 4, 1),
(1241, 17, 4, 1),
(1242, 23, 4, 1),
(1243, 14, 4, 1),
(1244, 11, 4, 1),
(1245, 1, 4, 1),
(1246, 1, 4, 1),
(1247, 1, 4, 1),
(1248, 10, 4, 1),
(1249, 23, 4, 1),
(1250, 6, 4, 1),
(1251, 1, 4, 1),
(1252, 14, 4, 1),
(1253, 7, 4, 1),
(1254, 11, 4, 1),
(1255, 6, 4, 1),
(1256, 34, 4, 1),
(1257, 8, 4, 1),
(1258, 5, 4, 1),
(1259, 12, 4, 1),
(1260, 27, 4, 1),
(1261, 24, 4, 1),
(1262, 4, 4, 1),
(1263, 10, 4, 1),
(1264, 16, 4, 1),
(1265, 5, 4, 1),
(1266, 9, 4, 1),
(1267, 27, 4, 1),
(1268, 28, 4, 1),
(1269, 18, 4, 1),
(1270, 4, 4, 1),
(1271, 4, 4, 1),
(1272, 11, 4, 1),
(1273, 1, 4, 1),
(1274, 10, 4, 1),
(1275, 8, 4, 1),
(1276, 10, 4, 1),
(1277, 13, 4, 1),
(1278, 5, 4, 1),
(1279, 20, 4, 1),
(1280, 22, 4, 1),
(1281, 37, 4, 1),
(1282, 6, 4, 1),
(1283, 5, 4, 1),
(1284, 21, 4, 1),
(1285, 36, 4, 1),
(1286, 27, 4, 1),
(1287, 25, 4, 1),
(1288, 7, 4, 1),
(1289, 10, 4, 1),
(1290, 28, 4, 1),
(1291, 26, 4, 1),
(1292, 9, 4, 1),
(1293, 26, 4, 1),
(1294, 19, 4, 1),
(1295, 16, 4, 1),
(1296, 22, 4, 1),
(1297, 10, 4, 1),
(1298, 31, 4, 1),
(1299, 5, 4, 1),
(1300, 8, 4, 1),
(1301, 14, 4, 1),
(1302, 17, 4, 1),
(1303, 1, 4, 1),
(1304, 13, 4, 1),
(1305, 10, 4, 1),
(1306, 10, 4, 1),
(1307, 14, 4, 1),
(1308, 26, 4, 1),
(1309, 7, 4, 1),
(1310, 6, 4, 1),
(1311, 9, 4, 1),
(1312, 9, 4, 1),
(1313, 17, 4, 1),
(1314, 15, 4, 1),
(1315, 11, 4, 1),
(1316, 4, 4, 1),
(1317, 26, 4, 1),
(1318, 5, 4, 1),
(1319, 24, 4, 1),
(1320, 9, 4, 1),
(1321, 29, 4, 1),
(1322, 9, 4, 1),
(1323, 7, 4, 1),
(1324, 16, 4, 1),
(1325, 4, 4, 1),
(1326, 24, 4, 1),
(1327, 19, 4, 1),
(1328, 17, 4, 1),
(1329, 26, 4, 1),
(1330, 38, 4, 1),
(1331, 28, 4, 1),
(1332, 6, 4, 1),
(1333, 34, 4, 1),
(1334, 7, 4, 1),
(1335, 10, 4, 1),
(1336, 4, 4, 1),
(1337, 25, 4, 1),
(1338, 5, 4, 1),
(1339, 2, 4, 1),
(1340, 8, 4, 1),
(1341, 8, 4, 1),
(1342, 5, 4, 1),
(1343, 7, 4, 1),
(1344, 34, 4, 1),
(1345, 2, 4, 1),
(1346, 13, 4, 1),
(1347, 17, 4, 1),
(1348, 11, 4, 1),
(1349, 2, 4, 1),
(1350, 18, 4, 1),
(1351, 16, 4, 1),
(1352, 12, 4, 1),
(1353, 13, 4, 1),
(1354, 11, 4, 1),
(1355, 36, 4, 1),
(1356, 21, 4, 1),
(1357, 2, 4, 1),
(1358, 18, 4, 1),
(1359, 23, 4, 1),
(1360, 30, 4, 1),
(1361, 8, 4, 1),
(1362, 15, 4, 1),
(1363, 9, 4, 1),
(1364, 31, 4, 1),
(1365, 17, 4, 1),
(1366, 12, 4, 1),
(1367, 39, 4, 1),
(1368, 16, 4, 1),
(1369, 33, 4, 1),
(1370, 20, 4, 1),
(1371, 3, 4, 1),
(1372, 31, 4, 1),
(1373, 34, 4, 1),
(1374, 26, 4, 1),
(1375, 9, 4, 1),
(1376, 10, 4, 1),
(1377, 15, 4, 1),
(1378, 6, 4, 1),
(1379, 25, 4, 1),
(1380, 20, 4, 1),
(1381, 20, 4, 1),
(1382, 38, 4, 1),
(1383, 10, 4, 1),
(1384, 1, 4, 1),
(1385, 14, 4, 1),
(1386, 7, 4, 1),
(1387, 4, 4, 1),
(1388, 22, 4, 1),
(1389, 8, 4, 1),
(1390, 14, 4, 1),
(1391, 2, 4, 1),
(1392, 11, 4, 1),
(1393, 6, 4, 1),
(1394, 19, 4, 1),
(1395, 5, 4, 1),
(1396, 15, 4, 1),
(1397, 30, 4, 1),
(1398, 26, 4, 1),
(1399, 31, 4, 1),
(1400, 20, 4, 1),
(1401, 2, 4, 1),
(1402, 28, 4, 1),
(1403, 4, 4, 1),
(1404, 20, 4, 1),
(1405, 32, 4, 1),
(1406, 11, 4, 1),
(1407, 23, 4, 1),
(1408, 8, 4, 1),
(1409, 5, 4, 1),
(1410, 24, 4, 1),
(1411, 21, 4, 1),
(1412, 23, 4, 1),
(1413, 9, 4, 1),
(1414, 10, 4, 1),
(1415, 26, 4, 1),
(1416, 3, 4, 1),
(1417, 10, 4, 1),
(1418, 14, 4, 1),
(1419, 15, 4, 1),
(1420, 19, 4, 1),
(1421, 5, 4, 1),
(1422, 18, 4, 1),
(1423, 14, 4, 1),
(1424, 5, 4, 1),
(1425, 29, 4, 1),
(1426, 16, 4, 1),
(1427, 13, 4, 1),
(1428, 26, 4, 1),
(1429, 15, 4, 1),
(1430, 15, 4, 1),
(1431, 7, 4, 1),
(1432, 8, 4, 1),
(1433, 3, 4, 1),
(1434, 28, 4, 1),
(1435, 5, 4, 1),
(1436, 16, 4, 1),
(1437, 1, 4, 1),
(1438, 36, 4, 1),
(1439, 8, 4, 1),
(1440, 16, 4, 1),
(1441, 10, 4, 1),
(1442, 9, 4, 1),
(1443, 5, 4, 1),
(1444, 17, 4, 1),
(1445, 21, 4, 1),
(1446, 20, 4, 1),
(1447, 31, 4, 1),
(1448, 7, 4, 1),
(1449, 16, 4, 1),
(1450, 20, 4, 1),
(1451, 7, 4, 1),
(1452, 11, 4, 1),
(1453, 16, 4, 1),
(1454, 26, 4, 1),
(1455, 8, 4, 1),
(1456, 3, 4, 1),
(1457, 2, 4, 1),
(1458, 18, 4, 1),
(1459, 22, 4, 1),
(1460, 11, 4, 1),
(1461, 9, 4, 1),
(1462, 11, 4, 1),
(1463, 32, 4, 1),
(1464, 27, 4, 1),
(1465, 7, 4, 1),
(1466, 18, 4, 1),
(1467, 13, 4, 1),
(1468, 4, 4, 1),
(1469, 26, 4, 1),
(1470, 2, 4, 1),
(1471, 20, 4, 1),
(1472, 5, 4, 1),
(1473, 13, 4, 1),
(1474, 20, 4, 1),
(1475, 21, 4, 1),
(1476, 21, 4, 1),
(1477, 12, 4, 1),
(1478, 20, 4, 1),
(1479, 29, 4, 1),
(1480, 1, 4, 1),
(1481, 28, 4, 1),
(1482, 26, 4, 1),
(1483, 14, 4, 1),
(1484, 6, 4, 1),
(1485, 4, 4, 1),
(1486, 1, 4, 1),
(1487, 20, 4, 1),
(1488, 35, 4, 1),
(1489, 14, 4, 1),
(1490, 2, 4, 1),
(1491, 15, 4, 1),
(1492, 10, 4, 1),
(1493, 12, 4, 1),
(1494, 9, 4, 1),
(1495, 14, 4, 1),
(1496, 21, 4, 1),
(1497, 2, 4, 1),
(1498, 3, 4, 1),
(1499, 20, 4, 1),
(1500, 8, 4, 1),
(1501, 3, 4, 1),
(1502, 14, 4, 1),
(1503, 12, 4, 1),
(1504, 19, 4, 1),
(1505, 1, 4, 1),
(1506, 21, 4, 1),
(1507, 6, 4, 1),
(1508, 7, 4, 1),
(1509, 26, 4, 1),
(1510, 5, 4, 1),
(1511, 17, 4, 1),
(1512, 21, 4, 1),
(1513, 4, 4, 1),
(1514, 20, 4, 1),
(1515, 6, 4, 1),
(1516, 11, 4, 1),
(1517, 36, 4, 1),
(1518, 25, 4, 1),
(1519, 17, 4, 1),
(1520, 5, 4, 1),
(1521, 5, 4, 1),
(1522, 19, 4, 1),
(1523, 11, 4, 1),
(1524, 22, 4, 1),
(1525, 15, 4, 1),
(1526, 15, 4, 1),
(1527, 2, 4, 1),
(1528, 2, 4, 1),
(1529, 16, 4, 1),
(1530, 31, 4, 1),
(1531, 4, 4, 1),
(1532, 23, 4, 1),
(1533, 14, 4, 1),
(1534, 27, 4, 1),
(1535, 19, 4, 1),
(1536, 14, 4, 1),
(1537, 4, 4, 1),
(1538, 18, 4, 1),
(1539, 17, 4, 1),
(1540, 20, 4, 1),
(1541, 11, 4, 1),
(1542, 19, 5, 1),
(1543, 9, 5, 1),
(1544, 28, 5, 1),
(1545, 10, 5, 1),
(1546, 9, 5, 1),
(1547, 2, 5, 1),
(1548, 8, 5, 1),
(1549, 24, 5, 1),
(1550, 24, 5, 1),
(1551, 2, 5, 1),
(1552, 14, 5, 1),
(1553, 19, 5, 1),
(1554, 16, 5, 1),
(1555, 6, 5, 1),
(1556, 21, 5, 1),
(1557, 7, 5, 1),
(1558, 5, 5, 1),
(1559, 4, 5, 1),
(1560, 19, 5, 1),
(1561, 5, 5, 1),
(1562, 6, 5, 1),
(1563, 3, 5, 1),
(1564, 5, 5, 1),
(1565, 3, 5, 1),
(1566, 2, 5, 1),
(1567, 7, 5, 1),
(1568, 5, 5, 1),
(1569, 2, 5, 1),
(1570, 17, 5, 1),
(1571, 17, 5, 1),
(1572, 10, 5, 1),
(1573, 2, 5, 1),
(1574, 3, 5, 1),
(1575, 5, 5, 1),
(1576, 9, 5, 1),
(1577, 13, 5, 1),
(1578, 3, 5, 1),
(1579, 12, 5, 1),
(1580, 2, 5, 1),
(1581, 4, 5, 1),
(1582, 21, 5, 1),
(1583, 11, 5, 1),
(1584, 30, 5, 1),
(1585, 15, 5, 1),
(1586, 28, 5, 1),
(1587, 13, 5, 1),
(1588, 2, 5, 1),
(1589, 10, 5, 1),
(1590, 5, 5, 1),
(1591, 18, 5, 1),
(1592, 1, 5, 1),
(1593, 8, 5, 1),
(1594, 19, 5, 1),
(1595, 26, 5, 1),
(1596, 12, 5, 1),
(1597, 20, 5, 1),
(1598, 25, 5, 1),
(1599, 19, 5, 1),
(1600, 8, 5, 1),
(1601, 4, 5, 1),
(1602, 33, 5, 1),
(1603, 3, 5, 1),
(1604, 8, 5, 1),
(1605, 14, 5, 1),
(1606, 8, 5, 1),
(1607, 24, 5, 1),
(1608, 4, 5, 1),
(1609, 27, 5, 1),
(1610, 30, 5, 1),
(1611, 4, 5, 1),
(1612, 4, 5, 1),
(1613, 4, 5, 1),
(1614, 13, 5, 1),
(1615, 23, 5, 1),
(1616, 15, 5, 1),
(1617, 14, 5, 1),
(1618, 21, 5, 1),
(1619, 17, 5, 1),
(1620, 20, 5, 1),
(1621, 2, 5, 1),
(1622, 15, 5, 1),
(1623, 26, 5, 1),
(1624, 38, 5, 1),
(1625, 9, 5, 1),
(1626, 10, 5, 1),
(1627, 4, 5, 1),
(1628, 19, 5, 1),
(1629, 13, 5, 1),
(1630, 15, 5, 1),
(1631, 32, 5, 1),
(1632, 4, 5, 1),
(1633, 5, 5, 1),
(1634, 12, 5, 1),
(1635, 5, 5, 1),
(1636, 28, 5, 1),
(1637, 5, 5, 1),
(1638, 19, 5, 1),
(1639, 40, 5, 1),
(1640, 21, 5, 1),
(1641, 5, 5, 1),
(1642, 28, 5, 1),
(1643, 14, 5, 1),
(1644, 6, 5, 1),
(1645, 19, 5, 1),
(1646, 3, 5, 1),
(1647, 8, 5, 1),
(1648, 24, 5, 1),
(1649, 16, 5, 1),
(1650, 23, 5, 1),
(1651, 27, 5, 1),
(1652, 21, 5, 1),
(1653, 25, 5, 1),
(1654, 25, 5, 1),
(1655, 2, 5, 1),
(1656, 17, 5, 1),
(1657, 13, 5, 1),
(1658, 13, 5, 1),
(1659, 24, 5, 1),
(1660, 2, 5, 1),
(1661, 8, 5, 1),
(1662, 7, 5, 1),
(1663, 10, 5, 1),
(1664, 14, 5, 1),
(1665, 27, 5, 1),
(1666, 15, 5, 1),
(1667, 17, 5, 1),
(1668, 14, 5, 1),
(1669, 9, 5, 1),
(1670, 10, 5, 1),
(1671, 13, 5, 1),
(1672, 5, 5, 1),
(1673, 5, 5, 1),
(1674, 22, 5, 1),
(1675, 1, 5, 1),
(1676, 26, 5, 1),
(1677, 27, 5, 1),
(1678, 18, 5, 1),
(1679, 8, 5, 1),
(1680, 21, 5, 1),
(1681, 9, 5, 1),
(1682, 19, 5, 1),
(1683, 3, 5, 1),
(1684, 19, 5, 1),
(1685, 26, 5, 1),
(1686, 8, 5, 1),
(1687, 12, 5, 1),
(1688, 2, 5, 1),
(1689, 20, 5, 1),
(1690, 1, 5, 1),
(1691, 2, 5, 1),
(1692, 14, 5, 1),
(1693, 18, 5, 1),
(1694, 14, 5, 1),
(1695, 10, 5, 1),
(1696, 4, 5, 1),
(1697, 25, 5, 1),
(1698, 5, 5, 1),
(1699, 8, 5, 1),
(1700, 12, 5, 1),
(1701, 27, 5, 1),
(1702, 16, 5, 1),
(1703, 10, 5, 1),
(1704, 8, 5, 1),
(1705, 12, 5, 1),
(1706, 1, 5, 1),
(1707, 5, 5, 1),
(1708, 22, 5, 1),
(1709, 13, 5, 1),
(1710, 18, 5, 1),
(1711, 3, 5, 1),
(1712, 2, 5, 1),
(1713, 27, 5, 1),
(1714, 9, 5, 1),
(1715, 5, 5, 1),
(1716, 29, 5, 1),
(1717, 8, 5, 1),
(1718, 23, 5, 1),
(1719, 5, 5, 1),
(1720, 13, 5, 1),
(1721, 2, 5, 1),
(1722, 29, 5, 1),
(1723, 15, 5, 1),
(1724, 6, 5, 1),
(1725, 8, 5, 1),
(1726, 5, 5, 1),
(1727, 38, 5, 1),
(1728, 12, 5, 1),
(1729, 27, 5, 1),
(1730, 20, 5, 1),
(1731, 17, 5, 1),
(1732, 5, 5, 1),
(1733, 16, 5, 1),
(1734, 5, 5, 1),
(1735, 19, 5, 1),
(1736, 13, 5, 1),
(1737, 20, 5, 1),
(1738, 25, 5, 1),
(1739, 7, 5, 1),
(1740, 10, 5, 1),
(1741, 19, 5, 1),
(1742, 9, 5, 1),
(1743, 23, 5, 1),
(1744, 22, 5, 1),
(1745, 30, 5, 1),
(1746, 6, 5, 1),
(1747, 15, 5, 1),
(1748, 24, 5, 1),
(1749, 1, 5, 1),
(1750, 18, 5, 1),
(1751, 17, 5, 1),
(1752, 9, 5, 1),
(1753, 1, 5, 1),
(1754, 11, 5, 1),
(1755, 23, 5, 1),
(1756, 21, 5, 1),
(1757, 6, 5, 1),
(1758, 20, 5, 1),
(1759, 3, 5, 1),
(1760, 32, 5, 1),
(1761, 30, 5, 1),
(1762, 4, 5, 1),
(1763, 12, 5, 1),
(1764, 1, 5, 1),
(1765, 28, 5, 1),
(1766, 6, 5, 1),
(1767, 18, 5, 1),
(1768, 2, 5, 1),
(1769, 13, 5, 1),
(1770, 17, 5, 1),
(1771, 12, 5, 1),
(1772, 8, 5, 1),
(1773, 6, 5, 1),
(1774, 5, 5, 1),
(1775, 6, 5, 1),
(1776, 15, 5, 1),
(1777, 14, 5, 1),
(1778, 9, 5, 1),
(1779, 14, 5, 1),
(1780, 25, 5, 1),
(1781, 3, 5, 1),
(1782, 20, 5, 1),
(1783, 12, 5, 1),
(1784, 23, 5, 1),
(1785, 26, 5, 1),
(1786, 3, 5, 1),
(1787, 8, 5, 1),
(1788, 29, 5, 1),
(1789, 37, 5, 1),
(1790, 21, 5, 1),
(1791, 18, 5, 1),
(1792, 19, 5, 1),
(1793, 13, 5, 1),
(1794, 16, 5, 1),
(1795, 1, 5, 1),
(1796, 17, 5, 1),
(1797, 28, 5, 1),
(1798, 24, 5, 1),
(1799, 29, 5, 1),
(1800, 23, 5, 1),
(1801, 6, 5, 1),
(1802, 17, 5, 1),
(1803, 21, 5, 1),
(1804, 19, 5, 1),
(1805, 22, 5, 1),
(1806, 1, 5, 1),
(1807, 19, 5, 1),
(1808, 35, 5, 1),
(1809, 4, 5, 1),
(1810, 29, 5, 1),
(1811, 19, 5, 1),
(1812, 6, 5, 1),
(1813, 11, 5, 1),
(1814, 12, 5, 1),
(1815, 27, 5, 1),
(1816, 4, 5, 1),
(1817, 6, 5, 1),
(1818, 16, 5, 1),
(1819, 28, 5, 1),
(1820, 8, 5, 1),
(1821, 17, 5, 1),
(1822, 5, 5, 1),
(1823, 5, 5, 1),
(1824, 20, 5, 1),
(1825, 2, 5, 1),
(1826, 18, 5, 1),
(1827, 10, 5, 1),
(1828, 27, 5, 1),
(1829, 15, 5, 1),
(1830, 8, 5, 1),
(1831, 17, 5, 1),
(1832, 3, 5, 1),
(1833, 2, 5, 1),
(1834, 12, 5, 1),
(1835, 6, 5, 1),
(1836, 34, 5, 1),
(1837, 14, 5, 1),
(1838, 19, 5, 1),
(1839, 2, 5, 1),
(1840, 19, 5, 1),
(1841, 2, 5, 1),
(1842, 10, 5, 1),
(1843, 1, 5, 1),
(1844, 29, 5, 1),
(1845, 12, 5, 1),
(1846, 9, 5, 1),
(1847, 27, 5, 1),
(1848, 33, 5, 1),
(1849, 19, 5, 1),
(1850, 27, 5, 1),
(1851, 17, 5, 1),
(1852, 12, 5, 1),
(1853, 16, 5, 1),
(1854, 7, 5, 1),
(1855, 17, 5, 1),
(1856, 13, 5, 1),
(1857, 5, 5, 1),
(1858, 15, 5, 1),
(1859, 1, 5, 1),
(1860, 3, 5, 1),
(1861, 1, 5, 1),
(1862, 14, 5, 1),
(1863, 16, 5, 1),
(1864, 13, 5, 1),
(1865, 31, 5, 1),
(1866, 7, 5, 1),
(1867, 34, 5, 1),
(1868, 21, 5, 1),
(1869, 8, 5, 1),
(1870, 24, 5, 1),
(1871, 1, 5, 1),
(1872, 22, 5, 1),
(1873, 32, 5, 1),
(1874, 11, 5, 1),
(1875, 1, 5, 1),
(1876, 6, 5, 1),
(1877, 15, 5, 1),
(1878, 28, 5, 1),
(1879, 21, 5, 1),
(1880, 10, 5, 1),
(1881, 17, 5, 1),
(1882, 12, 5, 1),
(1883, 4, 5, 1),
(1884, 19, 5, 1),
(1885, 20, 5, 1),
(1886, 18, 5, 1),
(1887, 26, 5, 1),
(1888, 3, 5, 1),
(1889, 25, 5, 1),
(1890, 6, 5, 1),
(1891, 8, 5, 1),
(1892, 16, 5, 1),
(1893, 16, 5, 1),
(1894, 16, 5, 1),
(1895, 4, 5, 1),
(1896, 32, 5, 1),
(1897, 28, 5, 1),
(1898, 31, 5, 1),
(1899, 21, 5, 1),
(1900, 15, 5, 1),
(1901, 2, 5, 1),
(1902, 6, 5, 1),
(1903, 1, 5, 1),
(1904, 19, 5, 1),
(1905, 35, 5, 1),
(1906, 21, 5, 1),
(1907, 32, 5, 1),
(1908, 10, 5, 1),
(1909, 13, 5, 1),
(1910, 34, 5, 1),
(1911, 12, 5, 1),
(1912, 2, 5, 1),
(1913, 6, 5, 1),
(1914, 33, 5, 1),
(1915, 16, 5, 1),
(1916, 3, 5, 1),
(1917, 19, 5, 1),
(1918, 3, 5, 1),
(1919, 32, 5, 1),
(1920, 27, 5, 1),
(1921, 17, 5, 1),
(1922, 19, 5, 1),
(1923, 6, 5, 1),
(1924, 4, 5, 1),
(1925, 34, 5, 1),
(1926, 23, 5, 1),
(1927, 10, 5, 1),
(1928, 14, 5, 1),
(1929, 6, 5, 1),
(1930, 9, 5, 1),
(1931, 24, 5, 1),
(1932, 1, 5, 1),
(1933, 11, 5, 1),
(1934, 29, 5, 1),
(1935, 33, 5, 1),
(1936, 19, 5, 1),
(1937, 3, 5, 1),
(1938, 3, 5, 1),
(1939, 12, 5, 1),
(1940, 6, 5, 1),
(1941, 12, 5, 1),
(1942, 3, 5, 1),
(1943, 3, 5, 1),
(1944, 30, 5, 1),
(1945, 24, 5, 1),
(1946, 12, 5, 1),
(1947, 14, 5, 1),
(1948, 14, 5, 1),
(1949, 24, 5, 1),
(1950, 3, 5, 1),
(1951, 13, 5, 1),
(1952, 15, 5, 1),
(1953, 22, 5, 1),
(1954, 18, 5, 1),
(1955, 25, 5, 1),
(1956, 2, 5, 1),
(1957, 5, 5, 1),
(1958, 7, 5, 1),
(1959, 10, 5, 1),
(1960, 16, 5, 1),
(1961, 1, 5, 1),
(1962, 22, 5, 1),
(1963, 14, 5, 1),
(1964, 2, 5, 1),
(1965, 4, 5, 1),
(1966, 2, 5, 1),
(1967, 28, 5, 1),
(1968, 14, 5, 1),
(1969, 4, 5, 1),
(1970, 2, 5, 1),
(1971, 8, 5, 1),
(1972, 4, 5, 1),
(1973, 4, 5, 1),
(1974, 8, 5, 1),
(1975, 9, 5, 1),
(1976, 6, 5, 1),
(1977, 3, 5, 1),
(1978, 13, 5, 1),
(1979, 15, 5, 1),
(1980, 19, 5, 1),
(1981, 11, 5, 1),
(1982, 23, 5, 1),
(1983, 2, 5, 1),
(1984, 7, 5, 1),
(1985, 12, 5, 1),
(1986, 20, 5, 1),
(1987, 9, 5, 1),
(1988, 23, 5, 1),
(1989, 1, 5, 1),
(1990, 15, 5, 1),
(1991, 17, 5, 1),
(1992, 7, 5, 1),
(1993, 32, 5, 1),
(1994, 13, 5, 1),
(1995, 26, 5, 1),
(1996, 8, 5, 1),
(1997, 1, 5, 1),
(1998, 15, 5, 1),
(1999, 24, 5, 1),
(2000, 15, 5, 1),
(2001, 1, 5, 1),
(2002, 2, 5, 1),
(2003, 5, 5, 1),
(2004, 25, 5, 1),
(2005, 3, 5, 1),
(2006, 4, 5, 1),
(2007, 9, 5, 1),
(2008, 33, 5, 1),
(2009, 33, 5, 1),
(2010, 16, 5, 1),
(2011, 19, 5, 1),
(2012, 9, 5, 1),
(2013, 26, 5, 1),
(2014, 23, 5, 1),
(2015, 14, 5, 1),
(2016, 25, 5, 1),
(2017, 19, 5, 1),
(2018, 20, 5, 1),
(2019, 3, 5, 1),
(2020, 16, 5, 1),
(2021, 11, 5, 1),
(2022, 20, 5, 1),
(2023, 18, 5, 1),
(2024, 11, 5, 1),
(2025, 31, 5, 1),
(2026, 19, 5, 1),
(2027, 10, 5, 1),
(2028, 5, 5, 1),
(2029, 7, 5, 1),
(2030, 14, 5, 1),
(2031, 26, 5, 1),
(2032, 8, 5, 1),
(2033, 20, 5, 1),
(2034, 32, 5, 1),
(2035, 3, 5, 1),
(2036, 24, 5, 1),
(2037, 12, 5, 1),
(2038, 4, 5, 1),
(2039, 4, 5, 1),
(2040, 3, 5, 1),
(2041, 28, 5, 1),
(2042, 35, 5, 1),
(2043, 12, 5, 1),
(2044, 26, 5, 1),
(2045, 7, 5, 1),
(2046, 15, 5, 1),
(2047, 14, 5, 1),
(2048, 24, 6, 1),
(2049, 32, 6, 1),
(2050, 17, 6, 1),
(2051, 21, 6, 1),
(2052, 40, 6, 1),
(2053, 13, 6, 1),
(2054, 5, 6, 1),
(2055, 13, 6, 1),
(2056, 8, 6, 1),
(2057, 2, 6, 1),
(2058, 7, 6, 1),
(2059, 22, 6, 1),
(2060, 1, 6, 1),
(2061, 2, 6, 1),
(2062, 1, 6, 1),
(2063, 1, 6, 1),
(2064, 13, 6, 1),
(2065, 1, 6, 1),
(2066, 5, 6, 1),
(2067, 5, 6, 1),
(2068, 8, 6, 1),
(2069, 18, 6, 1),
(2070, 11, 6, 1),
(2071, 27, 6, 1),
(2072, 21, 6, 1),
(2073, 23, 6, 1),
(2074, 10, 6, 1),
(2075, 22, 6, 1),
(2076, 37, 6, 1),
(2077, 2, 6, 1),
(2078, 15, 6, 1),
(2079, 21, 6, 1),
(2080, 24, 6, 1),
(2081, 10, 6, 1),
(2082, 2, 6, 1),
(2083, 18, 6, 1),
(2084, 19, 6, 1),
(2085, 24, 6, 1),
(2086, 21, 6, 1),
(2087, 2, 6, 1),
(2088, 2, 6, 1),
(2089, 5, 6, 1),
(2090, 25, 6, 1),
(2091, 12, 6, 1),
(2092, 17, 6, 1),
(2093, 7, 6, 1),
(2094, 16, 6, 1),
(2095, 10, 6, 1),
(2096, 6, 6, 1),
(2097, 38, 6, 1),
(2098, 12, 6, 1),
(2099, 25, 6, 1),
(2100, 1, 6, 1),
(2101, 26, 6, 1),
(2102, 18, 6, 1),
(2103, 1, 6, 1),
(2104, 7, 6, 1),
(2105, 4, 6, 1),
(2106, 23, 6, 1),
(2107, 37, 6, 1),
(2108, 6, 6, 1),
(2109, 17, 6, 1),
(2110, 9, 6, 1),
(2111, 34, 6, 1),
(2112, 16, 6, 1),
(2113, 1, 6, 1),
(2114, 13, 6, 1),
(2115, 6, 6, 1),
(2116, 7, 6, 1),
(2117, 4, 6, 1),
(2118, 9, 6, 1),
(2119, 17, 6, 1),
(2120, 6, 6, 1),
(2121, 18, 6, 1),
(2122, 1, 6, 1),
(2123, 27, 6, 1),
(2124, 2, 6, 1),
(2125, 4, 6, 1),
(2126, 2, 6, 1),
(2127, 6, 6, 1),
(2128, 22, 6, 1),
(2129, 30, 6, 1),
(2130, 31, 6, 1),
(2131, 10, 6, 1),
(2132, 34, 6, 1),
(2133, 3, 6, 1),
(2134, 15, 6, 1),
(2135, 4, 6, 1),
(2136, 22, 6, 1),
(2137, 5, 6, 1),
(2138, 14, 6, 1),
(2139, 13, 6, 1),
(2140, 23, 6, 1),
(2141, 8, 6, 1),
(2142, 1, 6, 1),
(2143, 1, 6, 1),
(2144, 10, 6, 1),
(2145, 31, 6, 1),
(2146, 31, 6, 1),
(2147, 16, 6, 1),
(2148, 18, 6, 1),
(2149, 13, 6, 1),
(2150, 25, 6, 1),
(2151, 5, 6, 1),
(2152, 21, 6, 1),
(2153, 7, 6, 1),
(2154, 29, 6, 1),
(2155, 4, 6, 1),
(2156, 13, 6, 1),
(2157, 11, 6, 1),
(2158, 16, 6, 1),
(2159, 4, 6, 1),
(2160, 9, 6, 1),
(2161, 14, 6, 1),
(2162, 16, 6, 1),
(2163, 17, 6, 1),
(2164, 9, 6, 1),
(2165, 10, 6, 1),
(2166, 1, 6, 1),
(2167, 33, 6, 1),
(2168, 17, 6, 1),
(2169, 13, 6, 1),
(2170, 4, 6, 1),
(2171, 23, 6, 1),
(2172, 9, 6, 1),
(2173, 5, 6, 1),
(2174, 10, 6, 1),
(2175, 4, 6, 1),
(2176, 24, 6, 1),
(2177, 9, 6, 1),
(2178, 32, 6, 1),
(2179, 15, 6, 1),
(2180, 9, 6, 1),
(2181, 6, 6, 1),
(2182, 2, 6, 1),
(2183, 25, 6, 1),
(2184, 8, 6, 1),
(2185, 18, 6, 1),
(2186, 5, 6, 1),
(2187, 11, 6, 1),
(2188, 16, 6, 1),
(2189, 27, 6, 1),
(2190, 11, 6, 1),
(2191, 19, 6, 1),
(2192, 7, 6, 1),
(2193, 19, 6, 1),
(2194, 6, 6, 1),
(2195, 10, 6, 1),
(2196, 20, 6, 1),
(2197, 17, 6, 1),
(2198, 18, 6, 1),
(2199, 19, 6, 1),
(2200, 14, 6, 1),
(2201, 3, 6, 1),
(2202, 29, 6, 1),
(2203, 12, 6, 1),
(2204, 24, 6, 1),
(2205, 14, 6, 1),
(2206, 32, 6, 1),
(2207, 4, 6, 1),
(2208, 5, 6, 1),
(2209, 13, 6, 1),
(2210, 36, 6, 1),
(2211, 21, 6, 1),
(2212, 5, 6, 1),
(2213, 1, 6, 1),
(2214, 16, 6, 1),
(2215, 4, 6, 1),
(2216, 3, 6, 1),
(2217, 6, 6, 1),
(2218, 27, 6, 1),
(2219, 17, 6, 1),
(2220, 20, 6, 1),
(2221, 23, 6, 1),
(2222, 8, 6, 1),
(2223, 9, 6, 1),
(2224, 16, 6, 1),
(2225, 11, 6, 1),
(2226, 34, 6, 1),
(2227, 27, 6, 1),
(2228, 15, 6, 1),
(2229, 7, 6, 1),
(2230, 14, 6, 1),
(2231, 14, 6, 1),
(2232, 16, 6, 1),
(2233, 11, 6, 1),
(2234, 31, 6, 1),
(2235, 12, 6, 1),
(2236, 33, 6, 1),
(2237, 3, 6, 1),
(2238, 27, 6, 1),
(2239, 26, 6, 1),
(2240, 10, 6, 1),
(2241, 1, 6, 1),
(2242, 6, 6, 1),
(2243, 9, 6, 1),
(2244, 36, 6, 1),
(2245, 6, 6, 1),
(2246, 9, 6, 1),
(2247, 26, 6, 1),
(2248, 18, 6, 1),
(2249, 36, 6, 1),
(2250, 17, 6, 1),
(2251, 23, 6, 1),
(2252, 2, 6, 1),
(2253, 3, 6, 1),
(2254, 5, 6, 1),
(2255, 10, 6, 1),
(2256, 20, 6, 1),
(2257, 13, 6, 1),
(2258, 9, 6, 1),
(2259, 2, 6, 1),
(2260, 24, 6, 1),
(2261, 11, 6, 1),
(2262, 7, 6, 1),
(2263, 1, 6, 1),
(2264, 10, 6, 1),
(2265, 13, 6, 1),
(2266, 32, 6, 1),
(2267, 5, 6, 1),
(2268, 6, 6, 1),
(2269, 14, 6, 1),
(2270, 26, 6, 1),
(2271, 9, 6, 1),
(2272, 7, 6, 1),
(2273, 6, 6, 1),
(2274, 9, 6, 1),
(2275, 14, 6, 1),
(2276, 21, 6, 1),
(2277, 8, 6, 1),
(2278, 5, 6, 1),
(2279, 6, 6, 1),
(2280, 16, 6, 1),
(2281, 2, 6, 1),
(2282, 3, 6, 1),
(2283, 4, 6, 1),
(2284, 28, 6, 1),
(2285, 14, 6, 1),
(2286, 18, 6, 1),
(2287, 24, 6, 1),
(2288, 23, 6, 1),
(2289, 7, 6, 1),
(2290, 5, 6, 1),
(2291, 11, 6, 1),
(2292, 36, 6, 1),
(2293, 3, 6, 1),
(2294, 17, 6, 1),
(2295, 2, 6, 1),
(2296, 4, 6, 1),
(2297, 17, 6, 1),
(2298, 6, 6, 1),
(2299, 7, 6, 1),
(2300, 18, 6, 1),
(2301, 27, 6, 1),
(2302, 5, 6, 1),
(2303, 1, 6, 1),
(2304, 21, 6, 1),
(2305, 29, 6, 1),
(2306, 34, 6, 1),
(2307, 8, 6, 1),
(2308, 2, 6, 1),
(2309, 26, 6, 1),
(2310, 5, 6, 1),
(2311, 19, 6, 1),
(2312, 10, 6, 1),
(2313, 22, 6, 1),
(2314, 21, 6, 1),
(2315, 6, 6, 1),
(2316, 7, 6, 1),
(2317, 5, 6, 1),
(2318, 28, 6, 1),
(2319, 5, 6, 1),
(2320, 24, 6, 1),
(2321, 10, 6, 1),
(2322, 11, 6, 1),
(2323, 5, 6, 1),
(2324, 30, 6, 1),
(2325, 14, 6, 1),
(2326, 20, 6, 1),
(2327, 9, 6, 1),
(2328, 7, 6, 1),
(2329, 9, 6, 1),
(2330, 20, 6, 1),
(2331, 8, 6, 1),
(2332, 29, 6, 1),
(2333, 4, 6, 1),
(2334, 22, 6, 1),
(2335, 15, 6, 1),
(2336, 8, 6, 1),
(2337, 10, 6, 1),
(2338, 33, 6, 1),
(2339, 16, 6, 1),
(2340, 19, 6, 1),
(2341, 12, 6, 1),
(2342, 2, 6, 1),
(2343, 23, 6, 1),
(2344, 13, 6, 1),
(2345, 8, 6, 1),
(2346, 8, 6, 1),
(2347, 15, 6, 1),
(2348, 7, 6, 1),
(2349, 40, 6, 1),
(2350, 11, 6, 1),
(2351, 12, 6, 1),
(2352, 4, 6, 1),
(2353, 12, 6, 1),
(2354, 6, 6, 1),
(2355, 28, 6, 1),
(2356, 3, 6, 1),
(2357, 5, 6, 1),
(2358, 23, 6, 1),
(2359, 14, 6, 1),
(2360, 12, 6, 1),
(2361, 3, 6, 1),
(2362, 11, 6, 1),
(2363, 7, 6, 1),
(2364, 1, 6, 1),
(2365, 35, 6, 1),
(2366, 8, 6, 1),
(2367, 2, 6, 1),
(2368, 22, 6, 1),
(2369, 5, 6, 1),
(2370, 3, 6, 1),
(2371, 13, 6, 1),
(2372, 31, 6, 1),
(2373, 22, 6, 1),
(2374, 17, 6, 1),
(2375, 10, 6, 1),
(2376, 3, 6, 1),
(2377, 1, 6, 1),
(2378, 2, 6, 1),
(2379, 13, 6, 1),
(2380, 9, 6, 1),
(2381, 8, 6, 1),
(2382, 18, 6, 1),
(2383, 26, 6, 1),
(2384, 34, 6, 1),
(2385, 29, 6, 1),
(2386, 16, 6, 1),
(2387, 5, 6, 1),
(2388, 3, 6, 1),
(2389, 15, 6, 1),
(2390, 24, 6, 1),
(2391, 3, 6, 1),
(2392, 15, 6, 1),
(2393, 22, 6, 1),
(2394, 35, 6, 1),
(2395, 20, 6, 1),
(2396, 40, 6, 1),
(2397, 11, 6, 1),
(2398, 10, 6, 1),
(2399, 5, 6, 1),
(2400, 1, 6, 1),
(2401, 11, 6, 1),
(2402, 3, 6, 1),
(2403, 35, 6, 1),
(2404, 37, 6, 1),
(2405, 2, 6, 1),
(2406, 20, 6, 1),
(2407, 5, 6, 1),
(2408, 12, 6, 1),
(2409, 3, 6, 1),
(2410, 6, 6, 1),
(2411, 10, 6, 1),
(2412, 15, 6, 1),
(2413, 25, 6, 1),
(2414, 7, 6, 1),
(2415, 15, 6, 1),
(2416, 19, 6, 1),
(2417, 11, 6, 1),
(2418, 11, 6, 1),
(2419, 25, 6, 1),
(2420, 29, 6, 1),
(2421, 32, 6, 1),
(2422, 35, 6, 1),
(2423, 26, 6, 1),
(2424, 22, 6, 1),
(2425, 9, 6, 1),
(2426, 18, 6, 1),
(2427, 24, 6, 1),
(2428, 25, 6, 1),
(2429, 11, 6, 1),
(2430, 22, 6, 1),
(2431, 34, 6, 1),
(2432, 23, 6, 1),
(2433, 5, 6, 1),
(2434, 1, 6, 1),
(2435, 39, 6, 1),
(2436, 1, 6, 1),
(2437, 3, 6, 1),
(2438, 7, 6, 1),
(2439, 15, 6, 1),
(2440, 9, 6, 1),
(2441, 14, 6, 1),
(2442, 6, 6, 1),
(2443, 3, 6, 1),
(2444, 16, 6, 1),
(2445, 16, 6, 1),
(2446, 9, 6, 1),
(2447, 8, 6, 1),
(2448, 21, 6, 1),
(2449, 40, 6, 1),
(2450, 17, 6, 1),
(2451, 5, 6, 1),
(2452, 13, 6, 1),
(2453, 8, 6, 1),
(2454, 3, 6, 1),
(2455, 30, 6, 1),
(2456, 18, 6, 1),
(2457, 2, 6, 1),
(2458, 21, 6, 1),
(2459, 5, 6, 1),
(2460, 1, 6, 1),
(2461, 22, 6, 1),
(2462, 24, 6, 1),
(2463, 30, 6, 1),
(2464, 17, 6, 1),
(2465, 15, 6, 1),
(2466, 35, 6, 1),
(2467, 2, 6, 1),
(2468, 3, 6, 1),
(2469, 10, 6, 1),
(2470, 27, 6, 1),
(2471, 5, 6, 1),
(2472, 15, 6, 1),
(2473, 6, 6, 1),
(2474, 24, 6, 1),
(2475, 11, 6, 1),
(2476, 19, 6, 1),
(2477, 2, 6, 1),
(2478, 14, 6, 1),
(2479, 7, 6, 1),
(2480, 17, 6, 1),
(2481, 1, 6, 1),
(2482, 18, 6, 1),
(2483, 4, 6, 1),
(2484, 3, 6, 1),
(2485, 19, 6, 1),
(2486, 26, 6, 1),
(2487, 16, 6, 1),
(2488, 32, 6, 1),
(2489, 3, 6, 1),
(2490, 20, 6, 1),
(2491, 25, 6, 1),
(2492, 12, 6, 1),
(2493, 25, 6, 1),
(2494, 1, 6, 1),
(2495, 10, 6, 1),
(2496, 8, 6, 1),
(2497, 5, 6, 1),
(2498, 13, 6, 1),
(2499, 4, 6, 1),
(2500, 20, 6, 1),
(2501, 8, 6, 1),
(2502, 15, 6, 1),
(2503, 5, 6, 1),
(2504, 14, 6, 1),
(2505, 32, 6, 1),
(2506, 12, 6, 1),
(2507, 30, 6, 1),
(2508, 15, 6, 1),
(2509, 32, 6, 1),
(2510, 15, 6, 1),
(2511, 7, 6, 1),
(2512, 35, 6, 1),
(2513, 20, 6, 1),
(2514, 21, 6, 1),
(2515, 5, 6, 1),
(2516, 31, 6, 1),
(2517, 4, 6, 1),
(2518, 9, 6, 1),
(2519, 25, 6, 1),
(2520, 16, 6, 1),
(2521, 6, 6, 1),
(2522, 17, 6, 1),
(2523, 8, 6, 1),
(2524, 1, 6, 1),
(2525, 2, 6, 1),
(2526, 33, 6, 1),
(2527, 12, 6, 1),
(2528, 10, 6, 1),
(2529, 19, 6, 1),
(2530, 35, 6, 1),
(2531, 14, 6, 1),
(2532, 13, 6, 1),
(2533, 23, 6, 1),
(2534, 34, 6, 1),
(2535, 13, 6, 1),
(2536, 10, 6, 1),
(2537, 22, 6, 1),
(2538, 1, 6, 1),
(2539, 16, 6, 1),
(2540, 18, 6, 1),
(2541, 10, 6, 1),
(2542, 18, 6, 1),
(2543, 6, 6, 1),
(2544, 1, 6, 1),
(2545, 24, 6, 1),
(2546, 1, 6, 1),
(2547, 34, 6, 1),
(2548, 2, 6, 1),
(2549, 9, 6, 1),
(2550, 1, 6, 1),
(2551, 4, 6, 1),
(2552, 2, 6, 1),
(2553, 2, 6, 1),
(2554, 9, 7, 1),
(2555, 26, 7, 1),
(2556, 24, 7, 1),
(2557, 29, 7, 1),
(2558, 5, 7, 1),
(2559, 3, 7, 1),
(2560, 11, 7, 1),
(2561, 4, 7, 1),
(2562, 2, 7, 1),
(2563, 5, 7, 1),
(2564, 5, 7, 1),
(2565, 10, 7, 1),
(2566, 34, 7, 1),
(2567, 22, 7, 1),
(2568, 6, 7, 1),
(2569, 5, 7, 1),
(2570, 7, 7, 1),
(2571, 20, 7, 1),
(2572, 34, 7, 1),
(2573, 1, 7, 1),
(2574, 4, 7, 1),
(2575, 1, 7, 1),
(2576, 3, 7, 1),
(2577, 3, 7, 1),
(2578, 5, 7, 1),
(2579, 7, 7, 1),
(2580, 9, 7, 1),
(2581, 14, 7, 1),
(2582, 34, 7, 1),
(2583, 16, 7, 1),
(2584, 36, 7, 1),
(2585, 9, 7, 1),
(2586, 16, 7, 1),
(2587, 15, 7, 1),
(2588, 15, 7, 1),
(2589, 5, 7, 1),
(2590, 8, 7, 1),
(2591, 13, 7, 1),
(2592, 21, 7, 1),
(2593, 12, 7, 1),
(2594, 10, 7, 1),
(2595, 11, 7, 1),
(2596, 3, 7, 1),
(2597, 8, 7, 1),
(2598, 6, 7, 1),
(2599, 35, 7, 1),
(2600, 1, 7, 1),
(2601, 7, 7, 1),
(2602, 5, 7, 1),
(2603, 3, 7, 1),
(2604, 14, 7, 1),
(2605, 24, 7, 1),
(2606, 16, 7, 1),
(2607, 2, 7, 1),
(2608, 10, 7, 1),
(2609, 7, 7, 1),
(2610, 10, 7, 1),
(2611, 32, 7, 1),
(2612, 6, 7, 1),
(2613, 28, 7, 1),
(2614, 20, 7, 1),
(2615, 29, 7, 1),
(2616, 28, 7, 1),
(2617, 28, 7, 1),
(2618, 5, 7, 1),
(2619, 16, 7, 1),
(2620, 17, 7, 1),
(2621, 2, 7, 1),
(2622, 10, 7, 1),
(2623, 11, 7, 1),
(2624, 10, 7, 1),
(2625, 10, 7, 1),
(2626, 8, 7, 1),
(2627, 8, 7, 1),
(2628, 8, 7, 1),
(2629, 15, 7, 1),
(2630, 35, 7, 1),
(2631, 9, 7, 1),
(2632, 18, 7, 1),
(2633, 5, 7, 1),
(2634, 4, 7, 1),
(2635, 13, 7, 1),
(2636, 2, 7, 1),
(2637, 16, 7, 1),
(2638, 8, 7, 1),
(2639, 8, 7, 1),
(2640, 13, 7, 1),
(2641, 19, 7, 1),
(2642, 8, 7, 1),
(2643, 32, 7, 1),
(2644, 3, 7, 1),
(2645, 17, 7, 1),
(2646, 32, 7, 1),
(2647, 32, 7, 1),
(2648, 22, 7, 1),
(2649, 12, 7, 1),
(2650, 30, 7, 1),
(2651, 4, 7, 1),
(2652, 1, 7, 1),
(2653, 15, 7, 1),
(2654, 17, 7, 1),
(2655, 6, 7, 1),
(2656, 12, 7, 1),
(2657, 21, 7, 1),
(2658, 17, 7, 1),
(2659, 15, 7, 1),
(2660, 2, 7, 1),
(2661, 11, 7, 1),
(2662, 6, 7, 1),
(2663, 7, 7, 1),
(2664, 16, 7, 1),
(2665, 15, 7, 1),
(2666, 1, 7, 1),
(2667, 20, 7, 1),
(2668, 38, 7, 1),
(2669, 9, 7, 1),
(2670, 38, 7, 1),
(2671, 7, 7, 1),
(2672, 5, 7, 1),
(2673, 3, 7, 1),
(2674, 9, 7, 1),
(2675, 37, 7, 1),
(2676, 5, 7, 1),
(2677, 26, 7, 1),
(2678, 3, 7, 1),
(2679, 1, 7, 1),
(2680, 22, 7, 1),
(2681, 28, 7, 1),
(2682, 3, 7, 1),
(2683, 7, 7, 1),
(2684, 12, 7, 1),
(2685, 19, 7, 1),
(2686, 9, 7, 1),
(2687, 3, 7, 1),
(2688, 23, 7, 1),
(2689, 21, 7, 1),
(2690, 36, 7, 1),
(2691, 32, 7, 1),
(2692, 33, 7, 1),
(2693, 16, 7, 1),
(2694, 16, 7, 1),
(2695, 10, 7, 1),
(2696, 3, 7, 1),
(2697, 18, 7, 1),
(2698, 5, 7, 1),
(2699, 1, 7, 1),
(2700, 4, 7, 1),
(2701, 15, 7, 1),
(2702, 21, 7, 1),
(2703, 15, 7, 1),
(2704, 12, 7, 1),
(2705, 4, 7, 1),
(2706, 30, 7, 1),
(2707, 12, 7, 1),
(2708, 1, 7, 1),
(2709, 7, 7, 1),
(2710, 12, 7, 1),
(2711, 9, 7, 1),
(2712, 28, 7, 1),
(2713, 10, 7, 1),
(2714, 3, 7, 1),
(2715, 25, 7, 1),
(2716, 22, 7, 1),
(2717, 6, 7, 1),
(2718, 24, 7, 1),
(2719, 18, 7, 1),
(2720, 10, 7, 1),
(2721, 13, 7, 1),
(2722, 26, 7, 1),
(2723, 4, 7, 1),
(2724, 14, 7, 1),
(2725, 15, 7, 1),
(2726, 14, 7, 1),
(2727, 3, 7, 1),
(2728, 10, 7, 1),
(2729, 17, 7, 1),
(2730, 18, 7, 1),
(2731, 4, 7, 1),
(2732, 2, 7, 1),
(2733, 8, 7, 1),
(2734, 27, 7, 1),
(2735, 35, 7, 1),
(2736, 17, 7, 1),
(2737, 14, 7, 1),
(2738, 21, 7, 1),
(2739, 5, 7, 1),
(2740, 9, 7, 1),
(2741, 16, 7, 1),
(2742, 11, 7, 1),
(2743, 7, 7, 1),
(2744, 4, 7, 1),
(2745, 12, 7, 1),
(2746, 3, 7, 1),
(2747, 12, 7, 1),
(2748, 30, 7, 1),
(2749, 5, 7, 1),
(2750, 18, 7, 1),
(2751, 12, 7, 1),
(2752, 1, 7, 1),
(2753, 19, 7, 1),
(2754, 13, 7, 1),
(2755, 15, 7, 1),
(2756, 11, 7, 1),
(2757, 2, 7, 1),
(2758, 3, 7, 1),
(2759, 3, 7, 1),
(2760, 6, 7, 1),
(2761, 37, 7, 1),
(2762, 6, 7, 1),
(2763, 17, 7, 1),
(2764, 13, 7, 1),
(2765, 7, 7, 1),
(2766, 34, 7, 1),
(2767, 29, 7, 1),
(2768, 1, 7, 1),
(2769, 15, 7, 1),
(2770, 28, 7, 1),
(2771, 13, 7, 1),
(2772, 16, 7, 1),
(2773, 32, 7, 1),
(2774, 12, 7, 1),
(2775, 4, 7, 1),
(2776, 18, 7, 1),
(2777, 10, 7, 1),
(2778, 11, 7, 1),
(2779, 15, 7, 1),
(2780, 24, 7, 1),
(2781, 30, 7, 1),
(2782, 35, 7, 1),
(2783, 5, 7, 1),
(2784, 15, 7, 1),
(2785, 9, 7, 1),
(2786, 4, 7, 1),
(2787, 2, 7, 1),
(2788, 17, 7, 1),
(2789, 31, 7, 1),
(2790, 25, 7, 1),
(2791, 13, 7, 1),
(2792, 12, 7, 1),
(2793, 12, 7, 1),
(2794, 7, 7, 1),
(2795, 20, 7, 1),
(2796, 22, 7, 1),
(2797, 1, 7, 1),
(2798, 20, 7, 1),
(2799, 18, 7, 1),
(2800, 24, 7, 1),
(2801, 35, 7, 1),
(2802, 17, 7, 1),
(2803, 4, 7, 1),
(2804, 31, 7, 1),
(2805, 29, 7, 1),
(2806, 9, 7, 1),
(2807, 38, 7, 1),
(2808, 7, 7, 1),
(2809, 4, 7, 1),
(2810, 13, 7, 1),
(2811, 26, 7, 1),
(2812, 16, 7, 1),
(2813, 3, 7, 1),
(2814, 14, 7, 1),
(2815, 19, 7, 1),
(2816, 4, 7, 1),
(2817, 6, 7, 1),
(2818, 2, 7, 1),
(2819, 33, 7, 1),
(2820, 4, 7, 1),
(2821, 10, 7, 1),
(2822, 7, 7, 1),
(2823, 4, 7, 1),
(2824, 12, 7, 1),
(2825, 13, 7, 1),
(2826, 1, 7, 1),
(2827, 33, 7, 1),
(2828, 20, 7, 1),
(2829, 18, 7, 1),
(2830, 10, 7, 1),
(2831, 5, 7, 1),
(2832, 12, 7, 1),
(2833, 37, 7, 1),
(2834, 6, 7, 1),
(2835, 13, 7, 1),
(2836, 11, 7, 1),
(2837, 13, 7, 1),
(2838, 32, 7, 1),
(2839, 3, 7, 1),
(2840, 9, 7, 1),
(2841, 1, 7, 1),
(2842, 7, 7, 1),
(2843, 14, 7, 1),
(2844, 1, 7, 1),
(2845, 20, 7, 1),
(2846, 7, 7, 1),
(2847, 8, 7, 1),
(2848, 10, 7, 1),
(2849, 24, 7, 1),
(2850, 30, 7, 1),
(2851, 31, 7, 1),
(2852, 1, 7, 1),
(2853, 13, 7, 1),
(2854, 18, 7, 1),
(2855, 25, 7, 1),
(2856, 8, 7, 1),
(2857, 31, 7, 1),
(2858, 8, 7, 1),
(2859, 5, 7, 1),
(2860, 17, 7, 1),
(2861, 10, 7, 1),
(2862, 1, 7, 1),
(2863, 2, 7, 1),
(2864, 16, 7, 1),
(2865, 28, 7, 1),
(2866, 20, 7, 1),
(2867, 18, 7, 1),
(2868, 2, 7, 1),
(2869, 9, 7, 1),
(2870, 6, 7, 1),
(2871, 3, 7, 1),
(2872, 23, 7, 1),
(2873, 21, 7, 1),
(2874, 2, 7, 1),
(2875, 23, 7, 1),
(2876, 14, 7, 1),
(2877, 15, 7, 1),
(2878, 30, 7, 1),
(2879, 20, 7, 1),
(2880, 10, 7, 1),
(2881, 1, 7, 1),
(2882, 33, 7, 1),
(2883, 17, 7, 1),
(2884, 16, 7, 1),
(2885, 1, 7, 1),
(2886, 5, 7, 1),
(2887, 7, 7, 1),
(2888, 2, 7, 1),
(2889, 19, 7, 1),
(2890, 19, 7, 1),
(2891, 33, 7, 1),
(2892, 1, 7, 1),
(2893, 21, 7, 1),
(2894, 28, 7, 1),
(2895, 10, 7, 1),
(2896, 6, 7, 1),
(2897, 20, 7, 1),
(2898, 1, 7, 1),
(2899, 18, 7, 1),
(2900, 11, 7, 1),
(2901, 9, 7, 1),
(2902, 3, 7, 1),
(2903, 19, 7, 1),
(2904, 5, 7, 1),
(2905, 7, 7, 1),
(2906, 31, 7, 1),
(2907, 34, 7, 1),
(2908, 16, 7, 1),
(2909, 15, 7, 1),
(2910, 13, 7, 1),
(2911, 16, 7, 1),
(2912, 3, 7, 1),
(2913, 9, 7, 1),
(2914, 9, 7, 1),
(2915, 8, 7, 1),
(2916, 4, 7, 1),
(2917, 9, 7, 1),
(2918, 23, 7, 1),
(2919, 6, 7, 1),
(2920, 3, 7, 1),
(2921, 21, 7, 1),
(2922, 2, 7, 1),
(2923, 23, 7, 1),
(2924, 15, 7, 1),
(2925, 27, 7, 1),
(2926, 12, 7, 1),
(2927, 11, 7, 1),
(2928, 15, 7, 1),
(2929, 1, 7, 1),
(2930, 24, 7, 1),
(2931, 18, 7, 1),
(2932, 19, 7, 1),
(2933, 8, 7, 1),
(2934, 19, 7, 1),
(2935, 29, 7, 1),
(2936, 6, 7, 1),
(2937, 25, 7, 1),
(2938, 18, 7, 1),
(2939, 2, 7, 1),
(2940, 22, 7, 1),
(2941, 21, 7, 1),
(2942, 19, 7, 1),
(2943, 1, 7, 1),
(2944, 18, 7, 1),
(2945, 7, 7, 1),
(2946, 25, 7, 1),
(2947, 7, 7, 1),
(2948, 21, 7, 1),
(2949, 24, 7, 1),
(2950, 6, 7, 1),
(2951, 7, 7, 1),
(2952, 11, 7, 1),
(2953, 10, 7, 1),
(2954, 17, 7, 1),
(2955, 7, 7, 1),
(2956, 4, 7, 1),
(2957, 34, 7, 1),
(2958, 3, 7, 1),
(2959, 4, 7, 1),
(2960, 8, 7, 1),
(2961, 14, 7, 1),
(2962, 3, 7, 1),
(2963, 16, 7, 1),
(2964, 17, 7, 1),
(2965, 6, 7, 1),
(2966, 29, 7, 1),
(2967, 7, 7, 1),
(2968, 6, 7, 1),
(2969, 27, 7, 1),
(2970, 18, 7, 1),
(2971, 8, 7, 1),
(2972, 24, 7, 1),
(2973, 31, 7, 1),
(2974, 8, 7, 1),
(2975, 1, 7, 1),
(2976, 24, 7, 1),
(2977, 13, 7, 1),
(2978, 4, 7, 1),
(2979, 9, 7, 1),
(2980, 27, 7, 1),
(2981, 8, 7, 1),
(2982, 5, 7, 1),
(2983, 29, 7, 1),
(2984, 14, 7, 1),
(2985, 9, 7, 1),
(2986, 9, 7, 1),
(2987, 35, 7, 1),
(2988, 23, 7, 1),
(2989, 2, 7, 1),
(2990, 25, 7, 1),
(2991, 9, 7, 1),
(2992, 10, 7, 1),
(2993, 5, 7, 1),
(2994, 3, 7, 1),
(2995, 14, 7, 1),
(2996, 17, 7, 1),
(2997, 20, 7, 1),
(2998, 5, 7, 1),
(2999, 4, 7, 1),
(3000, 7, 7, 1),
(3001, 15, 7, 1),
(3002, 15, 7, 1),
(3003, 30, 7, 1),
(3004, 8, 7, 1),
(3005, 14, 7, 1),
(3006, 8, 7, 1),
(3007, 22, 7, 1),
(3008, 37, 7, 1),
(3009, 23, 7, 1),
(3010, 22, 7, 1),
(3011, 8, 7, 1),
(3012, 7, 7, 1),
(3013, 5, 7, 1),
(3014, 21, 7, 1),
(3015, 3, 7, 1),
(3016, 9, 7, 1),
(3017, 15, 7, 1),
(3018, 9, 7, 1),
(3019, 28, 7, 1),
(3020, 20, 7, 1),
(3021, 18, 7, 1),
(3022, 21, 7, 1),
(3023, 2, 7, 1),
(3024, 16, 7, 1),
(3025, 4, 7, 1),
(3026, 14, 7, 1),
(3027, 8, 7, 1),
(3028, 8, 7, 1),
(3029, 3, 7, 1),
(3030, 1, 7, 1),
(3031, 9, 7, 1),
(3032, 8, 7, 1),
(3033, 18, 7, 1),
(3034, 23, 7, 1),
(3035, 26, 7, 1),
(3036, 7, 7, 1),
(3037, 5, 7, 1),
(3038, 22, 7, 1),
(3039, 18, 7, 1),
(3040, 8, 7, 1),
(3041, 4, 7, 1),
(3042, 16, 7, 1),
(3043, 8, 7, 1),
(3044, 7, 7, 1),
(3045, 2, 7, 1),
(3046, 11, 7, 1),
(3047, 1, 7, 1),
(3048, 14, 7, 1),
(3049, 4, 7, 1),
(3050, 6, 7, 1),
(3051, 21, 7, 1),
(3052, 3, 7, 1),
(3053, 16, 7, 1),
(3054, 2, 7, 1),
(3055, 19, 7, 1),
(3056, 13, 7, 1),
(3057, 2, 7, 1),
(3058, 5, 7, 1),
(3059, 35, 7, 1),
(3060, 29, 8, 1),
(3061, 14, 8, 1),
(3062, 7, 8, 1),
(3063, 17, 8, 1),
(3064, 9, 8, 1),
(3065, 23, 8, 1),
(3066, 25, 8, 1),
(3067, 20, 8, 1),
(3068, 25, 8, 1),
(3069, 25, 8, 1),
(3070, 10, 8, 1),
(3071, 14, 8, 1),
(3072, 1, 8, 1),
(3073, 10, 8, 1),
(3074, 6, 8, 1),
(3075, 18, 8, 1),
(3076, 19, 8, 1),
(3077, 1, 8, 1),
(3078, 14, 8, 1),
(3079, 25, 8, 1),
(3080, 2, 8, 1),
(3081, 17, 8, 1),
(3082, 2, 8, 1),
(3083, 3, 8, 1),
(3084, 8, 8, 1),
(3085, 23, 8, 1),
(3086, 13, 8, 1),
(3087, 10, 8, 1),
(3088, 9, 8, 1),
(3089, 16, 8, 1),
(3090, 11, 8, 1),
(3091, 7, 8, 1),
(3092, 1, 8, 1),
(3093, 1, 8, 1),
(3094, 37, 8, 1),
(3095, 2, 8, 1),
(3096, 13, 8, 1),
(3097, 18, 8, 1),
(3098, 10, 8, 1),
(3099, 4, 8, 1),
(3100, 18, 8, 1),
(3101, 21, 8, 1),
(3102, 36, 8, 1),
(3103, 4, 8, 1),
(3104, 13, 8, 1),
(3105, 3, 8, 1),
(3106, 17, 8, 1),
(3107, 18, 8, 1),
(3108, 25, 8, 1),
(3109, 6, 8, 1),
(3110, 27, 8, 1),
(3111, 33, 8, 1),
(3112, 2, 8, 1),
(3113, 28, 8, 1),
(3114, 22, 8, 1),
(3115, 8, 8, 1),
(3116, 21, 8, 1),
(3117, 9, 8, 1),
(3118, 7, 8, 1),
(3119, 5, 8, 1),
(3120, 18, 8, 1),
(3121, 13, 8, 1),
(3122, 10, 8, 1),
(3123, 11, 8, 1),
(3124, 22, 8, 1),
(3125, 25, 8, 1),
(3126, 20, 8, 1),
(3127, 9, 8, 1),
(3128, 11, 8, 1),
(3129, 31, 8, 1),
(3130, 18, 8, 1),
(3131, 20, 8, 1),
(3132, 6, 8, 1),
(3133, 9, 8, 1),
(3134, 27, 8, 1),
(3135, 22, 8, 1),
(3136, 8, 8, 1),
(3137, 1, 8, 1),
(3138, 22, 8, 1),
(3139, 26, 8, 1),
(3140, 24, 8, 1),
(3141, 21, 8, 1),
(3142, 9, 8, 1),
(3143, 5, 8, 1),
(3144, 8, 8, 1),
(3145, 14, 8, 1),
(3146, 26, 8, 1),
(3147, 6, 8, 1),
(3148, 4, 8, 1),
(3149, 2, 8, 1),
(3150, 10, 8, 1),
(3151, 8, 8, 1),
(3152, 4, 8, 1),
(3153, 17, 8, 1),
(3154, 10, 8, 1),
(3155, 21, 8, 1),
(3156, 12, 8, 1),
(3157, 5, 8, 1),
(3158, 15, 8, 1),
(3159, 20, 8, 1),
(3160, 14, 8, 1),
(3161, 10, 8, 1),
(3162, 5, 8, 1),
(3163, 7, 8, 1),
(3164, 3, 8, 1),
(3165, 30, 8, 1),
(3166, 2, 8, 1),
(3167, 24, 8, 1),
(3168, 4, 8, 1),
(3169, 29, 8, 1),
(3170, 29, 8, 1),
(3171, 11, 8, 1),
(3172, 10, 8, 1),
(3173, 14, 8, 1),
(3174, 14, 8, 1),
(3175, 30, 8, 1),
(3176, 20, 8, 1),
(3177, 7, 8, 1),
(3178, 8, 8, 1),
(3179, 17, 8, 1),
(3180, 20, 8, 1),
(3181, 3, 8, 1),
(3182, 14, 8, 1),
(3183, 2, 8, 1),
(3184, 9, 8, 1),
(3185, 15, 8, 1),
(3186, 7, 8, 1),
(3187, 19, 8, 1),
(3188, 15, 8, 1),
(3189, 21, 8, 1),
(3190, 8, 8, 1),
(3191, 20, 8, 1),
(3192, 17, 8, 1),
(3193, 9, 8, 1),
(3194, 13, 8, 1),
(3195, 12, 8, 1),
(3196, 12, 8, 1),
(3197, 3, 8, 1),
(3198, 28, 8, 1),
(3199, 9, 8, 1),
(3200, 1, 8, 1),
(3201, 25, 8, 1),
(3202, 2, 8, 1),
(3203, 17, 8, 1),
(3204, 38, 8, 1),
(3205, 18, 8, 1),
(3206, 14, 8, 1),
(3207, 10, 8, 1),
(3208, 27, 8, 1),
(3209, 4, 8, 1),
(3210, 2, 8, 1),
(3211, 5, 8, 1),
(3212, 4, 8, 1),
(3213, 12, 8, 1),
(3214, 9, 8, 1),
(3215, 20, 8, 1),
(3216, 30, 8, 1),
(3217, 24, 8, 1),
(3218, 26, 8, 1),
(3219, 25, 8, 1),
(3220, 23, 8, 1);
INSERT INTO `jugar` (`Partido`, `Jornada`, `Competicion`, `Edicion`) VALUES
(3221, 7, 8, 1),
(3222, 2, 8, 1),
(3223, 20, 8, 1),
(3224, 1, 8, 1),
(3225, 22, 8, 1),
(3226, 26, 8, 1),
(3227, 25, 8, 1),
(3228, 6, 8, 1),
(3229, 6, 8, 1),
(3230, 2, 8, 1),
(3231, 1, 8, 1),
(3232, 14, 8, 1),
(3233, 25, 8, 1),
(3234, 5, 8, 1),
(3235, 8, 8, 1),
(3236, 7, 8, 1),
(3237, 13, 8, 1),
(3238, 3, 8, 1),
(3239, 17, 8, 1),
(3240, 25, 8, 1),
(3241, 35, 8, 1),
(3242, 5, 8, 1),
(3243, 25, 8, 1),
(3244, 22, 8, 1),
(3245, 15, 8, 1),
(3246, 9, 8, 1),
(3247, 16, 8, 1),
(3248, 6, 8, 1),
(3249, 9, 8, 1),
(3250, 22, 8, 1),
(3251, 16, 8, 1),
(3252, 6, 8, 1),
(3253, 4, 8, 1),
(3254, 18, 8, 1),
(3255, 16, 8, 1),
(3256, 28, 8, 1),
(3257, 9, 8, 1),
(3258, 28, 8, 1),
(3259, 26, 8, 1),
(3260, 25, 8, 1),
(3261, 11, 8, 1),
(3262, 6, 8, 1),
(3263, 20, 8, 1),
(3264, 13, 8, 1),
(3265, 10, 8, 1),
(3266, 12, 8, 1),
(3267, 10, 8, 1),
(3268, 6, 8, 1),
(3269, 27, 8, 1),
(3270, 5, 8, 1),
(3271, 21, 8, 1),
(3272, 11, 8, 1),
(3273, 14, 8, 1),
(3274, 26, 8, 1),
(3275, 7, 8, 1),
(3276, 10, 8, 1),
(3277, 38, 8, 1),
(3278, 16, 8, 1),
(3279, 2, 8, 1),
(3280, 11, 8, 1),
(3281, 3, 8, 1),
(3282, 10, 8, 1),
(3283, 26, 8, 1),
(3284, 11, 8, 1),
(3285, 16, 8, 1),
(3286, 1, 8, 1),
(3287, 12, 8, 1),
(3288, 6, 8, 1),
(3289, 11, 8, 1),
(3290, 1, 8, 1),
(3291, 8, 8, 1),
(3292, 27, 8, 1),
(3293, 8, 8, 1),
(3294, 2, 8, 1),
(3295, 18, 8, 1),
(3296, 5, 8, 1),
(3297, 10, 8, 1),
(3298, 3, 8, 1),
(3299, 18, 8, 1),
(3300, 35, 8, 1),
(3301, 1, 8, 1),
(3302, 1, 8, 1),
(3303, 24, 8, 1),
(3304, 5, 8, 1),
(3305, 15, 8, 1),
(3306, 1, 8, 1),
(3307, 25, 8, 1),
(3308, 1, 8, 1),
(3309, 11, 8, 1),
(3310, 11, 8, 1),
(3311, 11, 8, 1),
(3312, 1, 8, 1),
(3313, 16, 8, 1),
(3314, 11, 8, 1),
(3315, 2, 8, 1),
(3316, 15, 8, 1),
(3317, 5, 8, 1),
(3318, 26, 8, 1),
(3319, 6, 8, 1),
(3320, 3, 8, 1),
(3321, 14, 8, 1),
(3322, 5, 8, 1),
(3323, 15, 8, 1),
(3324, 8, 8, 1),
(3325, 1, 8, 1),
(3326, 13, 8, 1),
(3327, 35, 8, 1),
(3328, 7, 8, 1),
(3329, 1, 8, 1),
(3330, 25, 8, 1),
(3331, 6, 8, 1),
(3332, 6, 8, 1),
(3333, 9, 8, 1),
(3334, 28, 8, 1),
(3335, 20, 8, 1),
(3336, 11, 8, 1),
(3337, 6, 8, 1),
(3338, 26, 8, 1),
(3339, 5, 8, 1),
(3340, 3, 8, 1),
(3341, 1, 8, 1),
(3342, 8, 8, 1),
(3343, 2, 8, 1),
(3344, 3, 8, 1),
(3345, 13, 8, 1),
(3346, 21, 8, 1),
(3347, 19, 8, 1),
(3348, 11, 8, 1),
(3349, 12, 8, 1),
(3350, 1, 8, 1),
(3351, 15, 8, 1),
(3352, 19, 8, 1),
(3353, 29, 8, 1),
(3354, 7, 8, 1),
(3355, 1, 8, 1),
(3356, 24, 8, 1),
(3357, 17, 8, 1),
(3358, 25, 8, 1),
(3359, 3, 8, 1),
(3360, 16, 8, 1),
(3361, 11, 8, 1),
(3362, 12, 8, 1),
(3363, 14, 8, 1),
(3364, 27, 8, 1),
(3365, 5, 8, 1),
(3366, 23, 8, 1),
(3367, 17, 8, 1),
(3368, 3, 8, 1),
(3369, 13, 8, 1),
(3370, 13, 8, 1),
(3371, 31, 8, 1),
(3372, 6, 8, 1),
(3373, 6, 8, 1),
(3374, 4, 8, 1),
(3375, 3, 8, 1),
(3376, 18, 8, 1),
(3377, 13, 8, 1),
(3378, 17, 8, 1),
(3379, 22, 8, 1),
(3380, 14, 8, 1),
(3381, 18, 8, 1),
(3382, 22, 8, 1),
(3383, 38, 8, 1),
(3384, 15, 8, 1),
(3385, 25, 8, 1),
(3386, 10, 8, 1),
(3387, 12, 8, 1),
(3388, 1, 8, 1),
(3389, 19, 8, 1),
(3390, 8, 8, 1),
(3391, 5, 8, 1),
(3392, 32, 8, 1),
(3393, 18, 8, 1),
(3394, 9, 8, 1),
(3395, 28, 8, 1),
(3396, 8, 8, 1),
(3397, 8, 8, 1),
(3398, 13, 8, 1),
(3399, 16, 8, 1),
(3400, 6, 8, 1),
(3401, 19, 8, 1),
(3402, 6, 8, 1),
(3403, 9, 8, 1),
(3404, 11, 8, 1),
(3405, 26, 8, 1),
(3406, 7, 8, 1),
(3407, 3, 8, 1),
(3408, 2, 8, 1),
(3409, 4, 8, 1),
(3410, 3, 8, 1),
(3411, 21, 8, 1),
(3412, 25, 8, 1),
(3413, 22, 8, 1),
(3414, 5, 8, 1),
(3415, 26, 8, 1),
(3416, 8, 8, 1),
(3417, 10, 8, 1),
(3418, 16, 8, 1),
(3419, 13, 8, 1),
(3420, 15, 8, 1),
(3421, 1, 8, 1),
(3422, 19, 8, 1),
(3423, 22, 8, 1),
(3424, 10, 8, 1),
(3425, 3, 8, 1),
(3426, 30, 8, 1),
(3427, 1, 8, 1),
(3428, 40, 8, 1),
(3429, 19, 8, 1),
(3430, 3, 8, 1),
(3431, 21, 8, 1),
(3432, 17, 8, 1),
(3433, 22, 8, 1),
(3434, 6, 8, 1),
(3435, 1, 8, 1),
(3436, 20, 8, 1),
(3437, 3, 8, 1),
(3438, 34, 8, 1),
(3439, 1, 8, 1),
(3440, 14, 8, 1),
(3441, 1, 8, 1),
(3442, 2, 8, 1),
(3443, 20, 8, 1),
(3444, 31, 8, 1),
(3445, 36, 8, 1),
(3446, 8, 8, 1),
(3447, 12, 8, 1),
(3448, 36, 8, 1),
(3449, 21, 8, 1),
(3450, 1, 8, 1),
(3451, 5, 8, 1),
(3452, 20, 8, 1),
(3453, 25, 8, 1),
(3454, 9, 8, 1),
(3455, 11, 8, 1),
(3456, 6, 8, 1),
(3457, 3, 8, 1),
(3458, 3, 8, 1),
(3459, 6, 8, 1),
(3460, 9, 8, 1),
(3461, 9, 8, 1),
(3462, 23, 8, 1),
(3463, 14, 8, 1),
(3464, 13, 8, 1),
(3465, 22, 8, 1),
(3466, 34, 8, 1),
(3467, 22, 8, 1),
(3468, 8, 8, 1),
(3469, 15, 8, 1),
(3470, 7, 8, 1),
(3471, 21, 8, 1),
(3472, 12, 8, 1),
(3473, 9, 8, 1),
(3474, 2, 8, 1),
(3475, 13, 8, 1),
(3476, 10, 8, 1),
(3477, 4, 8, 1),
(3478, 21, 8, 1),
(3479, 9, 8, 1),
(3480, 27, 8, 1),
(3481, 1, 8, 1),
(3482, 3, 8, 1),
(3483, 11, 8, 1),
(3484, 6, 8, 1),
(3485, 19, 8, 1),
(3486, 12, 8, 1),
(3487, 9, 8, 1),
(3488, 2, 8, 1),
(3489, 11, 8, 1),
(3490, 2, 8, 1),
(3491, 7, 8, 1),
(3492, 13, 8, 1),
(3493, 1, 8, 1),
(3494, 24, 8, 1),
(3495, 19, 8, 1),
(3496, 25, 8, 1),
(3497, 32, 8, 1),
(3498, 15, 8, 1),
(3499, 15, 8, 1),
(3500, 4, 8, 1),
(3501, 24, 8, 1),
(3502, 29, 8, 1),
(3503, 3, 8, 1),
(3504, 4, 8, 1),
(3505, 19, 8, 1),
(3506, 13, 8, 1),
(3507, 27, 8, 1),
(3508, 10, 8, 1),
(3509, 20, 8, 1),
(3510, 8, 8, 1),
(3511, 20, 8, 1),
(3512, 3, 8, 1),
(3513, 25, 8, 1),
(3514, 3, 8, 1),
(3515, 23, 8, 1),
(3516, 10, 8, 1),
(3517, 10, 8, 1),
(3518, 12, 8, 1),
(3519, 20, 8, 1),
(3520, 12, 8, 1),
(3521, 2, 8, 1),
(3522, 22, 8, 1),
(3523, 4, 8, 1),
(3524, 13, 8, 1),
(3525, 10, 8, 1),
(3526, 2, 8, 1),
(3527, 3, 8, 1),
(3528, 7, 8, 1),
(3529, 9, 8, 1),
(3530, 7, 8, 1),
(3531, 7, 8, 1),
(3532, 12, 8, 1),
(3533, 1, 8, 1),
(3534, 8, 8, 1),
(3535, 3, 8, 1),
(3536, 15, 8, 1),
(3537, 37, 8, 1),
(3538, 17, 8, 1),
(3539, 23, 8, 1),
(3540, 14, 8, 1),
(3541, 9, 8, 1),
(3542, 31, 8, 1),
(3543, 3, 8, 1),
(3544, 7, 8, 1),
(3545, 25, 8, 1),
(3546, 23, 8, 1),
(3547, 2, 8, 1),
(3548, 20, 8, 1),
(3549, 13, 8, 1),
(3550, 3, 8, 1),
(3551, 17, 8, 1),
(3552, 27, 8, 1),
(3553, 13, 8, 1),
(3554, 10, 8, 1),
(3555, 3, 8, 1),
(3556, 29, 8, 1),
(3557, 11, 8, 1),
(3558, 26, 8, 1),
(3559, 21, 8, 1),
(3560, 14, 8, 1),
(3561, 9, 8, 1),
(3562, 17, 8, 1),
(3563, 4, 8, 1),
(3564, 7, 8, 1),
(3565, 8, 8, 1),
(3566, 9, 9, 1),
(3567, 4, 9, 1),
(3568, 34, 9, 1),
(3569, 7, 9, 1),
(3570, 2, 9, 1),
(3571, 5, 9, 1),
(3572, 5, 9, 1),
(3573, 8, 9, 1),
(3574, 27, 9, 1),
(3575, 23, 9, 1),
(3576, 4, 9, 1),
(3577, 32, 9, 1),
(3578, 28, 9, 1),
(3579, 4, 9, 1),
(3580, 4, 9, 1),
(3581, 26, 9, 1),
(3582, 1, 9, 1),
(3583, 8, 9, 1),
(3584, 21, 9, 1),
(3585, 15, 9, 1),
(3586, 28, 9, 1),
(3587, 16, 9, 1),
(3588, 27, 9, 1),
(3589, 2, 9, 1),
(3590, 8, 9, 1),
(3591, 16, 9, 1),
(3592, 8, 9, 1),
(3593, 17, 9, 1),
(3594, 20, 9, 1),
(3595, 23, 9, 1),
(3596, 17, 9, 1),
(3597, 14, 9, 1),
(3598, 14, 9, 1),
(3599, 14, 9, 1),
(3600, 10, 9, 1),
(3601, 5, 9, 1),
(3602, 12, 9, 1),
(3603, 13, 9, 1),
(3604, 6, 9, 1),
(3605, 14, 9, 1),
(3606, 9, 9, 1),
(3607, 4, 9, 1),
(3608, 12, 9, 1),
(3609, 26, 9, 1),
(3610, 13, 9, 1),
(3611, 11, 9, 1),
(3612, 1, 9, 1),
(3613, 19, 9, 1),
(3614, 14, 9, 1),
(3615, 15, 9, 1),
(3616, 3, 9, 1),
(3617, 3, 9, 1),
(3618, 15, 9, 1),
(3619, 23, 9, 1),
(3620, 3, 9, 1),
(3621, 12, 9, 1),
(3622, 5, 9, 1),
(3623, 19, 9, 1),
(3624, 3, 9, 1),
(3625, 34, 9, 1),
(3626, 1, 9, 1),
(3627, 19, 9, 1),
(3628, 30, 9, 1),
(3629, 10, 9, 1),
(3630, 17, 9, 1),
(3631, 12, 9, 1),
(3632, 14, 9, 1),
(3633, 21, 9, 1),
(3634, 4, 9, 1),
(3635, 1, 9, 1),
(3636, 21, 9, 1),
(3637, 1, 9, 1),
(3638, 5, 9, 1),
(3639, 21, 9, 1),
(3640, 8, 9, 1),
(3641, 4, 9, 1),
(3642, 10, 9, 1),
(3643, 13, 9, 1),
(3644, 1, 9, 1),
(3645, 1, 9, 1),
(3646, 12, 9, 1),
(3647, 9, 9, 1),
(3648, 22, 9, 1),
(3649, 12, 9, 1),
(3650, 15, 9, 1),
(3651, 13, 9, 1),
(3652, 7, 9, 1),
(3653, 17, 9, 1),
(3654, 9, 9, 1),
(3655, 26, 9, 1),
(3656, 23, 9, 1),
(3657, 14, 9, 1),
(3658, 28, 9, 1),
(3659, 4, 9, 1),
(3660, 8, 9, 1),
(3661, 14, 9, 1),
(3662, 33, 9, 1),
(3663, 27, 9, 1),
(3664, 14, 9, 1),
(3665, 30, 9, 1),
(3666, 12, 9, 1),
(3667, 21, 9, 1),
(3668, 13, 9, 1),
(3669, 25, 9, 1),
(3670, 1, 9, 1),
(3671, 6, 9, 1),
(3672, 14, 9, 1),
(3673, 10, 9, 1),
(3674, 7, 9, 1),
(3675, 3, 9, 1),
(3676, 8, 9, 1),
(3677, 15, 9, 1),
(3678, 6, 9, 1),
(3679, 18, 9, 1),
(3680, 27, 9, 1),
(3681, 22, 9, 1),
(3682, 25, 9, 1),
(3683, 8, 9, 1),
(3684, 23, 9, 1),
(3685, 6, 9, 1),
(3686, 30, 9, 1),
(3687, 30, 9, 1),
(3688, 17, 9, 1),
(3689, 19, 9, 1),
(3690, 3, 9, 1),
(3691, 18, 9, 1),
(3692, 16, 9, 1),
(3693, 23, 9, 1),
(3694, 18, 9, 1),
(3695, 2, 9, 1),
(3696, 13, 9, 1),
(3697, 7, 9, 1),
(3698, 11, 9, 1),
(3699, 2, 9, 1),
(3700, 11, 9, 1),
(3701, 4, 9, 1),
(3702, 21, 9, 1),
(3703, 22, 9, 1),
(3704, 8, 9, 1),
(3705, 14, 9, 1),
(3706, 5, 9, 1),
(3707, 23, 9, 1),
(3708, 18, 9, 1),
(3709, 21, 9, 1),
(3710, 8, 9, 1),
(3711, 12, 9, 1),
(3712, 12, 9, 1),
(3713, 11, 9, 1),
(3714, 12, 9, 1),
(3715, 16, 9, 1),
(3716, 25, 9, 1),
(3717, 15, 9, 1),
(3718, 5, 9, 1),
(3719, 7, 9, 1),
(3720, 1, 9, 1),
(3721, 32, 9, 1),
(3722, 16, 9, 1),
(3723, 4, 9, 1),
(3724, 30, 9, 1),
(3725, 15, 9, 1),
(3726, 12, 9, 1),
(3727, 4, 9, 1),
(3728, 2, 9, 1),
(3729, 28, 9, 1),
(3730, 19, 9, 1),
(3731, 13, 9, 1),
(3732, 17, 9, 1),
(3733, 10, 9, 1),
(3734, 23, 9, 1),
(3735, 4, 9, 1),
(3736, 3, 9, 1),
(3737, 10, 9, 1),
(3738, 4, 9, 1),
(3739, 28, 9, 1),
(3740, 8, 9, 1),
(3741, 1, 9, 1),
(3742, 26, 9, 1),
(3743, 22, 9, 1),
(3744, 8, 9, 1),
(3745, 3, 9, 1),
(3746, 6, 9, 1),
(3747, 5, 9, 1),
(3748, 20, 9, 1),
(3749, 18, 9, 1),
(3750, 2, 9, 1),
(3751, 12, 9, 1),
(3752, 6, 9, 1),
(3753, 24, 9, 1),
(3754, 2, 9, 1),
(3755, 17, 9, 1),
(3756, 32, 9, 1),
(3757, 24, 9, 1),
(3758, 14, 9, 1),
(3759, 1, 9, 1),
(3760, 24, 9, 1),
(3761, 15, 9, 1),
(3762, 2, 9, 1),
(3763, 17, 9, 1),
(3764, 21, 9, 1),
(3765, 14, 9, 1),
(3766, 28, 9, 1),
(3767, 15, 9, 1),
(3768, 5, 9, 1),
(3769, 15, 9, 1),
(3770, 22, 9, 1),
(3771, 4, 9, 1),
(3772, 2, 9, 1),
(3773, 36, 9, 1),
(3774, 10, 9, 1),
(3775, 4, 9, 1),
(3776, 29, 9, 1),
(3777, 14, 9, 1),
(3778, 9, 9, 1),
(3779, 22, 9, 1),
(3780, 1, 9, 1),
(3781, 17, 9, 1),
(3782, 5, 9, 1),
(3783, 12, 9, 1),
(3784, 5, 9, 1),
(3785, 1, 9, 1),
(3786, 28, 9, 1),
(3787, 2, 9, 1),
(3788, 11, 9, 1),
(3789, 5, 9, 1),
(3790, 24, 9, 1),
(3791, 20, 9, 1),
(3792, 12, 9, 1),
(3793, 1, 9, 1),
(3794, 3, 9, 1),
(3795, 6, 9, 1),
(3796, 15, 9, 1),
(3797, 7, 9, 1),
(3798, 15, 9, 1),
(3799, 6, 9, 1),
(3800, 19, 9, 1),
(3801, 35, 9, 1),
(3802, 5, 9, 1),
(3803, 10, 9, 1),
(3804, 27, 9, 1),
(3805, 31, 9, 1),
(3806, 1, 9, 1),
(3807, 21, 9, 1),
(3808, 17, 9, 1),
(3809, 8, 9, 1),
(3810, 19, 9, 1),
(3811, 24, 9, 1),
(3812, 8, 9, 1),
(3813, 14, 9, 1),
(3814, 24, 9, 1),
(3815, 18, 9, 1),
(3816, 16, 9, 1),
(3817, 25, 9, 1),
(3818, 1, 9, 1),
(3819, 25, 9, 1),
(3820, 18, 9, 1),
(3821, 15, 9, 1),
(3822, 18, 9, 1),
(3823, 4, 9, 1),
(3824, 7, 9, 1),
(3825, 21, 9, 1),
(3826, 3, 9, 1),
(3827, 21, 9, 1),
(3828, 18, 9, 1),
(3829, 29, 9, 1),
(3830, 4, 9, 1),
(3831, 35, 9, 1),
(3832, 2, 9, 1),
(3833, 20, 9, 1),
(3834, 1, 9, 1),
(3835, 9, 9, 1),
(3836, 1, 9, 1),
(3837, 15, 9, 1),
(3838, 32, 9, 1),
(3839, 25, 9, 1),
(3840, 5, 9, 1),
(3841, 33, 9, 1),
(3842, 9, 9, 1),
(3843, 8, 9, 1),
(3844, 5, 9, 1),
(3845, 1, 9, 1),
(3846, 23, 9, 1),
(3847, 21, 9, 1),
(3848, 8, 9, 1),
(3849, 9, 9, 1),
(3850, 7, 9, 1),
(3851, 13, 9, 1),
(3852, 2, 9, 1),
(3853, 25, 9, 1),
(3854, 29, 9, 1),
(3855, 28, 9, 1),
(3856, 2, 9, 1),
(3857, 10, 9, 1),
(3858, 1, 9, 1),
(3859, 17, 9, 1),
(3860, 24, 9, 1),
(3861, 9, 9, 1),
(3862, 15, 9, 1),
(3863, 6, 9, 1),
(3864, 32, 9, 1),
(3865, 20, 9, 1),
(3866, 35, 9, 1),
(3867, 34, 9, 1),
(3868, 10, 9, 1),
(3869, 20, 9, 1),
(3870, 10, 9, 1),
(3871, 24, 9, 1),
(3872, 17, 9, 1),
(3873, 12, 9, 1),
(3874, 2, 9, 1),
(3875, 2, 9, 1),
(3876, 6, 9, 1),
(3877, 6, 9, 1),
(3878, 3, 9, 1),
(3879, 12, 9, 1),
(3880, 11, 9, 1),
(3881, 15, 9, 1),
(3882, 20, 9, 1),
(3883, 9, 9, 1),
(3884, 13, 9, 1),
(3885, 21, 9, 1),
(3886, 2, 9, 1),
(3887, 19, 9, 1),
(3888, 17, 9, 1),
(3889, 28, 9, 1),
(3890, 21, 9, 1),
(3891, 24, 9, 1),
(3892, 19, 9, 1),
(3893, 13, 9, 1),
(3894, 27, 9, 1),
(3895, 23, 9, 1),
(3896, 20, 9, 1),
(3897, 3, 9, 1),
(3898, 22, 9, 1),
(3899, 9, 9, 1),
(3900, 1, 9, 1),
(3901, 7, 9, 1),
(3902, 32, 9, 1),
(3903, 15, 9, 1),
(3904, 6, 9, 1),
(3905, 16, 9, 1),
(3906, 24, 9, 1),
(3907, 16, 9, 1),
(3908, 31, 9, 1),
(3909, 12, 9, 1),
(3910, 8, 9, 1),
(3911, 18, 9, 1),
(3912, 19, 9, 1),
(3913, 1, 9, 1),
(3914, 13, 9, 1),
(3915, 21, 9, 1),
(3916, 3, 9, 1),
(3917, 2, 9, 1),
(3918, 6, 9, 1),
(3919, 6, 9, 1),
(3920, 12, 9, 1),
(3921, 14, 9, 1),
(3922, 30, 9, 1),
(3923, 11, 9, 1),
(3924, 7, 9, 1),
(3925, 3, 9, 1),
(3926, 30, 9, 1),
(3927, 16, 9, 1),
(3928, 14, 9, 1),
(3929, 8, 9, 1),
(3930, 29, 9, 1),
(3931, 4, 9, 1),
(3932, 11, 9, 1),
(3933, 6, 9, 1),
(3934, 6, 9, 1),
(3935, 11, 9, 1),
(3936, 31, 9, 1),
(3937, 2, 9, 1),
(3938, 12, 9, 1),
(3939, 20, 9, 1),
(3940, 7, 9, 1),
(3941, 12, 9, 1),
(3942, 34, 9, 1),
(3943, 33, 9, 1),
(3944, 22, 9, 1),
(3945, 25, 9, 1),
(3946, 23, 9, 1),
(3947, 12, 9, 1),
(3948, 13, 9, 1),
(3949, 17, 9, 1),
(3950, 13, 9, 1),
(3951, 13, 9, 1),
(3952, 11, 9, 1),
(3953, 3, 9, 1),
(3954, 23, 9, 1),
(3955, 12, 9, 1),
(3956, 11, 9, 1),
(3957, 24, 9, 1),
(3958, 6, 9, 1),
(3959, 23, 9, 1),
(3960, 12, 9, 1),
(3961, 14, 9, 1),
(3962, 7, 9, 1),
(3963, 4, 9, 1),
(3964, 16, 9, 1),
(3965, 2, 9, 1),
(3966, 6, 9, 1),
(3967, 10, 9, 1),
(3968, 2, 9, 1),
(3969, 28, 9, 1),
(3970, 14, 9, 1),
(3971, 23, 9, 1),
(3972, 15, 9, 1),
(3973, 8, 9, 1),
(3974, 6, 9, 1),
(3975, 20, 9, 1),
(3976, 1, 9, 1),
(3977, 20, 9, 1),
(3978, 25, 9, 1),
(3979, 2, 9, 1),
(3980, 3, 9, 1),
(3981, 17, 9, 1),
(3982, 15, 9, 1),
(3983, 24, 9, 1),
(3984, 13, 9, 1),
(3985, 17, 9, 1),
(3986, 14, 9, 1),
(3987, 15, 9, 1),
(3988, 2, 9, 1),
(3989, 3, 9, 1),
(3990, 8, 9, 1),
(3991, 26, 9, 1),
(3992, 19, 9, 1),
(3993, 25, 9, 1),
(3994, 2, 9, 1),
(3995, 10, 9, 1),
(3996, 29, 9, 1),
(3997, 38, 9, 1),
(3998, 7, 9, 1),
(3999, 3, 9, 1),
(4000, 34, 9, 1),
(4001, 21, 9, 1),
(4002, 11, 9, 1),
(4003, 3, 9, 1),
(4004, 23, 9, 1),
(4005, 22, 9, 1),
(4006, 35, 9, 1),
(4007, 21, 9, 1),
(4008, 22, 9, 1),
(4009, 6, 9, 1),
(4010, 16, 9, 1),
(4011, 14, 9, 1),
(4012, 15, 9, 1),
(4013, 4, 9, 1),
(4014, 18, 9, 1),
(4015, 13, 9, 1),
(4016, 12, 9, 1),
(4017, 2, 9, 1),
(4018, 13, 9, 1),
(4019, 11, 9, 1),
(4020, 1, 9, 1),
(4021, 10, 9, 1),
(4022, 6, 9, 1),
(4023, 17, 9, 1),
(4024, 14, 9, 1),
(4025, 3, 9, 1),
(4026, 10, 9, 1),
(4027, 12, 9, 1),
(4028, 16, 9, 1),
(4029, 24, 9, 1),
(4030, 15, 9, 1),
(4031, 1, 9, 1),
(4032, 3, 9, 1),
(4033, 17, 9, 1),
(4034, 8, 9, 1),
(4035, 20, 9, 1),
(4036, 20, 9, 1),
(4037, 30, 9, 1),
(4038, 13, 9, 1),
(4039, 30, 9, 1),
(4040, 30, 9, 1),
(4041, 18, 9, 1),
(4042, 18, 9, 1),
(4043, 26, 9, 1),
(4044, 11, 9, 1),
(4045, 14, 9, 1),
(4046, 37, 9, 1),
(4047, 28, 9, 1),
(4048, 13, 9, 1),
(4049, 28, 9, 1),
(4050, 13, 9, 1),
(4051, 13, 9, 1),
(4052, 6, 9, 1),
(4053, 7, 9, 1),
(4054, 6, 9, 1),
(4055, 3, 9, 1),
(4056, 8, 9, 1),
(4057, 15, 9, 1),
(4058, 6, 9, 1),
(4059, 25, 9, 1),
(4060, 6, 9, 1),
(4061, 25, 9, 1),
(4062, 12, 9, 1),
(4063, 18, 9, 1),
(4064, 18, 9, 1),
(4065, 17, 9, 1),
(4066, 27, 9, 1),
(4067, 7, 9, 1),
(4068, 2, 9, 1),
(4069, 2, 9, 1),
(4070, 29, 9, 1),
(4071, 4, 9, 1),
(4072, 7, 10, 1),
(4073, 14, 10, 1),
(4074, 7, 10, 1),
(4075, 9, 10, 1),
(4076, 18, 10, 1),
(4077, 6, 10, 1),
(4078, 8, 10, 1),
(4079, 22, 10, 1),
(4080, 5, 10, 1),
(4081, 39, 10, 1),
(4082, 25, 10, 1),
(4083, 4, 10, 1),
(4084, 25, 10, 1),
(4085, 29, 10, 1),
(4086, 7, 10, 1),
(4087, 17, 10, 1),
(4088, 15, 10, 1),
(4089, 7, 10, 1),
(4090, 22, 10, 1),
(4091, 28, 10, 1),
(4092, 2, 10, 1),
(4093, 20, 10, 1),
(4094, 22, 10, 1),
(4095, 28, 10, 1),
(4096, 15, 10, 1),
(4097, 16, 10, 1),
(4098, 2, 10, 1),
(4099, 12, 10, 1),
(4100, 8, 10, 1),
(4101, 14, 10, 1),
(4102, 15, 10, 1),
(4103, 2, 10, 1),
(4104, 3, 10, 1),
(4105, 6, 10, 1),
(4106, 15, 10, 1),
(4107, 38, 10, 1),
(4108, 27, 10, 1),
(4109, 12, 10, 1),
(4110, 15, 10, 1),
(4111, 3, 10, 1),
(4112, 8, 10, 1),
(4113, 7, 10, 1),
(4114, 2, 10, 1),
(4115, 1, 10, 1),
(4116, 6, 10, 1),
(4117, 1, 10, 1),
(4118, 2, 10, 1),
(4119, 7, 10, 1),
(4120, 36, 10, 1),
(4121, 3, 10, 1),
(4122, 7, 10, 1),
(4123, 11, 10, 1),
(4124, 34, 10, 1),
(4125, 14, 10, 1),
(4126, 9, 10, 1),
(4127, 1, 10, 1),
(4128, 17, 10, 1),
(4129, 27, 10, 1),
(4130, 31, 10, 1),
(4131, 5, 10, 1),
(4132, 6, 10, 1),
(4133, 22, 10, 1),
(4134, 36, 10, 1),
(4135, 27, 10, 1),
(4136, 6, 10, 1),
(4137, 30, 10, 1),
(4138, 23, 10, 1),
(4139, 12, 10, 1),
(4140, 14, 10, 1),
(4141, 30, 10, 1),
(4142, 13, 10, 1),
(4143, 14, 10, 1),
(4144, 15, 10, 1),
(4145, 9, 10, 1),
(4146, 1, 10, 1),
(4147, 4, 10, 1),
(4148, 25, 10, 1),
(4149, 17, 10, 1),
(4150, 26, 10, 1),
(4151, 18, 10, 1),
(4152, 11, 10, 1),
(4153, 30, 10, 1),
(4154, 10, 10, 1),
(4155, 27, 10, 1),
(4156, 1, 10, 1),
(4157, 34, 10, 1),
(4158, 8, 10, 1),
(4159, 16, 10, 1),
(4160, 16, 10, 1),
(4161, 32, 10, 1),
(4162, 14, 10, 1),
(4163, 14, 10, 1),
(4164, 31, 10, 1),
(4165, 21, 10, 1),
(4166, 6, 10, 1),
(4167, 31, 10, 1),
(4168, 15, 10, 1),
(4169, 13, 10, 1),
(4170, 25, 10, 1),
(4171, 19, 10, 1),
(4172, 16, 10, 1),
(4173, 1, 10, 1),
(4174, 25, 10, 1),
(4175, 3, 10, 1),
(4176, 9, 10, 1),
(4177, 34, 10, 1),
(4178, 2, 10, 1),
(4179, 16, 10, 1),
(4180, 8, 10, 1),
(4181, 11, 10, 1),
(4182, 12, 10, 1),
(4183, 1, 10, 1),
(4184, 8, 10, 1),
(4185, 6, 10, 1),
(4186, 20, 10, 1),
(4187, 12, 10, 1),
(4188, 11, 10, 1),
(4189, 8, 10, 1),
(4190, 14, 10, 1),
(4191, 15, 10, 1),
(4192, 3, 10, 1),
(4193, 7, 10, 1),
(4194, 7, 10, 1),
(4195, 29, 10, 1),
(4196, 12, 10, 1),
(4197, 16, 10, 1),
(4198, 5, 10, 1),
(4199, 2, 10, 1),
(4200, 5, 10, 1),
(4201, 13, 10, 1),
(4202, 15, 10, 1),
(4203, 8, 10, 1),
(4204, 7, 10, 1),
(4205, 10, 10, 1),
(4206, 27, 10, 1),
(4207, 27, 10, 1),
(4208, 10, 10, 1),
(4209, 8, 10, 1),
(4210, 17, 10, 1),
(4211, 7, 10, 1),
(4212, 29, 10, 1),
(4213, 35, 10, 1),
(4214, 7, 10, 1),
(4215, 4, 10, 1),
(4216, 14, 10, 1),
(4217, 21, 10, 1),
(4218, 3, 10, 1),
(4219, 1, 10, 1),
(4220, 4, 10, 1),
(4221, 5, 10, 1),
(4222, 5, 10, 1),
(4223, 15, 10, 1),
(4224, 9, 10, 1),
(4225, 11, 10, 1),
(4226, 24, 10, 1),
(4227, 31, 10, 1),
(4228, 14, 10, 1),
(4229, 8, 10, 1),
(4230, 2, 10, 1),
(4231, 15, 10, 1),
(4232, 6, 10, 1),
(4233, 10, 10, 1),
(4234, 30, 10, 1),
(4235, 7, 10, 1),
(4236, 27, 10, 1),
(4237, 22, 10, 1),
(4238, 31, 10, 1),
(4239, 1, 10, 1),
(4240, 27, 10, 1),
(4241, 28, 10, 1),
(4242, 17, 10, 1),
(4243, 8, 10, 1),
(4244, 27, 10, 1),
(4245, 38, 10, 1),
(4246, 5, 10, 1),
(4247, 19, 10, 1),
(4248, 31, 10, 1),
(4249, 2, 10, 1),
(4250, 28, 10, 1),
(4251, 10, 10, 1),
(4252, 2, 10, 1),
(4253, 13, 10, 1),
(4254, 5, 10, 1),
(4255, 22, 10, 1),
(4256, 13, 10, 1),
(4257, 10, 10, 1),
(4258, 5, 10, 1),
(4259, 34, 10, 1),
(4260, 1, 10, 1),
(4261, 1, 10, 1),
(4262, 5, 10, 1),
(4263, 17, 10, 1),
(4264, 10, 10, 1),
(4265, 6, 10, 1),
(4266, 21, 10, 1),
(4267, 25, 10, 1),
(4268, 12, 10, 1),
(4269, 10, 10, 1),
(4270, 11, 10, 1),
(4271, 22, 10, 1),
(4272, 11, 10, 1),
(4273, 17, 10, 1),
(4274, 3, 10, 1),
(4275, 6, 10, 1),
(4276, 32, 10, 1),
(4277, 12, 10, 1),
(4278, 4, 10, 1),
(4279, 26, 10, 1),
(4280, 36, 10, 1),
(4281, 21, 10, 1),
(4282, 29, 10, 1),
(4283, 17, 10, 1),
(4284, 26, 10, 1),
(4285, 16, 10, 1),
(4286, 12, 10, 1),
(4287, 22, 10, 1),
(4288, 23, 10, 1),
(4289, 10, 10, 1),
(4290, 3, 10, 1),
(4291, 32, 10, 1),
(4292, 3, 10, 1),
(4293, 3, 10, 1),
(4294, 3, 10, 1),
(4295, 7, 10, 1),
(4296, 10, 10, 1),
(4297, 8, 10, 1),
(4298, 26, 10, 1),
(4299, 10, 10, 1),
(4300, 18, 10, 1),
(4301, 3, 10, 1),
(4302, 25, 10, 1),
(4303, 15, 10, 1),
(4304, 18, 10, 1),
(4305, 26, 10, 1),
(4306, 33, 10, 1),
(4307, 24, 10, 1),
(4308, 4, 10, 1),
(4309, 1, 10, 1),
(4310, 4, 10, 1),
(4311, 15, 10, 1),
(4312, 26, 10, 1),
(4313, 9, 10, 1),
(4314, 2, 10, 1),
(4315, 5, 10, 1),
(4316, 23, 10, 1),
(4317, 3, 10, 1),
(4318, 16, 10, 1),
(4319, 3, 10, 1),
(4320, 5, 10, 1),
(4321, 14, 10, 1),
(4322, 9, 10, 1),
(4323, 2, 10, 1),
(4324, 31, 10, 1),
(4325, 10, 10, 1),
(4326, 9, 10, 1),
(4327, 35, 10, 1),
(4328, 1, 10, 1),
(4329, 13, 10, 1),
(4330, 21, 10, 1),
(4331, 7, 10, 1),
(4332, 8, 10, 1),
(4333, 4, 10, 1),
(4334, 3, 10, 1),
(4335, 29, 10, 1),
(4336, 5, 10, 1),
(4337, 31, 10, 1),
(4338, 9, 10, 1),
(4339, 15, 10, 1),
(4340, 5, 10, 1),
(4341, 4, 10, 1),
(4342, 9, 10, 1),
(4343, 30, 10, 1),
(4344, 30, 10, 1),
(4345, 25, 10, 1),
(4346, 3, 10, 1),
(4347, 9, 10, 1),
(4348, 29, 10, 1),
(4349, 15, 10, 1),
(4350, 34, 10, 1),
(4351, 5, 10, 1),
(4352, 2, 10, 1),
(4353, 30, 10, 1),
(4354, 14, 10, 1),
(4355, 2, 10, 1),
(4356, 5, 10, 1),
(4357, 21, 10, 1),
(4358, 19, 10, 1),
(4359, 9, 10, 1),
(4360, 18, 10, 1),
(4361, 33, 10, 1),
(4362, 23, 10, 1),
(4363, 17, 10, 1),
(4364, 4, 10, 1),
(4365, 30, 10, 1),
(4366, 3, 10, 1),
(4367, 11, 10, 1),
(4368, 2, 10, 1),
(4369, 20, 10, 1),
(4370, 8, 10, 1),
(4371, 25, 10, 1),
(4372, 33, 10, 1),
(4373, 6, 10, 1),
(4374, 1, 10, 1),
(4375, 25, 10, 1),
(4376, 12, 10, 1),
(4377, 11, 10, 1),
(4378, 19, 10, 1),
(4379, 8, 10, 1),
(4380, 2, 10, 1),
(4381, 5, 10, 1),
(4382, 19, 10, 1),
(4383, 16, 10, 1),
(4384, 6, 10, 1),
(4385, 8, 10, 1),
(4386, 10, 10, 1),
(4387, 17, 10, 1),
(4388, 3, 10, 1),
(4389, 27, 10, 1),
(4390, 8, 10, 1),
(4391, 11, 10, 1),
(4392, 3, 10, 1),
(4393, 7, 10, 1),
(4394, 24, 10, 1),
(4395, 13, 10, 1),
(4396, 6, 10, 1),
(4397, 2, 10, 1),
(4398, 18, 10, 1),
(4399, 27, 10, 1),
(4400, 4, 10, 1),
(4401, 17, 10, 1),
(4402, 17, 10, 1),
(4403, 4, 10, 1),
(4404, 18, 10, 1),
(4405, 18, 10, 1),
(4406, 19, 10, 1),
(4407, 36, 10, 1),
(4408, 2, 10, 1),
(4409, 24, 10, 1),
(4410, 6, 10, 1),
(4411, 2, 10, 1),
(4412, 28, 10, 1),
(4413, 18, 10, 1),
(4414, 17, 10, 1),
(4415, 37, 10, 1),
(4416, 8, 10, 1),
(4417, 2, 10, 1),
(4418, 28, 10, 1),
(4419, 2, 10, 1),
(4420, 13, 10, 1),
(4421, 17, 10, 1),
(4422, 16, 10, 1),
(4423, 20, 10, 1),
(4424, 1, 10, 1),
(4425, 3, 10, 1),
(4426, 21, 10, 1),
(4427, 34, 10, 1),
(4428, 31, 10, 1),
(4429, 4, 10, 1),
(4430, 26, 10, 1),
(4431, 21, 10, 1),
(4432, 9, 10, 1),
(4433, 19, 10, 1),
(4434, 25, 10, 1),
(4435, 11, 10, 1),
(4436, 26, 10, 1),
(4437, 5, 10, 1),
(4438, 22, 10, 1),
(4439, 16, 10, 1),
(4440, 8, 10, 1),
(4441, 27, 10, 1),
(4442, 10, 10, 1),
(4443, 34, 10, 1),
(4444, 35, 10, 1),
(4445, 7, 10, 1),
(4446, 13, 10, 1),
(4447, 16, 10, 1),
(4448, 1, 10, 1),
(4449, 23, 10, 1),
(4450, 30, 10, 1),
(4451, 24, 10, 1),
(4452, 20, 10, 1),
(4453, 19, 10, 1),
(4454, 37, 10, 1),
(4455, 14, 10, 1),
(4456, 30, 10, 1),
(4457, 20, 10, 1),
(4458, 5, 10, 1),
(4459, 24, 10, 1),
(4460, 23, 10, 1),
(4461, 2, 10, 1),
(4462, 14, 10, 1),
(4463, 20, 10, 1),
(4464, 9, 10, 1),
(4465, 32, 10, 1),
(4466, 11, 10, 1),
(4467, 13, 10, 1),
(4468, 22, 10, 1),
(4469, 22, 10, 1),
(4470, 20, 10, 1),
(4471, 1, 10, 1),
(4472, 13, 10, 1),
(4473, 30, 10, 1),
(4474, 22, 10, 1),
(4475, 36, 10, 1),
(4476, 8, 10, 1),
(4477, 12, 10, 1),
(4478, 1, 10, 1),
(4479, 24, 10, 1),
(4480, 27, 10, 1),
(4481, 23, 10, 1),
(4482, 22, 10, 1),
(4483, 3, 10, 1),
(4484, 7, 10, 1),
(4485, 21, 10, 1),
(4486, 3, 10, 1),
(4487, 32, 10, 1),
(4488, 26, 10, 1),
(4489, 5, 10, 1),
(4490, 13, 10, 1),
(4491, 15, 10, 1),
(4492, 37, 10, 1),
(4493, 6, 10, 1),
(4494, 19, 10, 1),
(4495, 2, 10, 1),
(4496, 10, 10, 1),
(4497, 3, 10, 1),
(4498, 2, 10, 1),
(4499, 8, 10, 1),
(4500, 6, 10, 1),
(4501, 23, 10, 1),
(4502, 3, 10, 1),
(4503, 6, 10, 1),
(4504, 4, 10, 1),
(4505, 8, 10, 1),
(4506, 14, 10, 1),
(4507, 5, 10, 1),
(4508, 13, 10, 1),
(4509, 12, 10, 1),
(4510, 16, 10, 1),
(4511, 1, 10, 1),
(4512, 11, 10, 1),
(4513, 15, 10, 1),
(4514, 33, 10, 1),
(4515, 19, 10, 1),
(4516, 32, 10, 1),
(4517, 16, 10, 1),
(4518, 25, 10, 1),
(4519, 26, 10, 1),
(4520, 14, 10, 1),
(4521, 23, 10, 1),
(4522, 24, 10, 1),
(4523, 2, 10, 1),
(4524, 22, 10, 1),
(4525, 30, 10, 1),
(4526, 30, 10, 1),
(4527, 5, 10, 1),
(4528, 5, 10, 1),
(4529, 10, 10, 1),
(4530, 37, 10, 1),
(4531, 35, 10, 1),
(4532, 6, 10, 1),
(4533, 5, 10, 1),
(4534, 17, 10, 1),
(4535, 17, 10, 1),
(4536, 10, 10, 1),
(4537, 14, 10, 1),
(4538, 3, 10, 1),
(4539, 6, 10, 1),
(4540, 7, 10, 1),
(4541, 1, 10, 1),
(4542, 7, 10, 1),
(4543, 13, 10, 1),
(4544, 15, 10, 1),
(4545, 19, 10, 1),
(4546, 14, 10, 1),
(4547, 1, 10, 1),
(4548, 3, 10, 1),
(4549, 13, 10, 1),
(4550, 4, 10, 1),
(4551, 3, 10, 1),
(4552, 2, 10, 1),
(4553, 2, 10, 1),
(4554, 3, 10, 1),
(4555, 9, 10, 1),
(4556, 36, 10, 1),
(4557, 2, 10, 1),
(4558, 11, 10, 1),
(4559, 8, 10, 1),
(4560, 23, 10, 1),
(4561, 8, 10, 1),
(4562, 9, 10, 1),
(4563, 7, 10, 1),
(4564, 31, 10, 1),
(4565, 8, 10, 1),
(4566, 4, 10, 1),
(4567, 10, 10, 1),
(4568, 4, 10, 1),
(4569, 34, 10, 1),
(4570, 38, 10, 1),
(4571, 6, 10, 1),
(4572, 5, 10, 1),
(4573, 5, 10, 1),
(4574, 27, 10, 1),
(4575, 2, 10, 1),
(4576, 15, 10, 1),
(4577, 26, 10, 1),
(4578, 3, 11, 1),
(4579, 29, 11, 1),
(4580, 10, 11, 1),
(4581, 10, 11, 1),
(4582, 3, 11, 1),
(4583, 14, 11, 1),
(4584, 13, 11, 1),
(4585, 9, 11, 1),
(4586, 17, 11, 1),
(4587, 4, 11, 1),
(4588, 7, 11, 1),
(4589, 5, 11, 1),
(4590, 12, 11, 1),
(4591, 11, 11, 1),
(4592, 6, 11, 1),
(4593, 17, 11, 1),
(4594, 20, 11, 1),
(4595, 10, 11, 1),
(4596, 5, 11, 1),
(4597, 2, 11, 1),
(4598, 1, 11, 1),
(4599, 1, 11, 1),
(4600, 26, 11, 1),
(4601, 14, 11, 1),
(4602, 3, 11, 1),
(4603, 12, 11, 1),
(4604, 13, 11, 1),
(4605, 3, 11, 1),
(4606, 3, 11, 1),
(4607, 26, 11, 1),
(4608, 9, 11, 1),
(4609, 15, 11, 1),
(4610, 16, 11, 1),
(4611, 9, 11, 1),
(4612, 32, 11, 1),
(4613, 22, 11, 1),
(4614, 32, 11, 1),
(4615, 8, 11, 1),
(4616, 9, 11, 1),
(4617, 6, 11, 1),
(4618, 18, 11, 1),
(4619, 3, 11, 1),
(4620, 1, 11, 1),
(4621, 17, 11, 1),
(4622, 4, 11, 1),
(4623, 21, 11, 1),
(4624, 4, 11, 1),
(4625, 35, 11, 1),
(4626, 2, 11, 1),
(4627, 10, 11, 1),
(4628, 5, 11, 1),
(4629, 24, 11, 1),
(4630, 6, 11, 1),
(4631, 9, 11, 1),
(4632, 16, 11, 1),
(4633, 4, 11, 1),
(4634, 2, 11, 1),
(4635, 13, 11, 1),
(4636, 22, 11, 1),
(4637, 1, 11, 1),
(4638, 12, 11, 1),
(4639, 16, 11, 1),
(4640, 5, 11, 1),
(4641, 17, 11, 1),
(4642, 11, 11, 1),
(4643, 11, 11, 1),
(4644, 3, 11, 1),
(4645, 5, 11, 1),
(4646, 11, 11, 1),
(4647, 26, 11, 1),
(4648, 6, 11, 1),
(4649, 4, 11, 1),
(4650, 7, 11, 1),
(4651, 2, 11, 1),
(4652, 2, 11, 1),
(4653, 21, 11, 1),
(4654, 12, 11, 1),
(4655, 32, 11, 1),
(4656, 13, 11, 1),
(4657, 8, 11, 1),
(4658, 15, 11, 1),
(4659, 18, 11, 1),
(4660, 6, 11, 1),
(4661, 11, 11, 1),
(4662, 22, 11, 1),
(4663, 14, 11, 1),
(4664, 11, 11, 1),
(4665, 11, 11, 1),
(4666, 25, 11, 1),
(4667, 6, 11, 1),
(4668, 20, 11, 1),
(4669, 11, 11, 1),
(4670, 2, 11, 1),
(4671, 6, 11, 1),
(4672, 2, 11, 1),
(4673, 7, 11, 1),
(4674, 13, 11, 1),
(4675, 3, 11, 1),
(4676, 15, 11, 1),
(4677, 15, 11, 1),
(4678, 36, 11, 1),
(4679, 24, 11, 1),
(4680, 9, 11, 1),
(4681, 9, 11, 1),
(4682, 17, 11, 1),
(4683, 20, 11, 1),
(4684, 8, 11, 1),
(4685, 17, 11, 1),
(4686, 20, 11, 1),
(4687, 10, 11, 1),
(4688, 34, 11, 1),
(4689, 11, 11, 1),
(4690, 8, 11, 1),
(4691, 4, 11, 1),
(4692, 36, 11, 1),
(4693, 4, 11, 1),
(4694, 17, 11, 1),
(4695, 16, 11, 1),
(4696, 28, 11, 1),
(4697, 14, 11, 1),
(4698, 22, 11, 1),
(4699, 4, 11, 1),
(4700, 2, 11, 1),
(4701, 15, 11, 1),
(4702, 23, 11, 1),
(4703, 5, 11, 1),
(4704, 26, 11, 1),
(4705, 28, 11, 1),
(4706, 1, 11, 1),
(4707, 36, 11, 1),
(4708, 29, 11, 1),
(4709, 8, 11, 1),
(4710, 8, 11, 1),
(4711, 9, 11, 1),
(4712, 12, 11, 1),
(4713, 20, 11, 1),
(4714, 25, 11, 1),
(4715, 21, 11, 1),
(4716, 38, 11, 1),
(4717, 4, 11, 1),
(4718, 23, 11, 1),
(4719, 13, 11, 1),
(4720, 25, 11, 1),
(4721, 12, 11, 1),
(4722, 21, 11, 1),
(4723, 2, 11, 1),
(4724, 2, 11, 1),
(4725, 21, 11, 1),
(4726, 16, 11, 1),
(4727, 28, 11, 1),
(4728, 31, 11, 1),
(4729, 5, 11, 1),
(4730, 5, 11, 1),
(4731, 12, 11, 1),
(4732, 17, 11, 1),
(4733, 10, 11, 1),
(4734, 32, 11, 1),
(4735, 3, 11, 1),
(4736, 2, 11, 1),
(4737, 2, 11, 1),
(4738, 10, 11, 1),
(4739, 26, 11, 1),
(4740, 11, 11, 1),
(4741, 20, 11, 1),
(4742, 21, 11, 1),
(4743, 17, 11, 1),
(4744, 8, 11, 1),
(4745, 7, 11, 1),
(4746, 2, 11, 1),
(4747, 1, 11, 1),
(4748, 2, 11, 1),
(4749, 23, 11, 1),
(4750, 22, 11, 1),
(4751, 29, 11, 1),
(4752, 16, 11, 1),
(4753, 11, 11, 1),
(4754, 22, 11, 1),
(4755, 3, 11, 1),
(4756, 29, 11, 1),
(4757, 13, 11, 1),
(4758, 13, 11, 1),
(4759, 3, 11, 1),
(4760, 19, 11, 1),
(4761, 7, 11, 1),
(4762, 13, 11, 1),
(4763, 23, 11, 1),
(4764, 25, 11, 1),
(4765, 4, 11, 1),
(4766, 28, 11, 1),
(4767, 28, 11, 1),
(4768, 19, 11, 1),
(4769, 7, 11, 1),
(4770, 15, 11, 1),
(4771, 9, 11, 1),
(4772, 34, 11, 1),
(4773, 2, 11, 1),
(4774, 27, 11, 1),
(4775, 15, 11, 1),
(4776, 16, 11, 1),
(4777, 13, 11, 1),
(4778, 3, 11, 1),
(4779, 14, 11, 1),
(4780, 21, 11, 1),
(4781, 30, 11, 1),
(4782, 30, 11, 1),
(4783, 32, 11, 1),
(4784, 27, 11, 1),
(4785, 8, 11, 1),
(4786, 8, 11, 1),
(4787, 17, 11, 1),
(4788, 4, 11, 1),
(4789, 11, 11, 1),
(4790, 18, 11, 1),
(4791, 2, 11, 1),
(4792, 30, 11, 1),
(4793, 18, 11, 1),
(4794, 18, 11, 1),
(4795, 24, 11, 1),
(4796, 5, 11, 1),
(4797, 5, 11, 1),
(4798, 16, 11, 1),
(4799, 27, 11, 1),
(4800, 37, 11, 1),
(4801, 24, 11, 1),
(4802, 9, 11, 1),
(4803, 5, 11, 1),
(4804, 17, 11, 1),
(4805, 2, 11, 1),
(4806, 11, 11, 1),
(4807, 2, 11, 1),
(4808, 7, 11, 1),
(4809, 10, 11, 1),
(4810, 17, 11, 1),
(4811, 30, 11, 1),
(4812, 15, 11, 1),
(4813, 6, 11, 1),
(4814, 12, 11, 1),
(4815, 23, 11, 1),
(4816, 6, 11, 1),
(4817, 28, 11, 1),
(4818, 1, 11, 1),
(4819, 1, 11, 1),
(4820, 31, 11, 1),
(4821, 4, 11, 1),
(4822, 17, 11, 1),
(4823, 33, 11, 1),
(4824, 22, 11, 1),
(4825, 12, 11, 1),
(4826, 37, 11, 1),
(4827, 5, 11, 1),
(4828, 15, 11, 1),
(4829, 33, 11, 1),
(4830, 7, 11, 1),
(4831, 22, 11, 1),
(4832, 4, 11, 1),
(4833, 32, 11, 1),
(4834, 20, 11, 1),
(4835, 4, 11, 1),
(4836, 26, 11, 1),
(4837, 19, 11, 1),
(4838, 26, 11, 1),
(4839, 10, 11, 1),
(4840, 29, 11, 1),
(4841, 12, 11, 1),
(4842, 22, 11, 1),
(4843, 30, 11, 1),
(4844, 4, 11, 1),
(4845, 16, 11, 1),
(4846, 29, 11, 1),
(4847, 5, 11, 1),
(4848, 11, 11, 1),
(4849, 10, 11, 1),
(4850, 1, 11, 1),
(4851, 7, 11, 1),
(4852, 6, 11, 1),
(4853, 9, 11, 1),
(4854, 27, 11, 1),
(4855, 28, 11, 1),
(4856, 16, 11, 1),
(4857, 6, 11, 1),
(4858, 16, 11, 1),
(4859, 20, 11, 1),
(4860, 11, 11, 1),
(4861, 33, 11, 1),
(4862, 28, 11, 1),
(4863, 6, 11, 1),
(4864, 6, 11, 1),
(4865, 2, 11, 1),
(4866, 20, 11, 1),
(4867, 4, 11, 1),
(4868, 10, 11, 1),
(4869, 26, 11, 1),
(4870, 24, 11, 1),
(4871, 21, 11, 1),
(4872, 20, 11, 1),
(4873, 28, 11, 1),
(4874, 33, 11, 1),
(4875, 20, 11, 1),
(4876, 14, 11, 1),
(4877, 3, 11, 1),
(4878, 9, 11, 1),
(4879, 8, 11, 1),
(4880, 8, 11, 1),
(4881, 32, 11, 1),
(4882, 15, 11, 1),
(4883, 12, 11, 1),
(4884, 12, 11, 1),
(4885, 6, 11, 1),
(4886, 25, 11, 1),
(4887, 18, 11, 1),
(4888, 1, 11, 1),
(4889, 12, 11, 1),
(4890, 7, 11, 1),
(4891, 35, 11, 1),
(4892, 8, 11, 1),
(4893, 6, 11, 1),
(4894, 20, 11, 1),
(4895, 3, 11, 1),
(4896, 3, 11, 1),
(4897, 15, 11, 1),
(4898, 11, 11, 1),
(4899, 21, 11, 1),
(4900, 2, 11, 1),
(4901, 20, 11, 1),
(4902, 28, 11, 1),
(4903, 3, 11, 1),
(4904, 10, 11, 1),
(4905, 1, 11, 1),
(4906, 18, 11, 1),
(4907, 1, 11, 1),
(4908, 28, 11, 1),
(4909, 4, 11, 1),
(4910, 20, 11, 1),
(4911, 2, 11, 1),
(4912, 24, 11, 1),
(4913, 29, 11, 1),
(4914, 6, 11, 1),
(4915, 18, 11, 1),
(4916, 21, 11, 1),
(4917, 1, 11, 1),
(4918, 33, 11, 1),
(4919, 5, 11, 1),
(4920, 14, 11, 1),
(4921, 1, 11, 1),
(4922, 8, 11, 1),
(4923, 33, 11, 1),
(4924, 30, 11, 1),
(4925, 10, 11, 1),
(4926, 1, 11, 1),
(4927, 1, 11, 1),
(4928, 8, 11, 1),
(4929, 6, 11, 1),
(4930, 22, 11, 1),
(4931, 6, 11, 1),
(4932, 14, 11, 1),
(4933, 2, 11, 1),
(4934, 12, 11, 1),
(4935, 29, 11, 1),
(4936, 5, 11, 1),
(4937, 14, 11, 1),
(4938, 20, 11, 1),
(4939, 19, 11, 1),
(4940, 15, 11, 1),
(4941, 14, 11, 1),
(4942, 18, 11, 1),
(4943, 8, 11, 1),
(4944, 24, 11, 1),
(4945, 8, 11, 1),
(4946, 6, 11, 1),
(4947, 22, 11, 1),
(4948, 10, 11, 1),
(4949, 15, 11, 1),
(4950, 9, 11, 1),
(4951, 6, 11, 1),
(4952, 12, 11, 1),
(4953, 16, 11, 1),
(4954, 19, 11, 1),
(4955, 14, 11, 1),
(4956, 4, 11, 1),
(4957, 16, 11, 1),
(4958, 2, 11, 1),
(4959, 4, 11, 1),
(4960, 15, 11, 1),
(4961, 13, 11, 1),
(4962, 2, 11, 1),
(4963, 5, 11, 1),
(4964, 15, 11, 1),
(4965, 1, 11, 1),
(4966, 2, 11, 1),
(4967, 5, 11, 1),
(4968, 4, 11, 1),
(4969, 23, 11, 1),
(4970, 13, 11, 1),
(4971, 10, 11, 1),
(4972, 7, 11, 1),
(4973, 10, 11, 1),
(4974, 10, 11, 1),
(4975, 10, 11, 1),
(4976, 21, 11, 1),
(4977, 33, 11, 1),
(4978, 16, 11, 1),
(4979, 11, 11, 1),
(4980, 17, 11, 1),
(4981, 23, 11, 1),
(4982, 4, 11, 1),
(4983, 5, 11, 1),
(4984, 5, 11, 1),
(4985, 4, 11, 1),
(4986, 5, 11, 1),
(4987, 12, 11, 1),
(4988, 9, 11, 1),
(4989, 20, 11, 1),
(4990, 9, 11, 1),
(4991, 9, 11, 1),
(4992, 19, 11, 1),
(4993, 4, 11, 1),
(4994, 2, 11, 1),
(4995, 8, 11, 1),
(4996, 22, 11, 1),
(4997, 16, 11, 1),
(4998, 18, 11, 1),
(4999, 19, 11, 1),
(5000, 27, 11, 1),
(5001, 17, 11, 1),
(5002, 7, 11, 1),
(5003, 24, 11, 1),
(5004, 17, 11, 1),
(5005, 16, 11, 1),
(5006, 25, 11, 1),
(5007, 36, 11, 1),
(5008, 2, 11, 1),
(5009, 11, 11, 1),
(5010, 10, 11, 1),
(5011, 14, 11, 1),
(5012, 1, 11, 1),
(5013, 3, 11, 1),
(5014, 10, 11, 1),
(5015, 2, 11, 1),
(5016, 6, 11, 1),
(5017, 12, 11, 1),
(5018, 20, 11, 1),
(5019, 6, 11, 1),
(5020, 13, 11, 1),
(5021, 3, 11, 1),
(5022, 6, 11, 1),
(5023, 4, 11, 1),
(5024, 12, 11, 1),
(5025, 1, 11, 1),
(5026, 15, 11, 1),
(5027, 1, 11, 1),
(5028, 1, 11, 1),
(5029, 8, 11, 1),
(5030, 30, 11, 1),
(5031, 20, 11, 1),
(5032, 10, 11, 1),
(5033, 10, 11, 1),
(5034, 2, 11, 1),
(5035, 17, 11, 1),
(5036, 8, 11, 1),
(5037, 8, 11, 1),
(5038, 7, 11, 1),
(5039, 8, 11, 1),
(5040, 5, 11, 1),
(5041, 1, 11, 1),
(5042, 3, 11, 1),
(5043, 16, 11, 1),
(5044, 14, 11, 1),
(5045, 1, 11, 1),
(5046, 31, 11, 1),
(5047, 5, 11, 1),
(5048, 3, 11, 1),
(5049, 1, 11, 1),
(5050, 34, 11, 1),
(5051, 11, 11, 1),
(5052, 3, 11, 1),
(5053, 5, 11, 1),
(5054, 24, 11, 1),
(5055, 20, 11, 1),
(5056, 27, 11, 1),
(5057, 21, 11, 1),
(5058, 18, 11, 1),
(5059, 1, 11, 1),
(5060, 19, 11, 1),
(5061, 23, 11, 1),
(5062, 23, 11, 1),
(5063, 18, 11, 1),
(5064, 20, 11, 1),
(5065, 18, 11, 1),
(5066, 11, 11, 1),
(5067, 18, 11, 1),
(5068, 12, 11, 1),
(5069, 6, 11, 1),
(5070, 10, 11, 1),
(5071, 4, 11, 1),
(5072, 6, 11, 1),
(5073, 16, 11, 1),
(5074, 19, 11, 1),
(5075, 27, 11, 1),
(5076, 25, 11, 1),
(5077, 1, 11, 1),
(5078, 4, 11, 1),
(5079, 15, 11, 1),
(5080, 3, 11, 1),
(5081, 8, 11, 1),
(5082, 36, 11, 1),
(5083, 10, 11, 1),
(5084, 11, 12, 1),
(5085, 12, 12, 1),
(5086, 12, 12, 1),
(5087, 24, 12, 1),
(5088, 2, 12, 1),
(5089, 16, 12, 1),
(5090, 14, 12, 1),
(5091, 11, 12, 1),
(5092, 28, 12, 1),
(5093, 12, 12, 1),
(5094, 6, 12, 1),
(5095, 28, 12, 1),
(5096, 1, 12, 1),
(5097, 24, 12, 1),
(5098, 6, 12, 1),
(5099, 35, 12, 1),
(5100, 6, 12, 1),
(5101, 38, 12, 1),
(5102, 3, 12, 1),
(5103, 1, 12, 1),
(5104, 39, 12, 1),
(5105, 14, 12, 1),
(5106, 10, 12, 1),
(5107, 15, 12, 1),
(5108, 4, 12, 1),
(5109, 17, 12, 1),
(5110, 31, 12, 1),
(5111, 20, 12, 1),
(5112, 12, 12, 1),
(5113, 19, 12, 1),
(5114, 2, 12, 1),
(5115, 32, 12, 1),
(5116, 2, 12, 1),
(5117, 27, 12, 1),
(5118, 12, 12, 1),
(5119, 15, 12, 1),
(5120, 27, 12, 1),
(5121, 10, 12, 1),
(5122, 12, 12, 1),
(5123, 2, 12, 1),
(5124, 4, 12, 1),
(5125, 29, 12, 1),
(5126, 10, 12, 1),
(5127, 2, 12, 1),
(5128, 5, 12, 1),
(5129, 20, 12, 1),
(5130, 29, 12, 1),
(5131, 8, 12, 1),
(5132, 15, 12, 1),
(5133, 4, 12, 1),
(5134, 20, 12, 1),
(5135, 33, 12, 1),
(5136, 17, 12, 1),
(5137, 5, 12, 1),
(5138, 2, 12, 1),
(5139, 18, 12, 1),
(5140, 6, 12, 1),
(5141, 15, 12, 1),
(5142, 18, 12, 1),
(5143, 2, 12, 1),
(5144, 1, 12, 1),
(5145, 11, 12, 1),
(5146, 4, 12, 1),
(5147, 17, 12, 1),
(5148, 11, 12, 1),
(5149, 17, 12, 1),
(5150, 15, 12, 1),
(5151, 5, 12, 1),
(5152, 13, 12, 1),
(5153, 37, 12, 1),
(5154, 24, 12, 1),
(5155, 13, 12, 1),
(5156, 16, 12, 1),
(5157, 27, 12, 1),
(5158, 19, 12, 1),
(5159, 8, 12, 1),
(5160, 2, 12, 1),
(5161, 10, 12, 1),
(5162, 16, 12, 1),
(5163, 10, 12, 1),
(5164, 1, 12, 1),
(5165, 12, 12, 1),
(5166, 16, 12, 1),
(5167, 2, 12, 1),
(5168, 3, 12, 1),
(5169, 6, 12, 1),
(5170, 29, 12, 1),
(5171, 31, 12, 1),
(5172, 14, 12, 1),
(5173, 13, 12, 1),
(5174, 2, 12, 1),
(5175, 17, 12, 1),
(5176, 7, 12, 1),
(5177, 22, 12, 1),
(5178, 9, 12, 1),
(5179, 20, 12, 1),
(5180, 13, 12, 1),
(5181, 10, 12, 1),
(5182, 27, 12, 1),
(5183, 10, 12, 1),
(5184, 8, 12, 1),
(5185, 10, 12, 1),
(5186, 1, 12, 1),
(5187, 17, 12, 1),
(5188, 8, 12, 1),
(5189, 2, 12, 1),
(5190, 17, 12, 1),
(5191, 36, 12, 1),
(5192, 4, 12, 1),
(5193, 25, 12, 1),
(5194, 16, 12, 1),
(5195, 20, 12, 1),
(5196, 10, 12, 1),
(5197, 4, 12, 1),
(5198, 9, 12, 1),
(5199, 17, 12, 1),
(5200, 17, 12, 1),
(5201, 16, 12, 1),
(5202, 5, 12, 1),
(5203, 38, 12, 1),
(5204, 10, 12, 1),
(5205, 25, 12, 1),
(5206, 4, 12, 1),
(5207, 28, 12, 1),
(5208, 22, 12, 1),
(5209, 22, 12, 1),
(5210, 27, 12, 1),
(5211, 8, 12, 1),
(5212, 1, 12, 1),
(5213, 2, 12, 1),
(5214, 27, 12, 1),
(5215, 9, 12, 1),
(5216, 6, 12, 1),
(5217, 20, 12, 1),
(5218, 3, 12, 1),
(5219, 2, 12, 1),
(5220, 13, 12, 1),
(5221, 1, 12, 1),
(5222, 22, 12, 1),
(5223, 28, 12, 1),
(5224, 22, 12, 1),
(5225, 6, 12, 1),
(5226, 8, 12, 1),
(5227, 10, 12, 1),
(5228, 6, 12, 1),
(5229, 5, 12, 1),
(5230, 25, 12, 1),
(5231, 17, 12, 1),
(5232, 8, 12, 1),
(5233, 14, 12, 1),
(5234, 10, 12, 1),
(5235, 25, 12, 1),
(5236, 15, 12, 1),
(5237, 14, 12, 1),
(5238, 18, 12, 1),
(5239, 24, 12, 1),
(5240, 24, 12, 1),
(5241, 14, 12, 1),
(5242, 13, 12, 1),
(5243, 18, 12, 1),
(5244, 2, 12, 1),
(5245, 10, 12, 1),
(5246, 1, 12, 1),
(5247, 2, 12, 1),
(5248, 11, 12, 1),
(5249, 1, 12, 1),
(5250, 5, 12, 1),
(5251, 19, 12, 1),
(5252, 18, 12, 1),
(5253, 21, 12, 1),
(5254, 12, 12, 1),
(5255, 25, 12, 1),
(5256, 7, 12, 1),
(5257, 23, 12, 1),
(5258, 23, 12, 1),
(5259, 12, 12, 1),
(5260, 19, 12, 1),
(5261, 2, 12, 1),
(5262, 20, 12, 1),
(5263, 15, 12, 1),
(5264, 16, 12, 1),
(5265, 9, 12, 1),
(5266, 7, 12, 1),
(5267, 10, 12, 1),
(5268, 18, 12, 1),
(5269, 32, 12, 1),
(5270, 4, 12, 1),
(5271, 5, 12, 1),
(5272, 7, 12, 1),
(5273, 7, 12, 1),
(5274, 12, 12, 1),
(5275, 1, 12, 1),
(5276, 9, 12, 1),
(5277, 1, 12, 1),
(5278, 10, 12, 1),
(5279, 13, 12, 1),
(5280, 7, 12, 1),
(5281, 27, 12, 1),
(5282, 5, 12, 1),
(5283, 10, 12, 1),
(5284, 7, 12, 1),
(5285, 11, 12, 1),
(5286, 19, 12, 1),
(5287, 28, 12, 1),
(5288, 6, 12, 1),
(5289, 23, 12, 1),
(5290, 16, 12, 1),
(5291, 26, 12, 1),
(5292, 4, 12, 1),
(5293, 20, 12, 1),
(5294, 14, 12, 1),
(5295, 5, 12, 1),
(5296, 18, 12, 1),
(5297, 2, 12, 1),
(5298, 12, 12, 1),
(5299, 9, 12, 1),
(5300, 13, 12, 1),
(5301, 10, 12, 1),
(5302, 20, 12, 1),
(5303, 1, 12, 1),
(5304, 1, 12, 1),
(5305, 26, 12, 1),
(5306, 20, 12, 1),
(5307, 12, 12, 1),
(5308, 12, 12, 1),
(5309, 33, 12, 1),
(5310, 16, 12, 1),
(5311, 10, 12, 1),
(5312, 27, 12, 1),
(5313, 3, 12, 1),
(5314, 17, 12, 1),
(5315, 5, 12, 1),
(5316, 2, 12, 1),
(5317, 19, 12, 1),
(5318, 6, 12, 1),
(5319, 12, 12, 1),
(5320, 2, 12, 1),
(5321, 3, 12, 1),
(5322, 24, 12, 1),
(5323, 9, 12, 1),
(5324, 19, 12, 1),
(5325, 10, 12, 1),
(5326, 1, 12, 1),
(5327, 2, 12, 1),
(5328, 4, 12, 1),
(5329, 6, 12, 1),
(5330, 18, 12, 1),
(5331, 33, 12, 1),
(5332, 5, 12, 1),
(5333, 13, 12, 1),
(5334, 11, 12, 1),
(5335, 18, 12, 1),
(5336, 13, 12, 1),
(5337, 3, 12, 1),
(5338, 19, 12, 1),
(5339, 23, 12, 1),
(5340, 21, 12, 1),
(5341, 21, 12, 1),
(5342, 15, 12, 1),
(5343, 26, 12, 1),
(5344, 31, 12, 1),
(5345, 9, 12, 1),
(5346, 13, 12, 1),
(5347, 23, 12, 1),
(5348, 1, 12, 1),
(5349, 10, 12, 1),
(5350, 11, 12, 1),
(5351, 13, 12, 1),
(5352, 4, 12, 1),
(5353, 21, 12, 1),
(5354, 17, 12, 1),
(5355, 3, 12, 1),
(5356, 9, 12, 1),
(5357, 2, 12, 1),
(5358, 32, 12, 1),
(5359, 10, 12, 1),
(5360, 10, 12, 1),
(5361, 17, 12, 1),
(5362, 7, 12, 1),
(5363, 24, 12, 1),
(5364, 17, 12, 1),
(5365, 17, 12, 1),
(5366, 20, 12, 1),
(5367, 10, 12, 1),
(5368, 6, 12, 1),
(5369, 24, 12, 1),
(5370, 30, 12, 1),
(5371, 3, 12, 1),
(5372, 2, 12, 1),
(5373, 27, 12, 1),
(5374, 21, 12, 1),
(5375, 21, 12, 1),
(5376, 29, 12, 1),
(5377, 25, 12, 1),
(5378, 32, 12, 1),
(5379, 21, 12, 1),
(5380, 17, 12, 1),
(5381, 16, 12, 1),
(5382, 26, 12, 1),
(5383, 2, 12, 1),
(5384, 12, 12, 1),
(5385, 14, 12, 1),
(5386, 2, 12, 1),
(5387, 31, 12, 1),
(5388, 9, 12, 1),
(5389, 4, 12, 1),
(5390, 6, 12, 1),
(5391, 11, 12, 1),
(5392, 14, 12, 1),
(5393, 1, 12, 1),
(5394, 31, 12, 1),
(5395, 7, 12, 1),
(5396, 10, 12, 1),
(5397, 15, 12, 1),
(5398, 9, 12, 1),
(5399, 29, 12, 1),
(5400, 10, 12, 1),
(5401, 16, 12, 1),
(5402, 8, 12, 1),
(5403, 15, 12, 1),
(5404, 5, 12, 1),
(5405, 14, 12, 1),
(5406, 15, 12, 1),
(5407, 4, 12, 1),
(5408, 9, 12, 1),
(5409, 27, 12, 1),
(5410, 23, 12, 1),
(5411, 23, 12, 1),
(5412, 14, 12, 1),
(5413, 8, 12, 1),
(5414, 19, 12, 1),
(5415, 5, 12, 1),
(5416, 8, 12, 1),
(5417, 26, 12, 1),
(5418, 24, 12, 1),
(5419, 2, 12, 1),
(5420, 8, 12, 1),
(5421, 2, 12, 1),
(5422, 12, 12, 1),
(5423, 23, 12, 1),
(5424, 16, 12, 1),
(5425, 13, 12, 1),
(5426, 20, 12, 1),
(5427, 39, 12, 1),
(5428, 12, 12, 1),
(5429, 14, 12, 1),
(5430, 3, 12, 1),
(5431, 24, 12, 1),
(5432, 10, 12, 1),
(5433, 4, 12, 1),
(5434, 12, 12, 1),
(5435, 20, 12, 1),
(5436, 17, 12, 1),
(5437, 3, 12, 1),
(5438, 4, 12, 1),
(5439, 10, 12, 1),
(5440, 3, 12, 1),
(5441, 1, 12, 1),
(5442, 11, 12, 1),
(5443, 11, 12, 1),
(5444, 20, 12, 1),
(5445, 25, 12, 1),
(5446, 28, 12, 1),
(5447, 18, 12, 1),
(5448, 1, 12, 1),
(5449, 31, 12, 1),
(5450, 4, 12, 1),
(5451, 3, 12, 1),
(5452, 13, 12, 1),
(5453, 8, 12, 1),
(5454, 18, 12, 1),
(5455, 18, 12, 1),
(5456, 11, 12, 1),
(5457, 17, 12, 1),
(5458, 15, 12, 1),
(5459, 3, 12, 1),
(5460, 16, 12, 1),
(5461, 11, 12, 1),
(5462, 2, 12, 1),
(5463, 20, 12, 1),
(5464, 18, 12, 1),
(5465, 16, 12, 1),
(5466, 1, 12, 1),
(5467, 4, 12, 1),
(5468, 20, 12, 1),
(5469, 9, 12, 1),
(5470, 1, 12, 1),
(5471, 8, 12, 1),
(5472, 12, 12, 1),
(5473, 32, 12, 1),
(5474, 12, 12, 1),
(5475, 2, 12, 1),
(5476, 16, 12, 1),
(5477, 2, 12, 1),
(5478, 2, 12, 1),
(5479, 13, 12, 1),
(5480, 17, 12, 1),
(5481, 6, 12, 1),
(5482, 10, 12, 1),
(5483, 7, 12, 1),
(5484, 1, 12, 1),
(5485, 2, 12, 1),
(5486, 7, 12, 1),
(5487, 3, 12, 1),
(5488, 8, 12, 1),
(5489, 23, 12, 1),
(5490, 8, 12, 1),
(5491, 13, 12, 1),
(5492, 3, 12, 1),
(5493, 1, 12, 1),
(5494, 13, 12, 1),
(5495, 15, 12, 1),
(5496, 15, 12, 1),
(5497, 6, 12, 1),
(5498, 1, 12, 1),
(5499, 19, 12, 1),
(5500, 1, 12, 1),
(5501, 11, 12, 1),
(5502, 4, 12, 1),
(5503, 6, 12, 1),
(5504, 1, 12, 1),
(5505, 4, 12, 1),
(5506, 38, 12, 1),
(5507, 21, 12, 1),
(5508, 16, 12, 1),
(5509, 4, 12, 1),
(5510, 22, 12, 1),
(5511, 30, 12, 1),
(5512, 22, 12, 1),
(5513, 15, 12, 1),
(5514, 11, 12, 1),
(5515, 17, 12, 1),
(5516, 10, 12, 1),
(5517, 13, 12, 1),
(5518, 15, 12, 1),
(5519, 20, 12, 1),
(5520, 13, 12, 1),
(5521, 36, 12, 1),
(5522, 19, 12, 1),
(5523, 7, 12, 1),
(5524, 2, 12, 1),
(5525, 13, 12, 1),
(5526, 17, 12, 1),
(5527, 24, 12, 1),
(5528, 1, 12, 1),
(5529, 10, 12, 1),
(5530, 9, 12, 1),
(5531, 11, 12, 1),
(5532, 4, 12, 1),
(5533, 16, 12, 1),
(5534, 21, 12, 1),
(5535, 10, 12, 1),
(5536, 4, 12, 1),
(5537, 5, 12, 1),
(5538, 2, 12, 1),
(5539, 27, 12, 1),
(5540, 7, 12, 1),
(5541, 12, 12, 1),
(5542, 21, 12, 1),
(5543, 6, 12, 1),
(5544, 17, 12, 1),
(5545, 16, 12, 1),
(5546, 13, 12, 1),
(5547, 3, 12, 1),
(5548, 2, 12, 1),
(5549, 10, 12, 1),
(5550, 14, 12, 1),
(5551, 21, 12, 1),
(5552, 13, 12, 1),
(5553, 5, 12, 1),
(5554, 16, 12, 1),
(5555, 32, 12, 1),
(5556, 13, 12, 1),
(5557, 36, 12, 1),
(5558, 18, 12, 1),
(5559, 22, 12, 1),
(5560, 15, 12, 1),
(5561, 10, 12, 1),
(5562, 4, 12, 1),
(5563, 8, 12, 1),
(5564, 15, 12, 1),
(5565, 10, 12, 1),
(5566, 6, 12, 1),
(5567, 32, 12, 1),
(5568, 2, 12, 1),
(5569, 25, 12, 1),
(5570, 22, 12, 1),
(5571, 12, 12, 1),
(5572, 26, 12, 1),
(5573, 10, 12, 1),
(5574, 5, 12, 1),
(5575, 30, 12, 1),
(5576, 11, 12, 1),
(5577, 14, 12, 1),
(5578, 6, 12, 1),
(5579, 21, 12, 1),
(5580, 9, 12, 1),
(5581, 9, 12, 1),
(5582, 12, 12, 1),
(5583, 1, 12, 1),
(5584, 28, 12, 1),
(5585, 13, 12, 1),
(5586, 24, 12, 1),
(5587, 30, 12, 1),
(5588, 19, 12, 1),
(5589, 9, 12, 1),
(5590, 12, 13, 1),
(5591, 27, 13, 1),
(5592, 1, 13, 1),
(5593, 29, 13, 1),
(5594, 17, 13, 1),
(5595, 17, 13, 1),
(5596, 2, 13, 1),
(5597, 10, 13, 1),
(5598, 5, 13, 1),
(5599, 13, 13, 1),
(5600, 16, 13, 1),
(5601, 1, 13, 1),
(5602, 4, 13, 1),
(5603, 13, 13, 1),
(5604, 6, 13, 1),
(5605, 27, 13, 1),
(5606, 3, 13, 1),
(5607, 21, 13, 1),
(5608, 13, 13, 1),
(5609, 24, 13, 1),
(5610, 16, 13, 1),
(5611, 11, 13, 1),
(5612, 6, 13, 1),
(5613, 21, 13, 1),
(5614, 1, 13, 1),
(5615, 5, 13, 1),
(5616, 31, 13, 1),
(5617, 15, 13, 1),
(5618, 19, 13, 1),
(5619, 12, 13, 1),
(5620, 4, 13, 1),
(5621, 13, 13, 1),
(5622, 8, 13, 1),
(5623, 20, 13, 1),
(5624, 11, 13, 1),
(5625, 36, 13, 1),
(5626, 23, 13, 1),
(5627, 19, 13, 1),
(5628, 14, 13, 1),
(5629, 18, 13, 1),
(5630, 38, 13, 1),
(5631, 18, 13, 1),
(5632, 34, 13, 1),
(5633, 8, 13, 1),
(5634, 24, 13, 1),
(5635, 15, 13, 1),
(5636, 8, 13, 1),
(5637, 33, 13, 1),
(5638, 10, 13, 1),
(5639, 36, 13, 1),
(5640, 7, 13, 1),
(5641, 2, 13, 1),
(5642, 21, 13, 1),
(5643, 13, 13, 1),
(5644, 21, 13, 1),
(5645, 10, 13, 1),
(5646, 3, 13, 1),
(5647, 25, 13, 1),
(5648, 18, 13, 1),
(5649, 13, 13, 1),
(5650, 11, 13, 1),
(5651, 8, 13, 1),
(5652, 21, 13, 1),
(5653, 1, 13, 1),
(5654, 21, 13, 1),
(5655, 20, 13, 1),
(5656, 13, 13, 1),
(5657, 7, 13, 1),
(5658, 38, 13, 1),
(5659, 13, 13, 1),
(5660, 8, 13, 1),
(5661, 24, 13, 1),
(5662, 9, 13, 1),
(5663, 28, 13, 1),
(5664, 4, 13, 1),
(5665, 10, 13, 1),
(5666, 14, 13, 1),
(5667, 3, 13, 1),
(5668, 12, 13, 1),
(5669, 9, 13, 1),
(5670, 16, 13, 1),
(5671, 6, 13, 1),
(5672, 11, 13, 1),
(5673, 13, 13, 1),
(5674, 10, 13, 1),
(5675, 4, 13, 1),
(5676, 11, 13, 1),
(5677, 2, 13, 1),
(5678, 30, 13, 1),
(5679, 17, 13, 1),
(5680, 8, 13, 1),
(5681, 14, 13, 1),
(5682, 30, 13, 1),
(5683, 12, 13, 1),
(5684, 12, 13, 1),
(5685, 1, 13, 1),
(5686, 20, 13, 1),
(5687, 19, 13, 1),
(5688, 29, 13, 1),
(5689, 22, 13, 1),
(5690, 13, 13, 1),
(5691, 1, 13, 1),
(5692, 4, 13, 1),
(5693, 15, 13, 1),
(5694, 21, 13, 1),
(5695, 16, 13, 1),
(5696, 29, 13, 1),
(5697, 2, 13, 1),
(5698, 9, 13, 1),
(5699, 11, 13, 1),
(5700, 11, 13, 1),
(5701, 2, 13, 1),
(5702, 4, 13, 1),
(5703, 33, 13, 1),
(5704, 33, 13, 1),
(5705, 13, 13, 1),
(5706, 4, 13, 1),
(5707, 18, 13, 1),
(5708, 7, 13, 1),
(5709, 18, 13, 1),
(5710, 5, 13, 1),
(5711, 18, 13, 1),
(5712, 11, 13, 1),
(5713, 2, 13, 1),
(5714, 5, 13, 1),
(5715, 20, 13, 1),
(5716, 22, 13, 1),
(5717, 8, 13, 1),
(5718, 13, 13, 1),
(5719, 22, 13, 1),
(5720, 4, 13, 1),
(5721, 10, 13, 1),
(5722, 18, 13, 1),
(5723, 7, 13, 1),
(5724, 21, 13, 1),
(5725, 3, 13, 1),
(5726, 13, 13, 1),
(5727, 1, 13, 1),
(5728, 19, 13, 1),
(5729, 16, 13, 1),
(5730, 9, 13, 1),
(5731, 19, 13, 1),
(5732, 18, 13, 1),
(5733, 28, 13, 1),
(5734, 36, 13, 1),
(5735, 17, 13, 1),
(5736, 16, 13, 1),
(5737, 21, 13, 1),
(5738, 8, 13, 1),
(5739, 24, 13, 1),
(5740, 5, 13, 1),
(5741, 6, 13, 1),
(5742, 3, 13, 1),
(5743, 32, 13, 1),
(5744, 2, 13, 1),
(5745, 15, 13, 1),
(5746, 21, 13, 1),
(5747, 16, 13, 1),
(5748, 5, 13, 1),
(5749, 2, 13, 1),
(5750, 11, 13, 1),
(5751, 19, 13, 1),
(5752, 17, 13, 1),
(5753, 7, 13, 1),
(5754, 18, 13, 1),
(5755, 26, 13, 1),
(5756, 15, 13, 1),
(5757, 23, 13, 1),
(5758, 15, 13, 1),
(5759, 5, 13, 1),
(5760, 25, 13, 1),
(5761, 3, 13, 1),
(5762, 3, 13, 1),
(5763, 19, 13, 1),
(5764, 24, 13, 1),
(5765, 6, 13, 1),
(5766, 5, 13, 1),
(5767, 11, 13, 1),
(5768, 28, 13, 1),
(5769, 39, 13, 1),
(5770, 23, 13, 1),
(5771, 25, 13, 1),
(5772, 29, 13, 1),
(5773, 5, 13, 1),
(5774, 3, 13, 1),
(5775, 17, 13, 1),
(5776, 4, 13, 1),
(5777, 13, 13, 1),
(5778, 16, 13, 1),
(5779, 11, 13, 1),
(5780, 7, 13, 1),
(5781, 1, 13, 1),
(5782, 4, 13, 1),
(5783, 23, 13, 1),
(5784, 22, 13, 1),
(5785, 4, 13, 1),
(5786, 18, 13, 1),
(5787, 19, 13, 1),
(5788, 4, 13, 1),
(5789, 10, 13, 1),
(5790, 35, 13, 1),
(5791, 31, 13, 1),
(5792, 14, 13, 1),
(5793, 9, 13, 1),
(5794, 4, 13, 1),
(5795, 11, 13, 1),
(5796, 5, 13, 1),
(5797, 9, 13, 1),
(5798, 10, 13, 1),
(5799, 13, 13, 1),
(5800, 20, 13, 1),
(5801, 8, 13, 1),
(5802, 3, 13, 1),
(5803, 29, 13, 1),
(5804, 30, 13, 1),
(5805, 12, 13, 1),
(5806, 9, 13, 1),
(5807, 2, 13, 1),
(5808, 6, 13, 1),
(5809, 5, 13, 1),
(5810, 20, 13, 1),
(5811, 21, 13, 1),
(5812, 1, 13, 1),
(5813, 24, 13, 1),
(5814, 38, 13, 1),
(5815, 24, 13, 1),
(5816, 17, 13, 1),
(5817, 20, 13, 1),
(5818, 7, 13, 1),
(5819, 14, 13, 1),
(5820, 2, 13, 1),
(5821, 24, 13, 1),
(5822, 10, 13, 1),
(5823, 4, 13, 1),
(5824, 3, 13, 1),
(5825, 12, 13, 1),
(5826, 5, 13, 1),
(5827, 28, 13, 1),
(5828, 3, 13, 1),
(5829, 18, 13, 1),
(5830, 12, 13, 1),
(5831, 2, 13, 1),
(5832, 19, 13, 1),
(5833, 8, 13, 1),
(5834, 23, 13, 1),
(5835, 8, 13, 1),
(5836, 13, 13, 1),
(5837, 13, 13, 1),
(5838, 10, 13, 1),
(5839, 28, 13, 1),
(5840, 20, 13, 1),
(5841, 28, 13, 1),
(5842, 1, 13, 1),
(5843, 19, 13, 1),
(5844, 23, 13, 1),
(5845, 18, 13, 1),
(5846, 7, 13, 1),
(5847, 5, 13, 1),
(5848, 4, 13, 1),
(5849, 4, 13, 1),
(5850, 9, 13, 1),
(5851, 16, 13, 1),
(5852, 18, 13, 1),
(5853, 29, 13, 1),
(5854, 8, 13, 1),
(5855, 18, 13, 1),
(5856, 12, 13, 1),
(5857, 8, 13, 1),
(5858, 24, 13, 1),
(5859, 13, 13, 1),
(5860, 27, 13, 1),
(5861, 1, 13, 1),
(5862, 4, 13, 1),
(5863, 6, 13, 1),
(5864, 3, 13, 1),
(5865, 11, 13, 1),
(5866, 9, 13, 1),
(5867, 19, 13, 1),
(5868, 25, 13, 1),
(5869, 28, 13, 1),
(5870, 24, 13, 1),
(5871, 8, 13, 1),
(5872, 24, 13, 1),
(5873, 16, 13, 1),
(5874, 6, 13, 1),
(5875, 20, 13, 1),
(5876, 19, 13, 1),
(5877, 23, 13, 1),
(5878, 9, 13, 1),
(5879, 18, 13, 1),
(5880, 21, 13, 1),
(5881, 13, 13, 1),
(5882, 13, 13, 1),
(5883, 32, 13, 1),
(5884, 6, 13, 1),
(5885, 14, 13, 1),
(5886, 9, 13, 1),
(5887, 6, 13, 1),
(5888, 4, 13, 1),
(5889, 5, 13, 1),
(5890, 23, 13, 1),
(5891, 12, 13, 1),
(5892, 14, 13, 1),
(5893, 17, 13, 1),
(5894, 21, 13, 1),
(5895, 6, 13, 1),
(5896, 27, 13, 1),
(5897, 13, 13, 1),
(5898, 26, 13, 1),
(5899, 11, 13, 1),
(5900, 18, 13, 1),
(5901, 25, 13, 1),
(5902, 10, 13, 1),
(5903, 15, 13, 1),
(5904, 7, 13, 1),
(5905, 26, 13, 1),
(5906, 3, 13, 1),
(5907, 20, 13, 1),
(5908, 31, 13, 1),
(5909, 6, 13, 1),
(5910, 8, 13, 1),
(5911, 2, 13, 1),
(5912, 28, 13, 1),
(5913, 8, 13, 1),
(5914, 21, 13, 1),
(5915, 24, 13, 1),
(5916, 18, 13, 1),
(5917, 3, 13, 1),
(5918, 6, 13, 1),
(5919, 17, 13, 1),
(5920, 32, 13, 1),
(5921, 3, 13, 1),
(5922, 20, 13, 1),
(5923, 10, 13, 1),
(5924, 5, 13, 1),
(5925, 6, 13, 1),
(5926, 2, 13, 1),
(5927, 12, 13, 1),
(5928, 31, 13, 1),
(5929, 2, 13, 1),
(5930, 25, 13, 1),
(5931, 5, 13, 1),
(5932, 22, 13, 1),
(5933, 4, 13, 1),
(5934, 8, 13, 1),
(5935, 7, 13, 1),
(5936, 23, 13, 1),
(5937, 9, 13, 1),
(5938, 1, 13, 1),
(5939, 18, 13, 1),
(5940, 5, 13, 1),
(5941, 9, 13, 1),
(5942, 2, 13, 1),
(5943, 18, 13, 1),
(5944, 6, 13, 1),
(5945, 1, 13, 1),
(5946, 11, 13, 1),
(5947, 33, 13, 1),
(5948, 12, 13, 1),
(5949, 34, 13, 1),
(5950, 2, 13, 1),
(5951, 6, 13, 1),
(5952, 12, 13, 1),
(5953, 7, 13, 1),
(5954, 6, 13, 1),
(5955, 19, 13, 1),
(5956, 21, 13, 1),
(5957, 7, 13, 1),
(5958, 2, 13, 1),
(5959, 28, 13, 1),
(5960, 27, 13, 1),
(5961, 18, 13, 1),
(5962, 24, 13, 1),
(5963, 25, 13, 1),
(5964, 24, 13, 1),
(5965, 31, 13, 1),
(5966, 2, 13, 1),
(5967, 32, 13, 1),
(5968, 26, 13, 1),
(5969, 14, 13, 1),
(5970, 3, 13, 1),
(5971, 8, 13, 1),
(5972, 27, 13, 1),
(5973, 14, 13, 1),
(5974, 16, 13, 1),
(5975, 11, 13, 1),
(5976, 32, 13, 1),
(5977, 29, 13, 1),
(5978, 33, 13, 1),
(5979, 4, 13, 1),
(5980, 12, 13, 1),
(5981, 31, 13, 1),
(5982, 12, 13, 1),
(5983, 18, 13, 1),
(5984, 12, 13, 1),
(5985, 8, 13, 1),
(5986, 21, 13, 1),
(5987, 25, 13, 1),
(5988, 23, 13, 1),
(5989, 34, 13, 1),
(5990, 33, 13, 1),
(5991, 21, 13, 1),
(5992, 21, 13, 1),
(5993, 1, 13, 1),
(5994, 21, 13, 1),
(5995, 10, 13, 1),
(5996, 10, 13, 1),
(5997, 21, 13, 1),
(5998, 24, 13, 1),
(5999, 11, 13, 1),
(6000, 5, 13, 1),
(6001, 8, 13, 1),
(6002, 26, 13, 1),
(6003, 5, 13, 1),
(6004, 10, 13, 1),
(6005, 11, 13, 1),
(6006, 26, 13, 1),
(6007, 15, 13, 1),
(6008, 20, 13, 1),
(6009, 9, 13, 1),
(6010, 26, 13, 1),
(6011, 19, 13, 1),
(6012, 8, 13, 1),
(6013, 4, 13, 1),
(6014, 26, 13, 1),
(6015, 20, 13, 1),
(6016, 4, 13, 1),
(6017, 9, 13, 1),
(6018, 21, 13, 1),
(6019, 13, 13, 1),
(6020, 1, 13, 1),
(6021, 4, 13, 1),
(6022, 2, 13, 1),
(6023, 1, 13, 1),
(6024, 11, 13, 1),
(6025, 7, 13, 1),
(6026, 19, 13, 1),
(6027, 2, 13, 1),
(6028, 17, 13, 1),
(6029, 19, 13, 1),
(6030, 21, 13, 1),
(6031, 28, 13, 1),
(6032, 17, 13, 1),
(6033, 21, 13, 1),
(6034, 17, 13, 1),
(6035, 18, 13, 1),
(6036, 14, 13, 1),
(6037, 10, 13, 1),
(6038, 8, 13, 1),
(6039, 14, 13, 1),
(6040, 13, 13, 1),
(6041, 7, 13, 1),
(6042, 38, 13, 1),
(6043, 8, 13, 1),
(6044, 4, 13, 1),
(6045, 22, 13, 1),
(6046, 16, 13, 1),
(6047, 8, 13, 1),
(6048, 15, 13, 1),
(6049, 39, 13, 1),
(6050, 30, 13, 1),
(6051, 4, 13, 1),
(6052, 2, 13, 1),
(6053, 9, 13, 1),
(6054, 18, 13, 1),
(6055, 10, 13, 1),
(6056, 3, 13, 1),
(6057, 19, 13, 1),
(6058, 3, 13, 1),
(6059, 27, 13, 1),
(6060, 10, 13, 1),
(6061, 1, 13, 1),
(6062, 9, 13, 1),
(6063, 10, 13, 1),
(6064, 11, 13, 1),
(6065, 5, 13, 1),
(6066, 14, 13, 1),
(6067, 23, 13, 1),
(6068, 18, 13, 1),
(6069, 21, 13, 1),
(6070, 3, 13, 1),
(6071, 17, 13, 1),
(6072, 1, 13, 1),
(6073, 6, 13, 1),
(6074, 19, 13, 1),
(6075, 11, 13, 1),
(6076, 12, 13, 1),
(6077, 31, 13, 1),
(6078, 1, 13, 1),
(6079, 10, 13, 1),
(6080, 7, 13, 1),
(6081, 3, 13, 1),
(6082, 22, 13, 1),
(6083, 3, 13, 1),
(6084, 29, 13, 1),
(6085, 7, 13, 1),
(6086, 15, 13, 1),
(6087, 19, 13, 1),
(6088, 2, 13, 1),
(6089, 11, 13, 1),
(6090, 1, 13, 1),
(6091, 17, 13, 1),
(6092, 22, 13, 1),
(6093, 7, 13, 1),
(6094, 4, 13, 1),
(6095, 11, 13, 1),
(6096, 20, 14, 1),
(6097, 6, 14, 1),
(6098, 30, 14, 1),
(6099, 17, 14, 1),
(6100, 34, 14, 1),
(6101, 11, 14, 1),
(6102, 31, 14, 1),
(6103, 5, 14, 1),
(6104, 9, 14, 1),
(6105, 15, 14, 1),
(6106, 23, 14, 1),
(6107, 12, 14, 1),
(6108, 15, 14, 1),
(6109, 19, 14, 1),
(6110, 26, 14, 1),
(6111, 5, 14, 1),
(6112, 10, 14, 1),
(6113, 14, 14, 1),
(6114, 31, 14, 1),
(6115, 10, 14, 1),
(6116, 16, 14, 1),
(6117, 11, 14, 1),
(6118, 10, 14, 1),
(6119, 26, 14, 1),
(6120, 1, 14, 1),
(6121, 8, 14, 1),
(6122, 9, 14, 1),
(6123, 20, 14, 1),
(6124, 24, 14, 1),
(6125, 10, 14, 1),
(6126, 3, 14, 1),
(6127, 8, 14, 1),
(6128, 6, 14, 1),
(6129, 11, 14, 1),
(6130, 16, 14, 1),
(6131, 9, 14, 1),
(6132, 39, 14, 1),
(6133, 4, 14, 1),
(6134, 10, 14, 1),
(6135, 6, 14, 1),
(6136, 4, 14, 1),
(6137, 9, 14, 1),
(6138, 32, 14, 1),
(6139, 4, 14, 1),
(6140, 30, 14, 1),
(6141, 5, 14, 1),
(6142, 5, 14, 1),
(6143, 9, 14, 1),
(6144, 13, 14, 1),
(6145, 13, 14, 1),
(6146, 7, 14, 1),
(6147, 18, 14, 1),
(6148, 24, 14, 1),
(6149, 20, 14, 1),
(6150, 30, 14, 1),
(6151, 4, 14, 1),
(6152, 37, 14, 1),
(6153, 14, 14, 1),
(6154, 23, 14, 1),
(6155, 10, 14, 1),
(6156, 3, 14, 1),
(6157, 17, 14, 1),
(6158, 8, 14, 1),
(6159, 29, 14, 1),
(6160, 14, 14, 1),
(6161, 32, 14, 1),
(6162, 7, 14, 1),
(6163, 7, 14, 1),
(6164, 36, 14, 1),
(6165, 22, 14, 1),
(6166, 14, 14, 1),
(6167, 8, 14, 1),
(6168, 37, 14, 1),
(6169, 1, 14, 1),
(6170, 12, 14, 1),
(6171, 13, 14, 1),
(6172, 9, 14, 1),
(6173, 27, 14, 1),
(6174, 27, 14, 1),
(6175, 11, 14, 1),
(6176, 32, 14, 1),
(6177, 26, 14, 1),
(6178, 20, 14, 1),
(6179, 4, 14, 1),
(6180, 10, 14, 1),
(6181, 3, 14, 1),
(6182, 10, 14, 1),
(6183, 31, 14, 1),
(6184, 17, 14, 1),
(6185, 21, 14, 1),
(6186, 2, 14, 1),
(6187, 3, 14, 1),
(6188, 24, 14, 1),
(6189, 21, 14, 1),
(6190, 28, 14, 1),
(6191, 1, 14, 1),
(6192, 4, 14, 1),
(6193, 5, 14, 1),
(6194, 4, 14, 1),
(6195, 5, 14, 1),
(6196, 34, 14, 1),
(6197, 30, 14, 1),
(6198, 7, 14, 1),
(6199, 23, 14, 1),
(6200, 8, 14, 1),
(6201, 14, 14, 1),
(6202, 18, 14, 1),
(6203, 24, 14, 1),
(6204, 24, 14, 1),
(6205, 8, 14, 1),
(6206, 3, 14, 1),
(6207, 18, 14, 1),
(6208, 21, 14, 1),
(6209, 7, 14, 1),
(6210, 9, 14, 1),
(6211, 12, 14, 1),
(6212, 15, 14, 1),
(6213, 33, 14, 1),
(6214, 4, 14, 1),
(6215, 25, 14, 1),
(6216, 10, 14, 1),
(6217, 21, 14, 1),
(6218, 4, 14, 1),
(6219, 8, 14, 1),
(6220, 21, 14, 1),
(6221, 16, 14, 1),
(6222, 7, 14, 1),
(6223, 1, 14, 1),
(6224, 22, 14, 1),
(6225, 16, 14, 1),
(6226, 3, 14, 1),
(6227, 6, 14, 1),
(6228, 2, 14, 1),
(6229, 34, 14, 1),
(6230, 4, 14, 1),
(6231, 31, 14, 1),
(6232, 9, 14, 1),
(6233, 18, 14, 1),
(6234, 22, 14, 1),
(6235, 4, 14, 1),
(6236, 9, 14, 1),
(6237, 28, 14, 1),
(6238, 20, 14, 1),
(6239, 10, 14, 1),
(6240, 18, 14, 1),
(6241, 3, 14, 1),
(6242, 28, 14, 1),
(6243, 35, 14, 1),
(6244, 19, 14, 1),
(6245, 2, 14, 1),
(6246, 19, 14, 1),
(6247, 21, 14, 1),
(6248, 8, 14, 1),
(6249, 8, 14, 1),
(6250, 26, 14, 1),
(6251, 33, 14, 1),
(6252, 9, 14, 1),
(6253, 30, 14, 1),
(6254, 33, 14, 1),
(6255, 1, 14, 1),
(6256, 23, 14, 1),
(6257, 2, 14, 1),
(6258, 7, 14, 1),
(6259, 21, 14, 1),
(6260, 2, 14, 1),
(6261, 26, 14, 1),
(6262, 15, 14, 1),
(6263, 15, 14, 1),
(6264, 17, 14, 1),
(6265, 11, 14, 1),
(6266, 4, 14, 1),
(6267, 10, 14, 1),
(6268, 26, 14, 1),
(6269, 12, 14, 1),
(6270, 16, 14, 1),
(6271, 5, 14, 1),
(6272, 27, 14, 1),
(6273, 11, 14, 1),
(6274, 26, 14, 1),
(6275, 9, 14, 1);
INSERT INTO `jugar` (`Partido`, `Jornada`, `Competicion`, `Edicion`) VALUES
(6276, 18, 14, 1),
(6277, 31, 14, 1),
(6278, 22, 14, 1),
(6279, 16, 14, 1),
(6280, 7, 14, 1),
(6281, 4, 14, 1),
(6282, 9, 14, 1),
(6283, 20, 14, 1),
(6284, 12, 14, 1),
(6285, 13, 14, 1),
(6286, 11, 14, 1),
(6287, 25, 14, 1),
(6288, 1, 14, 1),
(6289, 19, 14, 1),
(6290, 10, 14, 1),
(6291, 29, 14, 1),
(6292, 22, 14, 1),
(6293, 36, 14, 1),
(6294, 16, 14, 1),
(6295, 18, 14, 1),
(6296, 17, 14, 1),
(6297, 13, 14, 1),
(6298, 18, 14, 1),
(6299, 12, 14, 1),
(6300, 13, 14, 1),
(6301, 25, 14, 1),
(6302, 20, 14, 1),
(6303, 20, 14, 1),
(6304, 2, 14, 1),
(6305, 24, 14, 1),
(6306, 16, 14, 1),
(6307, 36, 14, 1),
(6308, 11, 14, 1),
(6309, 11, 14, 1),
(6310, 9, 14, 1),
(6311, 13, 14, 1),
(6312, 14, 14, 1),
(6313, 3, 14, 1),
(6314, 6, 14, 1),
(6315, 1, 14, 1),
(6316, 13, 14, 1),
(6317, 40, 14, 1),
(6318, 1, 14, 1),
(6319, 5, 14, 1),
(6320, 17, 14, 1),
(6321, 2, 14, 1),
(6322, 2, 14, 1),
(6323, 33, 14, 1),
(6324, 27, 14, 1),
(6325, 26, 14, 1),
(6326, 10, 14, 1),
(6327, 20, 14, 1),
(6328, 26, 14, 1),
(6329, 6, 14, 1),
(6330, 1, 14, 1),
(6331, 17, 14, 1),
(6332, 13, 14, 1),
(6333, 22, 14, 1),
(6334, 33, 14, 1),
(6335, 6, 14, 1),
(6336, 17, 14, 1),
(6337, 26, 14, 1),
(6338, 13, 14, 1),
(6339, 26, 14, 1),
(6340, 6, 14, 1),
(6341, 6, 14, 1),
(6342, 1, 14, 1),
(6343, 24, 14, 1),
(6344, 11, 14, 1),
(6345, 2, 14, 1),
(6346, 2, 14, 1),
(6347, 6, 14, 1),
(6348, 5, 14, 1),
(6349, 15, 14, 1),
(6350, 5, 14, 1),
(6351, 32, 14, 1),
(6352, 29, 14, 1),
(6353, 26, 14, 1),
(6354, 6, 14, 1),
(6355, 33, 14, 1),
(6356, 28, 14, 1),
(6357, 22, 14, 1),
(6358, 23, 14, 1),
(6359, 1, 14, 1),
(6360, 21, 14, 1),
(6361, 2, 14, 1),
(6362, 5, 14, 1),
(6363, 21, 14, 1),
(6364, 32, 14, 1),
(6365, 14, 14, 1),
(6366, 6, 14, 1),
(6367, 7, 14, 1),
(6368, 23, 14, 1),
(6369, 31, 14, 1),
(6370, 6, 14, 1),
(6371, 2, 14, 1),
(6372, 12, 14, 1),
(6373, 2, 14, 1),
(6374, 6, 14, 1),
(6375, 1, 14, 1),
(6376, 9, 14, 1),
(6377, 20, 14, 1),
(6378, 5, 14, 1),
(6379, 12, 14, 1),
(6380, 24, 14, 1),
(6381, 4, 14, 1),
(6382, 3, 14, 1),
(6383, 6, 14, 1),
(6384, 6, 14, 1),
(6385, 22, 14, 1),
(6386, 4, 14, 1),
(6387, 25, 14, 1),
(6388, 34, 14, 1),
(6389, 8, 14, 1),
(6390, 6, 14, 1),
(6391, 18, 14, 1),
(6392, 38, 14, 1),
(6393, 20, 14, 1),
(6394, 13, 14, 1),
(6395, 8, 14, 1),
(6396, 16, 14, 1),
(6397, 12, 14, 1),
(6398, 7, 14, 1),
(6399, 4, 14, 1),
(6400, 5, 14, 1),
(6401, 10, 14, 1),
(6402, 2, 14, 1),
(6403, 18, 14, 1),
(6404, 7, 14, 1),
(6405, 25, 14, 1),
(6406, 14, 14, 1),
(6407, 17, 14, 1),
(6408, 16, 14, 1),
(6409, 15, 14, 1),
(6410, 9, 14, 1),
(6411, 3, 14, 1),
(6412, 13, 14, 1),
(6413, 10, 14, 1),
(6414, 6, 14, 1),
(6415, 26, 14, 1),
(6416, 4, 14, 1),
(6417, 4, 14, 1),
(6418, 19, 14, 1),
(6419, 14, 14, 1),
(6420, 12, 14, 1),
(6421, 17, 14, 1),
(6422, 11, 14, 1),
(6423, 8, 14, 1),
(6424, 10, 14, 1),
(6425, 6, 14, 1),
(6426, 3, 14, 1),
(6427, 25, 14, 1),
(6428, 9, 14, 1),
(6429, 18, 14, 1),
(6430, 6, 14, 1),
(6431, 3, 14, 1),
(6432, 37, 14, 1),
(6433, 1, 14, 1),
(6434, 13, 14, 1),
(6435, 23, 14, 1),
(6436, 25, 14, 1),
(6437, 18, 14, 1),
(6438, 19, 14, 1),
(6439, 4, 14, 1),
(6440, 1, 14, 1),
(6441, 22, 14, 1),
(6442, 8, 14, 1),
(6443, 7, 14, 1),
(6444, 3, 14, 1),
(6445, 18, 14, 1),
(6446, 23, 14, 1),
(6447, 2, 14, 1),
(6448, 28, 14, 1),
(6449, 9, 14, 1),
(6450, 6, 14, 1),
(6451, 30, 14, 1),
(6452, 8, 14, 1),
(6453, 7, 14, 1),
(6454, 6, 14, 1),
(6455, 6, 14, 1),
(6456, 10, 14, 1),
(6457, 3, 14, 1),
(6458, 3, 14, 1),
(6459, 3, 14, 1),
(6460, 1, 14, 1),
(6461, 10, 14, 1),
(6462, 18, 14, 1),
(6463, 8, 14, 1),
(6464, 2, 14, 1),
(6465, 30, 14, 1),
(6466, 19, 14, 1),
(6467, 4, 14, 1),
(6468, 5, 14, 1),
(6469, 8, 14, 1),
(6470, 14, 14, 1),
(6471, 10, 14, 1),
(6472, 2, 14, 1),
(6473, 18, 14, 1),
(6474, 2, 14, 1),
(6475, 17, 14, 1),
(6476, 19, 14, 1),
(6477, 2, 14, 1),
(6478, 3, 14, 1),
(6479, 20, 14, 1),
(6480, 4, 14, 1),
(6481, 1, 14, 1),
(6482, 9, 14, 1),
(6483, 38, 14, 1),
(6484, 11, 14, 1),
(6485, 14, 14, 1),
(6486, 36, 14, 1),
(6487, 25, 14, 1),
(6488, 4, 14, 1),
(6489, 33, 14, 1),
(6490, 2, 14, 1),
(6491, 12, 14, 1),
(6492, 10, 14, 1),
(6493, 16, 14, 1),
(6494, 27, 14, 1),
(6495, 8, 14, 1),
(6496, 28, 14, 1),
(6497, 36, 14, 1),
(6498, 3, 14, 1),
(6499, 11, 14, 1),
(6500, 11, 14, 1),
(6501, 19, 14, 1),
(6502, 14, 14, 1),
(6503, 10, 14, 1),
(6504, 5, 14, 1),
(6505, 36, 14, 1),
(6506, 7, 14, 1),
(6507, 4, 14, 1),
(6508, 36, 14, 1),
(6509, 22, 14, 1),
(6510, 2, 14, 1),
(6511, 6, 14, 1),
(6512, 14, 14, 1),
(6513, 9, 14, 1),
(6514, 14, 14, 1),
(6515, 32, 14, 1),
(6516, 26, 14, 1),
(6517, 10, 14, 1),
(6518, 11, 14, 1),
(6519, 1, 14, 1),
(6520, 2, 14, 1),
(6521, 9, 14, 1),
(6522, 6, 14, 1),
(6523, 29, 14, 1),
(6524, 10, 14, 1),
(6525, 32, 14, 1),
(6526, 10, 14, 1),
(6527, 29, 14, 1),
(6528, 30, 14, 1),
(6529, 31, 14, 1),
(6530, 10, 14, 1),
(6531, 10, 14, 1),
(6532, 21, 14, 1),
(6533, 3, 14, 1),
(6534, 32, 14, 1),
(6535, 11, 14, 1),
(6536, 36, 14, 1),
(6537, 9, 14, 1),
(6538, 29, 14, 1),
(6539, 10, 14, 1),
(6540, 12, 14, 1),
(6541, 18, 14, 1),
(6542, 12, 14, 1),
(6543, 7, 14, 1),
(6544, 36, 14, 1),
(6545, 5, 14, 1),
(6546, 18, 14, 1),
(6547, 20, 14, 1),
(6548, 3, 14, 1),
(6549, 17, 14, 1),
(6550, 21, 14, 1),
(6551, 13, 14, 1),
(6552, 4, 14, 1),
(6553, 18, 14, 1),
(6554, 16, 14, 1),
(6555, 2, 14, 1),
(6556, 5, 14, 1),
(6557, 8, 14, 1),
(6558, 3, 14, 1),
(6559, 2, 14, 1),
(6560, 1, 14, 1),
(6561, 19, 14, 1),
(6562, 23, 14, 1),
(6563, 7, 14, 1),
(6564, 1, 14, 1),
(6565, 25, 14, 1),
(6566, 1, 14, 1),
(6567, 11, 14, 1),
(6568, 10, 14, 1),
(6569, 17, 14, 1),
(6570, 23, 14, 1),
(6571, 16, 14, 1),
(6572, 11, 14, 1),
(6573, 9, 14, 1),
(6574, 9, 14, 1),
(6575, 17, 14, 1),
(6576, 20, 14, 1),
(6577, 14, 14, 1),
(6578, 2, 14, 1),
(6579, 31, 14, 1),
(6580, 10, 14, 1),
(6581, 14, 14, 1),
(6582, 39, 14, 1),
(6583, 6, 14, 1),
(6584, 5, 14, 1),
(6585, 4, 14, 1),
(6586, 3, 14, 1),
(6587, 12, 14, 1),
(6588, 20, 14, 1),
(6589, 2, 14, 1),
(6590, 9, 14, 1),
(6591, 8, 14, 1),
(6592, 6, 14, 1),
(6593, 4, 14, 1),
(6594, 3, 14, 1),
(6595, 1, 14, 1),
(6596, 6, 14, 1),
(6597, 18, 14, 1),
(6598, 10, 14, 1),
(6599, 22, 14, 1),
(6600, 17, 14, 1),
(6601, 4, 14, 1),
(6602, 4, 15, 1),
(6603, 1, 15, 1),
(6604, 33, 15, 1),
(6605, 36, 15, 1),
(6606, 20, 15, 1),
(6607, 20, 15, 1),
(6608, 33, 15, 1),
(6609, 14, 15, 1),
(6610, 25, 15, 1),
(6611, 13, 15, 1),
(6612, 35, 15, 1),
(6613, 28, 15, 1),
(6614, 3, 15, 1),
(6615, 21, 15, 1),
(6616, 17, 15, 1),
(6617, 10, 15, 1),
(6618, 18, 15, 1),
(6619, 20, 15, 1),
(6620, 18, 15, 1),
(6621, 21, 15, 1),
(6622, 12, 15, 1),
(6623, 34, 15, 1),
(6624, 31, 15, 1),
(6625, 1, 15, 1),
(6626, 21, 15, 1),
(6627, 16, 15, 1),
(6628, 17, 15, 1),
(6629, 36, 15, 1),
(6630, 10, 15, 1),
(6631, 22, 15, 1),
(6632, 31, 15, 1),
(6633, 7, 15, 1),
(6634, 36, 15, 1),
(6635, 7, 15, 1),
(6636, 1, 15, 1),
(6637, 24, 15, 1),
(6638, 35, 15, 1),
(6639, 22, 15, 1),
(6640, 6, 15, 1),
(6641, 3, 15, 1),
(6642, 26, 15, 1),
(6643, 6, 15, 1),
(6644, 28, 15, 1),
(6645, 5, 15, 1),
(6646, 1, 15, 1),
(6647, 13, 15, 1),
(6648, 11, 15, 1),
(6649, 2, 15, 1),
(6650, 3, 15, 1),
(6651, 1, 15, 1),
(6652, 26, 15, 1),
(6653, 26, 15, 1),
(6654, 27, 15, 1),
(6655, 23, 15, 1),
(6656, 33, 15, 1),
(6657, 16, 15, 1),
(6658, 9, 15, 1),
(6659, 15, 15, 1),
(6660, 1, 15, 1),
(6661, 15, 15, 1),
(6662, 20, 15, 1),
(6663, 27, 15, 1),
(6664, 20, 15, 1),
(6665, 19, 15, 1),
(6666, 26, 15, 1),
(6667, 4, 15, 1),
(6668, 28, 15, 1),
(6669, 9, 15, 1),
(6670, 7, 15, 1),
(6671, 7, 15, 1),
(6672, 31, 15, 1),
(6673, 5, 15, 1),
(6674, 31, 15, 1),
(6675, 14, 15, 1),
(6676, 13, 15, 1),
(6677, 1, 15, 1),
(6678, 5, 15, 1),
(6679, 5, 15, 1),
(6680, 9, 15, 1),
(6681, 23, 15, 1),
(6682, 6, 15, 1),
(6683, 1, 15, 1),
(6684, 27, 15, 1),
(6685, 16, 15, 1),
(6686, 36, 15, 1),
(6687, 11, 15, 1),
(6688, 4, 15, 1),
(6689, 6, 15, 1),
(6690, 8, 15, 1),
(6691, 7, 15, 1),
(6692, 9, 15, 1),
(6693, 4, 15, 1),
(6694, 10, 15, 1),
(6695, 17, 15, 1),
(6696, 16, 15, 1),
(6697, 29, 15, 1),
(6698, 18, 15, 1),
(6699, 20, 15, 1),
(6700, 1, 15, 1),
(6701, 26, 15, 1),
(6702, 15, 15, 1),
(6703, 28, 15, 1),
(6704, 12, 15, 1),
(6705, 20, 15, 1),
(6706, 15, 15, 1),
(6707, 4, 15, 1),
(6708, 1, 15, 1),
(6709, 17, 15, 1),
(6710, 2, 15, 1),
(6711, 14, 15, 1),
(6712, 16, 15, 1),
(6713, 9, 15, 1),
(6714, 21, 15, 1),
(6715, 10, 15, 1),
(6716, 12, 15, 1),
(6717, 25, 15, 1),
(6718, 33, 15, 1),
(6719, 3, 15, 1),
(6720, 37, 15, 1),
(6721, 12, 15, 1),
(6722, 9, 15, 1),
(6723, 4, 15, 1),
(6724, 27, 15, 1),
(6725, 5, 15, 1),
(6726, 15, 15, 1),
(6727, 17, 15, 1),
(6728, 24, 15, 1),
(6729, 15, 15, 1),
(6730, 2, 15, 1),
(6731, 3, 15, 1),
(6732, 9, 15, 1),
(6733, 15, 15, 1),
(6734, 11, 15, 1),
(6735, 6, 15, 1),
(6736, 32, 15, 1),
(6737, 14, 15, 1),
(6738, 15, 15, 1),
(6739, 34, 15, 1),
(6740, 1, 15, 1),
(6741, 25, 15, 1),
(6742, 2, 15, 1),
(6743, 1, 15, 1),
(6744, 18, 15, 1),
(6745, 5, 15, 1),
(6746, 7, 15, 1),
(6747, 8, 15, 1),
(6748, 13, 15, 1),
(6749, 22, 15, 1),
(6750, 20, 15, 1),
(6751, 33, 15, 1),
(6752, 10, 15, 1),
(6753, 2, 15, 1),
(6754, 13, 15, 1),
(6755, 12, 15, 1),
(6756, 19, 15, 1),
(6757, 13, 15, 1),
(6758, 8, 15, 1),
(6759, 34, 15, 1),
(6760, 11, 15, 1),
(6761, 6, 15, 1),
(6762, 7, 15, 1),
(6763, 40, 15, 1),
(6764, 19, 15, 1),
(6765, 6, 15, 1),
(6766, 19, 15, 1),
(6767, 6, 15, 1),
(6768, 13, 15, 1),
(6769, 6, 15, 1),
(6770, 9, 15, 1),
(6771, 13, 15, 1),
(6772, 14, 15, 1),
(6773, 27, 15, 1),
(6774, 24, 15, 1),
(6775, 18, 15, 1),
(6776, 11, 15, 1),
(6777, 30, 15, 1),
(6778, 19, 15, 1),
(6779, 1, 15, 1),
(6780, 6, 15, 1),
(6781, 5, 15, 1),
(6782, 11, 15, 1),
(6783, 31, 15, 1),
(6784, 2, 15, 1),
(6785, 5, 15, 1),
(6786, 12, 15, 1),
(6787, 20, 15, 1),
(6788, 2, 15, 1),
(6789, 8, 15, 1),
(6790, 29, 15, 1),
(6791, 3, 15, 1),
(6792, 2, 15, 1),
(6793, 15, 15, 1),
(6794, 14, 15, 1),
(6795, 22, 15, 1),
(6796, 3, 15, 1),
(6797, 30, 15, 1),
(6798, 20, 15, 1),
(6799, 12, 15, 1),
(6800, 16, 15, 1),
(6801, 5, 15, 1),
(6802, 6, 15, 1),
(6803, 2, 15, 1),
(6804, 38, 15, 1),
(6805, 16, 15, 1),
(6806, 9, 15, 1),
(6807, 3, 15, 1),
(6808, 25, 15, 1),
(6809, 4, 15, 1),
(6810, 5, 15, 1),
(6811, 38, 15, 1),
(6812, 10, 15, 1),
(6813, 8, 15, 1),
(6814, 20, 15, 1),
(6815, 12, 15, 1),
(6816, 39, 15, 1),
(6817, 13, 15, 1),
(6818, 10, 15, 1),
(6819, 10, 15, 1),
(6820, 1, 15, 1),
(6821, 16, 15, 1),
(6822, 2, 15, 1),
(6823, 32, 15, 1),
(6824, 12, 15, 1),
(6825, 25, 15, 1),
(6826, 2, 15, 1),
(6827, 19, 15, 1),
(6828, 5, 15, 1),
(6829, 19, 15, 1),
(6830, 24, 15, 1),
(6831, 19, 15, 1),
(6832, 16, 15, 1),
(6833, 20, 15, 1),
(6834, 10, 15, 1),
(6835, 29, 15, 1),
(6836, 22, 15, 1),
(6837, 11, 15, 1),
(6838, 33, 15, 1),
(6839, 9, 15, 1),
(6840, 6, 15, 1),
(6841, 3, 15, 1),
(6842, 9, 15, 1),
(6843, 11, 15, 1),
(6844, 24, 15, 1),
(6845, 1, 15, 1),
(6846, 3, 15, 1),
(6847, 5, 15, 1),
(6848, 7, 15, 1),
(6849, 4, 15, 1),
(6850, 31, 15, 1),
(6851, 12, 15, 1),
(6852, 4, 15, 1),
(6853, 3, 15, 1),
(6854, 25, 15, 1),
(6855, 18, 15, 1),
(6856, 20, 15, 1),
(6857, 17, 15, 1),
(6858, 4, 15, 1),
(6859, 16, 15, 1),
(6860, 6, 15, 1),
(6861, 7, 15, 1),
(6862, 2, 15, 1),
(6863, 9, 15, 1),
(6864, 28, 15, 1),
(6865, 33, 15, 1),
(6866, 29, 15, 1),
(6867, 12, 15, 1),
(6868, 13, 15, 1),
(6869, 27, 15, 1),
(6870, 15, 15, 1),
(6871, 20, 15, 1),
(6872, 6, 15, 1),
(6873, 9, 15, 1),
(6874, 23, 15, 1),
(6875, 10, 15, 1),
(6876, 13, 15, 1),
(6877, 19, 15, 1),
(6878, 3, 15, 1),
(6879, 18, 15, 1),
(6880, 17, 15, 1),
(6881, 9, 15, 1),
(6882, 14, 15, 1),
(6883, 8, 15, 1),
(6884, 21, 15, 1),
(6885, 22, 15, 1),
(6886, 9, 15, 1),
(6887, 3, 15, 1),
(6888, 13, 15, 1),
(6889, 10, 15, 1),
(6890, 12, 15, 1),
(6891, 8, 15, 1),
(6892, 2, 15, 1),
(6893, 9, 15, 1),
(6894, 12, 15, 1),
(6895, 8, 15, 1),
(6896, 7, 15, 1),
(6897, 10, 15, 1),
(6898, 22, 15, 1),
(6899, 1, 15, 1),
(6900, 17, 15, 1),
(6901, 1, 15, 1),
(6902, 32, 15, 1),
(6903, 37, 15, 1),
(6904, 8, 15, 1),
(6905, 22, 15, 1),
(6906, 21, 15, 1),
(6907, 4, 15, 1),
(6908, 5, 15, 1),
(6909, 5, 15, 1),
(6910, 11, 15, 1),
(6911, 24, 15, 1),
(6912, 16, 15, 1),
(6913, 11, 15, 1),
(6914, 6, 15, 1),
(6915, 25, 15, 1),
(6916, 7, 15, 1),
(6917, 1, 15, 1),
(6918, 23, 15, 1),
(6919, 22, 15, 1),
(6920, 9, 15, 1),
(6921, 15, 15, 1),
(6922, 23, 15, 1),
(6923, 13, 15, 1),
(6924, 7, 15, 1),
(6925, 30, 15, 1),
(6926, 1, 15, 1),
(6927, 27, 15, 1),
(6928, 30, 15, 1),
(6929, 27, 15, 1),
(6930, 1, 15, 1),
(6931, 1, 15, 1),
(6932, 8, 15, 1),
(6933, 26, 15, 1),
(6934, 9, 15, 1),
(6935, 19, 15, 1),
(6936, 2, 15, 1),
(6937, 15, 15, 1),
(6938, 27, 15, 1),
(6939, 15, 15, 1),
(6940, 10, 15, 1),
(6941, 2, 15, 1),
(6942, 2, 15, 1),
(6943, 4, 15, 1),
(6944, 19, 15, 1),
(6945, 9, 15, 1),
(6946, 1, 15, 1),
(6947, 8, 15, 1),
(6948, 19, 15, 1),
(6949, 32, 15, 1),
(6950, 12, 15, 1),
(6951, 4, 15, 1),
(6952, 23, 15, 1),
(6953, 12, 15, 1),
(6954, 10, 15, 1),
(6955, 11, 15, 1),
(6956, 26, 15, 1),
(6957, 18, 15, 1),
(6958, 1, 15, 1),
(6959, 34, 15, 1),
(6960, 28, 15, 1),
(6961, 18, 15, 1),
(6962, 19, 15, 1),
(6963, 14, 15, 1),
(6964, 11, 15, 1),
(6965, 16, 15, 1),
(6966, 17, 15, 1),
(6967, 4, 15, 1),
(6968, 4, 15, 1),
(6969, 5, 15, 1),
(6970, 10, 15, 1),
(6971, 17, 15, 1),
(6972, 6, 15, 1),
(6973, 19, 15, 1),
(6974, 13, 15, 1),
(6975, 3, 15, 1),
(6976, 16, 15, 1),
(6977, 17, 15, 1),
(6978, 1, 15, 1),
(6979, 34, 15, 1),
(6980, 25, 15, 1),
(6981, 11, 15, 1),
(6982, 3, 15, 1),
(6983, 11, 15, 1),
(6984, 21, 15, 1),
(6985, 4, 15, 1),
(6986, 7, 15, 1),
(6987, 16, 15, 1),
(6988, 5, 15, 1),
(6989, 17, 15, 1),
(6990, 14, 15, 1),
(6991, 20, 15, 1),
(6992, 7, 15, 1),
(6993, 15, 15, 1),
(6994, 10, 15, 1),
(6995, 11, 15, 1),
(6996, 17, 15, 1),
(6997, 17, 15, 1),
(6998, 8, 15, 1),
(6999, 3, 15, 1),
(7000, 10, 15, 1),
(7001, 13, 15, 1),
(7002, 1, 15, 1),
(7003, 5, 15, 1),
(7004, 32, 15, 1),
(7005, 4, 15, 1),
(7006, 33, 15, 1),
(7007, 8, 15, 1),
(7008, 3, 15, 1),
(7009, 4, 15, 1),
(7010, 21, 15, 1),
(7011, 4, 15, 1),
(7012, 10, 15, 1),
(7013, 3, 15, 1),
(7014, 4, 15, 1),
(7015, 37, 15, 1),
(7016, 8, 15, 1),
(7017, 26, 15, 1),
(7018, 16, 15, 1),
(7019, 2, 15, 1),
(7020, 12, 15, 1),
(7021, 5, 15, 1),
(7022, 8, 15, 1),
(7023, 35, 15, 1),
(7024, 8, 15, 1),
(7025, 6, 15, 1),
(7026, 13, 15, 1),
(7027, 23, 15, 1),
(7028, 18, 15, 1),
(7029, 3, 15, 1),
(7030, 21, 15, 1),
(7031, 3, 15, 1),
(7032, 32, 15, 1),
(7033, 30, 15, 1),
(7034, 9, 15, 1),
(7035, 15, 15, 1),
(7036, 7, 15, 1),
(7037, 3, 15, 1),
(7038, 3, 15, 1),
(7039, 11, 15, 1),
(7040, 26, 15, 1),
(7041, 5, 15, 1),
(7042, 1, 15, 1),
(7043, 24, 15, 1),
(7044, 9, 15, 1),
(7045, 10, 15, 1),
(7046, 13, 15, 1),
(7047, 6, 15, 1),
(7048, 28, 15, 1),
(7049, 3, 15, 1),
(7050, 6, 15, 1),
(7051, 5, 15, 1),
(7052, 29, 15, 1),
(7053, 9, 15, 1),
(7054, 24, 15, 1),
(7055, 26, 15, 1),
(7056, 8, 15, 1),
(7057, 1, 15, 1),
(7058, 17, 15, 1),
(7059, 11, 15, 1),
(7060, 8, 15, 1),
(7061, 3, 15, 1),
(7062, 3, 15, 1),
(7063, 29, 15, 1),
(7064, 13, 15, 1),
(7065, 18, 15, 1),
(7066, 8, 15, 1),
(7067, 9, 15, 1),
(7068, 12, 15, 1),
(7069, 12, 15, 1),
(7070, 17, 15, 1),
(7071, 4, 15, 1),
(7072, 7, 15, 1),
(7073, 26, 15, 1),
(7074, 7, 15, 1),
(7075, 24, 15, 1),
(7076, 18, 15, 1),
(7077, 19, 15, 1),
(7078, 6, 15, 1),
(7079, 38, 15, 1),
(7080, 24, 15, 1),
(7081, 7, 15, 1),
(7082, 7, 15, 1),
(7083, 3, 15, 1),
(7084, 34, 15, 1),
(7085, 14, 15, 1),
(7086, 25, 15, 1),
(7087, 23, 15, 1),
(7088, 1, 15, 1),
(7089, 13, 15, 1),
(7090, 22, 15, 1),
(7091, 9, 15, 1),
(7092, 17, 15, 1),
(7093, 21, 15, 1),
(7094, 14, 15, 1),
(7095, 5, 15, 1),
(7096, 5, 15, 1),
(7097, 12, 15, 1),
(7098, 20, 15, 1),
(7099, 19, 15, 1),
(7100, 19, 15, 1),
(7101, 32, 15, 1),
(7102, 2, 15, 1),
(7103, 32, 15, 1),
(7104, 36, 15, 1),
(7105, 1, 15, 1),
(7106, 14, 15, 1),
(7107, 14, 15, 1),
(7108, 23, 1, 1),
(7109, 6, 1, 1),
(7110, 3, 1, 1),
(7111, 11, 1, 1),
(7112, 6, 1, 1),
(7113, 25, 1, 1),
(7114, 19, 1, 1),
(7115, 10, 1, 1),
(7116, 12, 1, 1),
(7117, 2, 1, 1),
(7118, 9, 1, 1),
(7119, 1, 1, 1),
(7120, 9, 1, 1),
(7121, 33, 1, 1),
(7122, 13, 1, 1),
(7123, 27, 1, 1),
(7124, 13, 1, 1),
(7125, 22, 1, 1),
(7126, 3, 1, 1),
(7127, 2, 1, 1),
(7128, 3, 1, 1),
(7129, 3, 1, 1),
(7130, 24, 2, 1),
(7130, 29, 1, 1),
(7131, 26, 1, 1),
(7132, 14, 1, 1),
(7133, 24, 1, 1),
(7134, 35, 1, 1),
(7135, 24, 1, 1),
(7136, 15, 1, 1),
(7137, 8, 1, 1),
(7138, 11, 1, 1),
(7139, 27, 1, 1),
(7140, 5, 1, 1),
(7141, 8, 1, 1),
(7142, 26, 1, 1),
(7143, 13, 1, 1),
(7144, 8, 1, 1),
(7145, 12, 1, 1),
(7146, 11, 1, 1),
(7147, 8, 1, 1),
(7148, 13, 1, 1),
(7149, 10, 1, 1),
(7150, 24, 1, 1),
(7151, 14, 1, 1),
(7152, 29, 1, 1),
(7153, 17, 1, 1),
(7153, 24, 2, 1),
(7154, 7, 1, 1),
(7155, 20, 1, 1),
(7156, 26, 1, 1),
(7157, 17, 1, 1),
(7158, 6, 1, 1),
(7159, 13, 1, 1),
(7160, 5, 1, 1),
(7161, 3, 1, 1),
(7162, 19, 1, 1),
(7163, 17, 1, 1),
(7164, 13, 1, 1),
(7165, 4, 1, 1),
(7166, 10, 1, 1),
(7167, 15, 1, 1),
(7168, 5, 1, 1),
(7169, 18, 1, 1),
(7170, 29, 1, 1),
(7171, 3, 1, 1),
(7172, 22, 1, 1),
(7173, 2, 1, 1),
(7174, 6, 1, 1),
(7175, 9, 1, 1),
(7176, 8, 2, 1),
(7176, 16, 1, 1),
(7177, 20, 1, 1),
(7178, 32, 1, 1),
(7179, 14, 1, 1),
(7180, 13, 1, 1),
(7181, 36, 1, 1),
(7182, 11, 1, 1),
(7183, 17, 1, 1),
(7184, 7, 1, 1),
(7185, 12, 1, 1),
(7186, 12, 1, 1),
(7187, 1, 1, 1),
(7188, 23, 1, 1),
(7189, 2, 1, 1),
(7190, 1, 1, 1),
(7191, 27, 1, 1),
(7192, 24, 1, 1),
(7193, 13, 1, 1),
(7194, 8, 1, 1),
(7195, 1, 1, 1),
(7196, 10, 1, 1),
(7197, 10, 1, 1),
(7198, 4, 1, 1),
(7199, 2, 1, 1),
(7199, 8, 2, 1),
(7200, 3, 1, 1),
(7201, 2, 1, 1),
(7202, 34, 1, 1),
(7203, 3, 1, 1),
(7204, 19, 1, 1),
(7205, 17, 1, 1),
(7206, 16, 1, 1),
(7207, 9, 1, 1),
(7208, 22, 1, 1),
(7209, 25, 1, 1),
(7210, 5, 1, 1),
(7211, 19, 1, 1),
(7212, 1, 1, 1),
(7213, 10, 1, 1),
(7214, 18, 1, 1),
(7215, 20, 1, 1),
(7216, 4, 1, 1),
(7217, 6, 1, 1),
(7218, 13, 1, 1),
(7219, 6, 1, 1),
(7220, 31, 1, 1),
(7221, 4, 1, 1),
(7222, 12, 2, 1),
(7222, 18, 1, 1),
(7223, 1, 1, 1),
(7224, 23, 1, 1),
(7225, 8, 1, 1),
(7226, 15, 1, 1),
(7227, 15, 1, 1),
(7228, 11, 1, 1),
(7229, 20, 1, 1),
(7230, 13, 1, 1),
(7231, 6, 1, 1),
(7232, 17, 1, 1),
(7233, 1, 1, 1),
(7234, 33, 1, 1),
(7235, 20, 1, 1),
(7236, 27, 1, 1),
(7237, 9, 1, 1),
(7238, 10, 1, 1),
(7239, 6, 1, 1),
(7240, 4, 1, 1),
(7241, 4, 1, 1),
(7242, 19, 1, 1),
(7243, 6, 1, 1),
(7244, 20, 1, 1),
(7245, 33, 1, 1),
(7245, 38, 2, 1),
(7246, 15, 1, 1),
(7247, 14, 1, 1),
(7248, 15, 1, 1),
(7249, 1, 1, 1),
(7250, 5, 1, 1),
(7251, 3, 1, 1),
(7252, 22, 1, 1),
(7253, 6, 1, 1),
(7254, 3, 1, 1),
(7255, 27, 1, 1),
(7256, 6, 1, 1),
(7257, 23, 1, 1),
(7258, 8, 1, 1),
(7259, 28, 1, 1),
(7260, 6, 1, 1),
(7261, 14, 1, 1),
(7262, 17, 1, 1),
(7263, 8, 1, 1),
(7264, 7, 1, 1),
(7265, 1, 1, 1),
(7266, 29, 1, 1),
(7267, 36, 1, 1),
(7268, 14, 1, 1),
(7268, 34, 2, 1),
(7269, 21, 1, 1),
(7270, 27, 1, 1),
(7271, 6, 1, 1),
(7272, 29, 1, 1),
(7273, 5, 1, 1),
(7274, 21, 1, 1),
(7275, 6, 1, 1),
(7276, 15, 1, 1),
(7277, 22, 1, 1),
(7278, 18, 1, 1),
(7279, 7, 1, 1),
(7280, 8, 1, 1),
(7281, 13, 1, 1),
(7282, 4, 1, 1),
(7283, 12, 1, 1),
(7284, 8, 1, 1),
(7285, 3, 1, 1),
(7286, 29, 1, 1),
(7287, 14, 1, 1),
(7288, 2, 1, 1),
(7289, 29, 1, 1),
(7290, 11, 1, 1),
(7291, 8, 1, 1),
(7291, 14, 2, 1),
(7292, 4, 1, 1),
(7293, 5, 1, 1),
(7294, 10, 1, 1),
(7295, 35, 1, 1),
(7296, 1, 1, 1),
(7297, 8, 1, 1),
(7298, 33, 1, 1),
(7299, 3, 1, 1),
(7300, 2, 1, 1),
(7301, 28, 1, 1),
(7302, 16, 1, 1),
(7303, 16, 1, 1),
(7304, 34, 1, 1),
(7305, 1, 1, 1),
(7306, 22, 1, 1),
(7307, 1, 1, 1),
(7308, 2, 1, 1),
(7309, 3, 1, 1),
(7310, 19, 1, 1),
(7311, 1, 1, 1),
(7312, 29, 1, 1),
(7313, 4, 1, 1),
(7314, 9, 2, 1),
(7314, 14, 1, 1),
(7315, 29, 1, 1),
(7316, 6, 1, 1),
(7317, 5, 1, 1),
(7318, 9, 1, 1),
(7319, 1, 1, 1),
(7320, 13, 1, 1),
(7321, 1, 1, 1),
(7322, 4, 1, 1),
(7323, 9, 1, 1),
(7324, 8, 1, 1),
(7325, 16, 1, 1),
(7326, 1, 1, 1),
(7327, 20, 1, 1),
(7328, 14, 1, 1),
(7329, 16, 1, 1),
(7330, 5, 1, 1),
(7331, 9, 1, 1),
(7332, 4, 1, 1),
(7333, 7, 1, 1),
(7334, 19, 1, 1),
(7335, 5, 1, 1),
(7336, 7, 1, 1),
(7337, 1, 2, 1),
(7337, 4, 1, 1),
(7338, 10, 1, 1),
(7339, 9, 1, 1),
(7340, 2, 1, 1),
(7341, 6, 1, 1),
(7342, 18, 1, 1),
(7343, 21, 1, 1),
(7344, 2, 1, 1),
(7345, 9, 1, 1),
(7346, 6, 1, 1),
(7347, 35, 1, 1),
(7348, 28, 1, 1),
(7349, 14, 1, 1),
(7350, 25, 1, 1),
(7351, 11, 1, 1),
(7352, 8, 1, 1),
(7353, 8, 1, 1),
(7354, 7, 1, 1),
(7355, 11, 1, 1),
(7356, 9, 1, 1),
(7357, 12, 1, 1),
(7358, 23, 1, 1),
(7359, 13, 1, 1),
(7360, 2, 1, 1),
(7360, 20, 2, 1),
(7361, 13, 1, 1),
(7362, 4, 1, 1),
(7363, 22, 1, 1),
(7364, 2, 1, 1),
(7365, 12, 1, 1),
(7366, 21, 1, 1),
(7367, 6, 1, 1),
(7368, 8, 1, 1),
(7369, 2, 1, 1),
(7370, 30, 1, 1),
(7371, 8, 1, 1),
(7372, 20, 1, 1),
(7373, 10, 1, 1),
(7374, 21, 1, 1),
(7375, 15, 1, 1),
(7376, 14, 1, 1),
(7377, 3, 1, 1),
(7378, 25, 1, 1),
(7379, 25, 1, 1),
(7380, 18, 1, 1),
(7381, 13, 1, 1),
(7382, 12, 1, 1),
(7383, 4, 1, 1),
(7383, 14, 2, 1),
(7384, 29, 1, 1),
(7385, 23, 1, 1),
(7386, 30, 1, 1),
(7387, 2, 1, 1),
(7388, 11, 1, 1),
(7389, 24, 1, 1),
(7390, 11, 1, 1),
(7391, 16, 1, 1),
(7392, 7, 1, 1),
(7393, 28, 1, 1),
(7394, 37, 1, 1),
(7395, 3, 1, 1),
(7396, 27, 1, 1),
(7397, 13, 1, 1),
(7398, 12, 1, 1),
(7399, 2, 1, 1),
(7400, 29, 1, 1),
(7401, 21, 1, 1),
(7402, 23, 1, 1),
(7403, 28, 1, 1),
(7404, 28, 1, 1),
(7405, 21, 1, 1),
(7406, 7, 1, 1),
(7406, 10, 2, 1),
(7407, 11, 1, 1),
(7408, 25, 1, 1),
(7409, 12, 1, 1),
(7410, 12, 1, 1),
(7411, 8, 1, 1),
(7412, 2, 1, 1),
(7413, 6, 1, 1),
(7414, 26, 1, 1),
(7415, 29, 1, 1),
(7416, 24, 1, 1),
(7417, 10, 1, 1),
(7418, 17, 1, 1),
(7419, 15, 1, 1),
(7420, 11, 1, 1),
(7421, 36, 1, 1),
(7422, 7, 1, 1),
(7423, 18, 1, 1),
(7424, 14, 1, 1),
(7425, 17, 1, 1),
(7426, 22, 1, 1),
(7427, 2, 1, 1),
(7428, 21, 1, 1),
(7429, 10, 2, 1),
(7429, 21, 1, 1),
(7430, 4, 1, 1),
(7431, 19, 1, 1),
(7432, 1, 1, 1),
(7433, 19, 1, 1),
(7434, 14, 1, 1),
(7435, 3, 1, 1),
(7436, 19, 1, 1),
(7437, 6, 1, 1),
(7438, 32, 1, 1),
(7439, 18, 1, 1),
(7440, 16, 1, 1),
(7441, 4, 1, 1),
(7442, 8, 1, 1),
(7443, 38, 1, 1),
(7444, 14, 1, 1),
(7445, 31, 1, 1),
(7446, 21, 1, 1),
(7447, 34, 1, 1),
(7448, 27, 1, 1),
(7449, 28, 1, 1),
(7450, 5, 1, 1),
(7451, 15, 1, 1),
(7452, 16, 1, 1),
(7452, 17, 2, 1),
(7453, 19, 1, 1),
(7454, 2, 1, 1),
(7455, 17, 1, 1),
(7456, 17, 1, 1),
(7457, 33, 1, 1),
(7458, 6, 1, 1),
(7459, 7, 1, 1),
(7460, 9, 1, 1),
(7461, 2, 1, 1),
(7462, 12, 1, 1),
(7463, 30, 1, 1),
(7464, 20, 1, 1),
(7465, 19, 1, 1),
(7466, 12, 1, 1),
(7467, 10, 1, 1),
(7468, 13, 1, 1),
(7469, 32, 1, 1),
(7470, 8, 1, 1),
(7471, 1, 1, 1),
(7472, 31, 1, 1),
(7473, 16, 1, 1),
(7474, 8, 1, 1),
(7475, 15, 2, 1),
(7475, 16, 1, 1),
(7476, 1, 1, 1),
(7477, 5, 1, 1),
(7478, 18, 1, 1),
(7479, 7, 1, 1),
(7480, 5, 1, 1),
(7481, 29, 1, 1),
(7482, 2, 1, 1),
(7483, 11, 1, 1),
(7484, 8, 1, 1),
(7485, 5, 1, 1),
(7486, 2, 1, 1),
(7487, 27, 1, 1),
(7488, 5, 1, 1),
(7489, 24, 1, 1),
(7490, 1, 1, 1),
(7491, 10, 1, 1),
(7492, 8, 1, 1),
(7493, 11, 1, 1),
(7494, 29, 1, 1),
(7495, 31, 1, 1),
(7496, 1, 1, 1),
(7497, 8, 1, 1),
(7498, 24, 2, 1),
(7498, 34, 1, 1),
(7499, 15, 1, 1),
(7500, 9, 1, 1),
(7501, 1, 1, 1),
(7502, 2, 1, 1),
(7503, 7, 1, 1),
(7504, 30, 1, 1),
(7505, 1, 1, 1),
(7506, 33, 1, 1),
(7507, 1, 1, 1),
(7508, 24, 1, 1),
(7509, 12, 1, 1),
(7510, 4, 1, 1),
(7511, 2, 1, 1),
(7512, 3, 1, 1),
(7513, 18, 1, 1),
(7514, 10, 1, 1),
(7515, 1, 1, 1),
(7516, 18, 1, 1),
(7517, 9, 1, 1),
(7518, 30, 1, 1),
(7519, 3, 1, 1),
(7520, 5, 1, 1),
(7521, 13, 1, 1),
(7521, 34, 2, 1),
(7522, 3, 1, 1),
(7523, 10, 1, 1),
(7524, 20, 1, 1),
(7525, 10, 1, 1),
(7526, 12, 1, 1),
(7527, 12, 1, 1),
(7528, 2, 1, 1),
(7529, 39, 1, 1),
(7530, 15, 1, 1),
(7531, 35, 1, 1),
(7532, 2, 1, 1),
(7533, 6, 1, 1),
(7534, 6, 1, 1),
(7535, 24, 1, 1),
(7536, 4, 1, 1),
(7537, 22, 1, 1),
(7538, 19, 1, 1),
(7539, 5, 1, 1),
(7540, 6, 1, 1),
(7541, 14, 1, 1),
(7542, 12, 1, 1),
(7543, 18, 1, 1),
(7544, 8, 1, 1),
(7544, 16, 2, 1),
(7545, 1, 1, 1),
(7546, 18, 1, 1),
(7547, 4, 1, 1),
(7548, 11, 1, 1),
(7549, 11, 1, 1),
(7550, 22, 1, 1),
(7551, 27, 1, 1),
(7552, 9, 1, 1),
(7553, 6, 1, 1),
(7554, 19, 1, 1),
(7555, 19, 1, 1),
(7556, 12, 1, 1),
(7557, 22, 1, 1),
(7558, 4, 1, 1),
(7559, 6, 1, 1),
(7560, 17, 1, 1),
(7561, 25, 1, 1),
(7562, 31, 1, 1),
(7563, 20, 1, 1),
(7564, 5, 1, 1),
(7565, 21, 1, 1),
(7566, 11, 1, 1),
(7567, 3, 1, 1),
(7567, 19, 2, 1),
(7568, 17, 1, 1),
(7569, 20, 1, 1),
(7570, 2, 1, 1),
(7571, 24, 1, 1),
(7572, 11, 1, 1),
(7573, 9, 1, 1),
(7574, 6, 1, 1),
(7575, 4, 1, 1),
(7576, 38, 1, 1),
(7577, 19, 1, 1),
(7578, 9, 1, 1),
(7579, 3, 1, 1),
(7580, 11, 1, 1),
(7581, 10, 1, 1),
(7582, 6, 1, 1),
(7583, 7, 1, 1),
(7584, 9, 1, 1),
(7585, 10, 1, 1),
(7586, 9, 1, 1),
(7587, 5, 1, 1),
(7588, 25, 1, 1),
(7589, 16, 1, 1),
(7590, 5, 2, 1),
(7590, 11, 1, 1),
(7591, 6, 1, 1),
(7592, 3, 1, 1),
(7593, 21, 1, 1),
(7594, 8, 1, 1),
(7595, 5, 1, 1),
(7596, 10, 1, 1),
(7597, 5, 1, 1),
(7598, 31, 1, 1),
(7599, 16, 1, 1),
(7600, 23, 1, 1),
(7601, 28, 1, 1),
(7602, 6, 1, 1),
(7603, 27, 1, 1),
(7604, 20, 1, 1),
(7605, 16, 1, 1),
(7606, 19, 1, 1),
(7607, 8, 1, 1),
(7608, 24, 1, 1),
(7609, 12, 1, 1),
(7610, 10, 1, 1),
(7611, 22, 1, 1),
(7612, 5, 1, 1),
(7613, 8, 2, 1),
(7613, 9, 1, 1),
(7614, 17, 1, 1),
(7615, 25, 1, 1),
(7616, 13, 1, 1),
(7617, 6, 1, 1),
(7618, 15, 1, 1),
(7619, 15, 1, 1),
(7620, 6, 1, 1),
(7621, 26, 1, 1),
(7622, 20, 1, 1),
(7623, 19, 1, 1),
(7624, 14, 1, 1),
(7625, 28, 1, 1),
(7626, 2, 1, 1),
(7627, 19, 1, 1),
(7628, 29, 1, 1),
(7629, 5, 1, 1),
(7630, 17, 1, 1),
(7631, 30, 1, 1),
(7632, 20, 1, 1),
(7633, 10, 1, 1),
(7634, 30, 1, 1),
(7635, 27, 1, 1),
(7636, 14, 1, 1),
(7636, 27, 2, 1);

-- --------------------------------------------------------

--
-- Estructura de tabla para la tabla `nominacion`
--

CREATE TABLE `nominacion` (
  `Jugador` int(11) NOT NULL,
  `Premio` int(11) NOT NULL,
  `Temporada` int(11) DEFAULT NULL,
  `Votos` int(11) DEFAULT NULL
) ENGINE=InnoDB DEFAULT CHARSET=utf8mb4 COLLATE=utf8mb4_general_ci;

-- --------------------------------------------------------

--
-- Estructura de tabla para la tabla `once_inicial`
--

CREATE TABLE `once_inicial` (
  `Suceso` int(11) NOT NULL,
  `Jugador_1` int(11) DEFAULT NULL,
  `Jugador_2` int(11) DEFAULT NULL,
  `Jugador_3` int(11) DEFAULT NULL,
  `Jugador_4` int(11) DEFAULT NULL,
  `Jugador_5` int(11) DEFAULT NULL,
  `Jugador_6` int(11) DEFAULT NULL,
  `Jugador_7` int(11) DEFAULT NULL,
  `Jugador_8` int(11) DEFAULT NULL,
  `Jugador_9` int(11) DEFAULT NULL,
  `Jugador_10` int(11) DEFAULT NULL,
  `Jugador_11` int(11) DEFAULT NULL
) ENGINE=InnoDB DEFAULT CHARSET=utf8mb4 COLLATE=utf8mb4_general_ci;

-- --------------------------------------------------------

--
-- Estructura de tabla para la tabla `pais`
--

CREATE TABLE `pais` (
  `ID_pais` int(11) NOT NULL,
  `Nombre` varchar(50) DEFAULT NULL
) ENGINE=InnoDB DEFAULT CHARSET=utf8mb4 COLLATE=utf8mb4_general_ci;

--
-- Volcado de datos para la tabla `pais`
--

INSERT INTO `pais` (`ID_pais`, `Nombre`) VALUES
(1, 'Albania'),
(2, 'Alemania'),
(3, 'Andorra'),
(4, 'Armenia'),
(5, 'Austria'),
(6, 'Azerbaiyán'),
(7, 'Bélgica'),
(8, 'Bielorrusia'),
(9, 'Bosnia y Herzegovina'),
(10, 'Bulgaria'),
(11, 'Chipre'),
(12, 'Ciudad del Vaticano'),
(13, 'Croacia'),
(14, 'Dinamarca'),
(15, 'Eslovaquia'),
(16, 'Eslovenia'),
(17, 'España'),
(18, 'Estonia'),
(19, 'Finlandia'),
(20, 'Francia'),
(21, 'Georgia'),
(22, 'Grecia'),
(23, 'Hungría'),
(24, 'Irlanda'),
(25, 'Islandia'),
(26, 'Italia'),
(27, 'Kazajistán'),
(28, 'Kosovo'),
(29, 'Letonia'),
(30, 'Liechtenstein'),
(31, 'Lituania'),
(32, 'Luxemburgo'),
(33, 'Macedonia del Norte'),
(34, 'Malta'),
(35, 'Moldavia'),
(36, 'Mónaco'),
(37, 'Montenegro'),
(38, 'Noruega'),
(39, 'Países Bajos'),
(40, 'Polonia'),
(41, 'Portugal'),
(42, 'Reino Unido'),
(43, 'República Checa'),
(44, 'Rumanía'),
(45, 'Rusia'),
(46, 'San Marino'),
(47, 'Serbia'),
(48, 'Suecia'),
(49, 'Suiza'),
(50, 'Ucrania'),
(51, 'Turquía'),
(52, 'San Bartolomé'),
(53, 'San Cristóbal y Nieves'),
(54, 'San Marino'),
(55, 'San Martín (parte neerlandesa)'),
(56, 'San Pedro y Miquelón'),
(57, 'San Vicente y las Granadinas'),
(58, 'Santa Elena, Ascensión y Tristán de Acuña'),
(59, 'Santo Tomé y Príncipe'),
(60, 'Senegal'),
(61, 'Seychelles'),
(62, 'Sierra Leona'),
(63, 'Singapur'),
(64, 'Sint Maarten'),
(65, 'Siria'),
(66, 'Somalia'),
(67, 'Sri Lanka'),
(68, 'Suazilandia'),
(69, 'Sudáfrica'),
(70, 'Sudán'),
(71, 'Sudán del Sur'),
(72, 'Surinam'),
(73, 'Svalbard y Jan Mayen'),
(74, 'Tailandia'),
(75, 'Taiwán'),
(76, 'Tanzania'),
(77, 'Tayikistán'),
(78, 'Territorio Británico del Océano Índico'),
(79, 'Territorios Australes Franceses'),
(80, 'Timor Oriental'),
(81, 'Togo'),
(82, 'Tokelau'),
(83, 'Tonga'),
(84, 'Trinidad y Tobago'),
(85, 'Túnez'),
(86, 'Turkmenistán'),
(87, 'Islas Turcas y Caicos'),
(88, 'Tuvalu'),
(89, 'Ucrania'),
(90, 'Uganda'),
(91, 'Uruguay'),
(92, 'Uzbekistán'),
(93, 'Vanuatu'),
(94, 'Ciudad del Vaticano'),
(95, 'Venezuela'),
(96, 'Vietnam'),
(97, 'Islas Vírgenes Británicas'),
(98, 'Islas Vírgenes de los Estados Unidos'),
(99, 'Wallis y Futuna'),
(100, 'Yemen'),
(101, 'Yibuti'),
(102, 'Zambia'),
(103, 'Zimbabue');

-- --------------------------------------------------------

--
-- Estructura de tabla para la tabla `participar`
--

CREATE TABLE `participar` (
  `Equipo` int(11) NOT NULL,
  `Competicion` int(11) NOT NULL,
  `Edicion` int(11) NOT NULL,
  `Puntos` int(11) DEFAULT NULL,
  `Eliminado` tinyint(1) DEFAULT NULL
) ENGINE=InnoDB DEFAULT CHARSET=utf8mb4 COLLATE=utf8mb4_general_ci;

--
-- Volcado de datos para la tabla `participar`
--

INSERT INTO `participar` (`Equipo`, `Competicion`, `Edicion`, `Puntos`, `Eliminado`) VALUES
(2, 1, 1, 0, 0),
(3, 1, 1, 0, 0),
(4, 1, 1, 0, 0),
(5, 1, 1, 0, 0),
(6, 1, 1, 0, 0),
(7, 1, 1, 0, 0),
(8, 1, 1, 0, 0),
(9, 1, 1, 0, 0),
(10, 1, 1, 0, 0),
(21, 1, 1, 0, 0),
(22, 1, 1, 0, 0),
(23, 1, 1, 0, 0),
(24, 1, 1, 0, 0),
(25, 1, 1, 0, 0),
(26, 1, 1, 0, 0),
(27, 1, 1, 0, 0),
(28, 1, 1, 0, 0),
(29, 1, 1, 0, 0),
(30, 1, 1, 0, 0),
(31, 1, 1, 0, 0),
(32, 1, 1, 0, 0),
(33, 1, 1, 0, 0),
(34, 1, 1, 0, 0),
(35, 2, 1, 0, 0),
(36, 2, 1, 0, 0),
(37, 1, 1, 0, 0),
(37, 2, 1, 0, 0),
(38, 2, 1, 0, 0),
(39, 2, 1, 0, 0),
(40, 2, 1, 0, 0),
(41, 2, 1, 0, 0),
(42, 2, 1, 0, 0),
(43, 2, 1, 0, 0),
(44, 2, 1, 0, 0),
(45, 2, 1, 0, 0),
(46, 2, 1, 0, 0),
(47, 2, 1, 0, 0),
(48, 2, 1, 0, 0),
(49, 2, 1, 0, 0),
(50, 2, 1, 0, 0),
(51, 2, 1, 0, 0),
(52, 2, 1, 0, 0),
(53, 2, 1, 0, 0),
(54, 2, 1, 0, 0),
(55, 2, 1, 0, 0),
(56, 2, 1, 0, 0),
(57, 2, 1, 0, 0),
(58, 3, 1, 0, 0),
(59, 3, 1, 0, 0),
(60, 3, 1, 0, 0),
(61, 3, 1, 0, 0),
(62, 3, 1, 0, 0),
(63, 3, 1, 0, 0),
(64, 3, 1, 0, 0),
(65, 3, 1, 0, 0),
(66, 3, 1, 0, 0),
(67, 3, 1, 0, 0),
(68, 3, 1, 0, 0),
(69, 3, 1, 0, 0),
(70, 3, 1, 0, 0),
(71, 3, 1, 0, 0),
(72, 3, 1, 0, 0),
(73, 3, 1, 0, 0),
(74, 3, 1, 0, 0),
(75, 3, 1, 0, 0),
(76, 3, 1, 0, 0),
(77, 3, 1, 0, 0),
(78, 3, 1, 0, 0),
(79, 3, 1, 0, 0),
(80, 3, 1, 0, 0),
(81, 4, 1, 0, 0),
(82, 4, 1, 0, 0),
(83, 4, 1, 0, 0),
(84, 4, 1, 0, 0),
(85, 4, 1, 0, 0),
(86, 4, 1, 0, 0),
(87, 4, 1, 0, 0),
(88, 4, 1, 0, 0),
(89, 4, 1, 0, 0),
(90, 4, 1, 0, 0),
(91, 4, 1, 0, 0),
(92, 4, 1, 0, 0),
(93, 4, 1, 0, 0),
(94, 4, 1, 0, 0),
(95, 4, 1, 0, 0),
(96, 4, 1, 0, 0),
(97, 4, 1, 0, 0),
(98, 4, 1, 0, 0),
(99, 4, 1, 0, 0),
(100, 4, 1, 0, 0),
(101, 4, 1, 0, 0),
(102, 4, 1, 0, 0),
(103, 4, 1, 0, 0),
(104, 5, 1, 0, 0),
(105, 5, 1, 0, 0),
(106, 5, 1, 0, 0),
(107, 5, 1, 0, 0),
(108, 5, 1, 0, 0),
(109, 5, 1, 0, 0),
(110, 5, 1, 0, 0),
(111, 5, 1, 0, 0),
(112, 5, 1, 0, 0),
(113, 5, 1, 0, 0),
(114, 5, 1, 0, 0),
(115, 5, 1, 0, 0),
(116, 5, 1, 0, 0),
(117, 5, 1, 0, 0),
(118, 5, 1, 0, 0),
(119, 5, 1, 0, 0),
(120, 5, 1, 0, 0),
(121, 5, 1, 0, 0),
(122, 5, 1, 0, 0),
(123, 5, 1, 0, 0),
(124, 5, 1, 0, 0),
(125, 5, 1, 0, 0),
(126, 5, 1, 0, 0),
(127, 6, 1, 0, 0),
(128, 6, 1, 0, 0),
(129, 6, 1, 0, 0),
(130, 6, 1, 0, 0),
(131, 6, 1, 0, 0),
(132, 6, 1, 0, 0),
(133, 6, 1, 0, 0),
(134, 6, 1, 0, 0),
(135, 6, 1, 0, 0),
(136, 6, 1, 0, 0),
(137, 6, 1, 0, 0),
(138, 6, 1, 0, 0),
(139, 6, 1, 0, 0),
(140, 6, 1, 0, 0),
(141, 6, 1, 0, 0),
(142, 6, 1, 0, 0),
(143, 6, 1, 0, 0),
(144, 6, 1, 0, 0),
(145, 6, 1, 0, 0),
(146, 6, 1, 0, 0),
(147, 6, 1, 0, 0),
(148, 6, 1, 0, 0),
(149, 6, 1, 0, 0),
(150, 7, 1, 0, 0),
(151, 7, 1, 0, 0),
(152, 7, 1, 0, 0),
(153, 7, 1, 0, 0),
(154, 7, 1, 0, 0),
(155, 7, 1, 0, 0),
(156, 7, 1, 0, 0),
(157, 7, 1, 0, 0),
(158, 7, 1, 0, 0),
(159, 7, 1, 0, 0),
(160, 7, 1, 0, 0),
(161, 7, 1, 0, 0),
(162, 7, 1, 0, 0),
(163, 7, 1, 0, 0),
(164, 7, 1, 0, 0),
(165, 7, 1, 0, 0),
(166, 7, 1, 0, 0),
(167, 7, 1, 0, 0),
(168, 7, 1, 0, 0),
(169, 7, 1, 0, 0),
(170, 7, 1, 0, 0),
(171, 7, 1, 0, 0),
(172, 7, 1, 0, 0),
(173, 8, 1, 0, 0),
(174, 8, 1, 0, 0),
(175, 8, 1, 0, 0),
(176, 8, 1, 0, 0),
(177, 8, 1, 0, 0),
(178, 8, 1, 0, 0),
(179, 8, 1, 0, 0),
(180, 8, 1, 0, 0),
(181, 8, 1, 0, 0),
(182, 8, 1, 0, 0),
(183, 8, 1, 0, 0),
(184, 8, 1, 0, 0),
(185, 8, 1, 0, 0),
(186, 8, 1, 0, 0),
(187, 8, 1, 0, 0),
(188, 8, 1, 0, 0),
(189, 8, 1, 0, 0),
(190, 8, 1, 0, 0),
(191, 8, 1, 0, 0),
(192, 8, 1, 0, 0),
(193, 8, 1, 0, 0),
(194, 8, 1, 0, 0),
(195, 8, 1, 0, 0),
(196, 9, 1, 0, 0),
(197, 9, 1, 0, 0),
(198, 9, 1, 0, 0),
(199, 9, 1, 0, 0),
(200, 9, 1, 0, 0),
(201, 9, 1, 0, 0),
(202, 9, 1, 0, 0),
(203, 9, 1, 0, 0),
(204, 9, 1, 0, 0),
(205, 9, 1, 0, 0),
(206, 9, 1, 0, 0),
(207, 9, 1, 0, 0),
(208, 9, 1, 0, 0),
(209, 9, 1, 0, 0),
(210, 9, 1, 0, 0),
(211, 9, 1, 0, 0),
(212, 9, 1, 0, 0),
(213, 9, 1, 0, 0),
(214, 9, 1, 0, 0),
(215, 9, 1, 0, 0),
(216, 9, 1, 0, 0),
(217, 9, 1, 0, 0),
(218, 9, 1, 0, 0),
(219, 10, 1, 0, 0),
(220, 10, 1, 0, 0),
(221, 10, 1, 0, 0),
(222, 10, 1, 0, 0),
(223, 10, 1, 0, 0),
(224, 10, 1, 0, 0),
(225, 10, 1, 0, 0),
(226, 10, 1, 0, 0),
(227, 10, 1, 0, 0),
(228, 10, 1, 0, 0),
(229, 10, 1, 0, 0),
(230, 10, 1, 0, 0),
(231, 10, 1, 0, 0),
(232, 10, 1, 0, 0),
(233, 10, 1, 0, 0),
(234, 10, 1, 0, 0),
(235, 10, 1, 0, 0),
(236, 10, 1, 0, 0),
(237, 10, 1, 0, 0),
(238, 10, 1, 0, 0),
(239, 10, 1, 0, 0),
(240, 10, 1, 0, 0),
(241, 10, 1, 0, 0),
(242, 11, 1, 0, 0),
(243, 11, 1, 0, 0),
(244, 11, 1, 0, 0),
(245, 11, 1, 0, 0),
(246, 11, 1, 0, 0),
(247, 11, 1, 0, 0),
(248, 11, 1, 0, 0),
(249, 11, 1, 0, 0),
(250, 11, 1, 0, 0),
(251, 11, 1, 0, 0),
(252, 11, 1, 0, 0),
(253, 11, 1, 0, 0),
(254, 11, 1, 0, 0),
(255, 11, 1, 0, 0),
(256, 11, 1, 0, 0),
(257, 11, 1, 0, 0),
(258, 11, 1, 0, 0),
(259, 11, 1, 0, 0),
(260, 11, 1, 0, 0),
(261, 11, 1, 0, 0),
(262, 11, 1, 0, 0),
(263, 11, 1, 0, 0),
(264, 11, 1, 0, 0),
(265, 12, 1, 0, 0),
(266, 12, 1, 0, 0),
(267, 12, 1, 0, 0),
(268, 12, 1, 0, 0),
(269, 12, 1, 0, 0),
(270, 12, 1, 0, 0),
(271, 12, 1, 0, 0),
(272, 12, 1, 0, 0),
(273, 12, 1, 0, 0),
(274, 12, 1, 0, 0),
(275, 12, 1, 0, 0),
(276, 12, 1, 0, 0),
(277, 12, 1, 0, 0),
(278, 12, 1, 0, 0),
(279, 12, 1, 0, 0),
(280, 12, 1, 0, 0),
(281, 12, 1, 0, 0),
(282, 12, 1, 0, 0),
(283, 12, 1, 0, 0),
(284, 12, 1, 0, 0),
(285, 12, 1, 0, 0),
(286, 12, 1, 0, 0),
(287, 12, 1, 0, 0),
(288, 13, 1, 0, 0),
(289, 13, 1, 0, 0),
(290, 13, 1, 0, 0),
(291, 13, 1, 0, 0),
(292, 13, 1, 0, 0),
(293, 13, 1, 0, 0),
(294, 13, 1, 0, 0),
(295, 13, 1, 0, 0),
(296, 13, 1, 0, 0),
(297, 13, 1, 0, 0),
(298, 13, 1, 0, 0),
(299, 13, 1, 0, 0),
(300, 13, 1, 0, 0),
(301, 13, 1, 0, 0),
(302, 13, 1, 0, 0),
(303, 13, 1, 0, 0),
(304, 13, 1, 0, 0),
(305, 13, 1, 0, 0),
(306, 13, 1, 0, 0),
(307, 13, 1, 0, 0),
(308, 13, 1, 0, 0),
(309, 13, 1, 0, 0),
(310, 13, 1, 0, 0),
(311, 14, 1, 0, 0),
(312, 14, 1, 0, 0),
(313, 14, 1, 0, 0),
(314, 14, 1, 0, 0),
(315, 14, 1, 0, 0),
(316, 14, 1, 0, 0),
(317, 14, 1, 0, 0),
(318, 14, 1, 0, 0),
(319, 14, 1, 0, 0),
(320, 14, 1, 0, 0),
(321, 14, 1, 0, 0),
(322, 14, 1, 0, 0),
(323, 14, 1, 0, 0),
(324, 14, 1, 0, 0),
(325, 14, 1, 0, 0),
(326, 14, 1, 0, 0),
(327, 14, 1, 0, 0),
(328, 14, 1, 0, 0),
(329, 14, 1, 0, 0),
(330, 14, 1, 0, 0),
(331, 14, 1, 0, 0),
(332, 14, 1, 0, 0),
(333, 14, 1, 0, 0),
(334, 15, 1, 0, 0),
(335, 15, 1, 0, 0),
(336, 15, 1, 0, 0),
(337, 15, 1, 0, 0),
(338, 15, 1, 0, 0),
(339, 15, 1, 0, 0),
(340, 15, 1, 0, 0),
(341, 15, 1, 0, 0),
(342, 15, 1, 0, 0),
(343, 15, 1, 0, 0),
(344, 15, 1, 0, 0),
(345, 15, 1, 0, 0),
(346, 15, 1, 0, 0),
(347, 15, 1, 0, 0),
(348, 15, 1, 0, 0),
(349, 15, 1, 0, 0),
(350, 15, 1, 0, 0),
(351, 15, 1, 0, 0),
(352, 15, 1, 0, 0),
(353, 15, 1, 0, 0),
(354, 15, 1, 0, 0),
(355, 15, 1, 0, 0),
(356, 15, 1, 0, 0);

-- --------------------------------------------------------

--
-- Estructura de tabla para la tabla `partido`
--

CREATE TABLE `partido` (
  `ID_partido` int(11) NOT NULL,
  `Arbitro` int(11) DEFAULT NULL,
  `Fecha` date DEFAULT NULL,
  `Local` int(11) DEFAULT NULL,
  `Visitante` int(11) DEFAULT NULL
) ENGINE=InnoDB DEFAULT CHARSET=utf8mb4 COLLATE=utf8mb4_general_ci;

--
-- Volcado de datos para la tabla `partido`
--

INSERT INTO `partido` (`ID_partido`, `Arbitro`, `Fecha`, `Local`, `Visitante`) VALUES
(1, 21, '2024-01-15', 35, 36),
(2, 3, '2024-01-15', 35, 37),
(3, 29, '2024-01-15', 35, 38),
(4, 19, '2024-01-15', 35, 39),
(5, 7, '2024-01-15', 35, 40),
(6, 18, '2024-01-15', 35, 41),
(7, 27, '2024-01-15', 35, 42),
(8, 4, '2024-01-15', 35, 43),
(9, 18, '2024-01-15', 35, 44),
(10, 39, '2024-01-15', 35, 45),
(11, 21, '2024-01-15', 35, 46),
(12, 28, '2024-01-15', 35, 47),
(13, 36, '2024-01-15', 35, 48),
(14, 19, '2024-01-15', 35, 49),
(15, 24, '2024-01-15', 35, 50),
(16, 24, '2024-01-15', 35, 51),
(17, 10, '2024-01-15', 35, 52),
(18, 17, '2024-01-15', 35, 53),
(19, 14, '2024-01-15', 35, 54),
(20, 21, '2024-01-15', 35, 55),
(21, 21, '2024-01-15', 35, 56),
(22, 2, '2024-01-15', 35, 57),
(23, 27, '2024-01-15', 36, 35),
(24, 11, '2024-01-15', 36, 37),
(25, 13, '2024-01-15', 36, 38),
(26, 31, '2024-01-15', 36, 39),
(27, 36, '2024-01-15', 36, 40),
(28, 9, '2024-01-15', 36, 41),
(29, 13, '2024-01-15', 36, 42),
(30, 1, '2024-01-15', 36, 43),
(31, 4, '2024-01-15', 36, 44),
(32, 17, '2024-01-15', 36, 45),
(33, 31, '2024-01-15', 36, 46),
(34, 27, '2024-01-15', 36, 47),
(35, 1, '2024-01-15', 36, 48),
(36, 2, '2024-01-15', 36, 49),
(37, 9, '2024-01-15', 36, 50),
(38, 36, '2024-01-15', 36, 51),
(39, 37, '2024-01-15', 36, 52),
(40, 38, '2024-01-15', 36, 53),
(41, 38, '2024-01-15', 36, 54),
(42, 36, '2024-01-15', 36, 55),
(43, 27, '2024-01-15', 36, 56),
(44, 27, '2024-01-15', 36, 57),
(45, 13, '2024-01-15', 37, 2),
(46, 24, '2024-01-15', 37, 3),
(47, 3, '2024-01-15', 37, 4),
(48, 20, '2024-01-15', 37, 5),
(49, 12, '2024-01-15', 37, 6),
(50, 38, '2024-01-15', 37, 7),
(51, 35, '2024-01-15', 37, 8),
(52, 25, '2024-01-15', 37, 9),
(53, 16, '2024-01-15', 37, 10),
(54, 7, '2024-01-15', 37, 21),
(55, 25, '2024-01-15', 37, 22),
(56, 27, '2024-01-15', 37, 23),
(57, 19, '2024-01-15', 37, 24),
(58, 15, '2024-01-15', 37, 25),
(59, 15, '2024-01-15', 37, 26),
(60, 31, '2024-01-15', 37, 27),
(61, 33, '2024-01-15', 37, 28),
(62, 31, '2024-01-15', 37, 29),
(63, 15, '2024-01-15', 37, 30),
(64, 20, '2024-01-15', 37, 31),
(65, 18, '2024-01-15', 37, 32),
(66, 30, '2024-01-15', 37, 33),
(67, 15, '2024-01-15', 37, 34),
(68, 25, '2024-01-15', 37, 35),
(69, 3, '2024-01-15', 37, 36),
(70, 18, '2024-01-15', 37, 38),
(71, 38, '2024-01-15', 37, 39),
(72, 21, '2024-01-15', 37, 40),
(73, 30, '2024-01-15', 37, 41),
(74, 8, '2024-01-15', 37, 42),
(75, 27, '2024-01-15', 37, 43),
(76, 34, '2024-01-15', 37, 44),
(77, 8, '2024-01-15', 37, 45),
(78, 15, '2024-01-15', 37, 46),
(79, 12, '2024-01-15', 37, 47),
(80, 17, '2024-01-15', 37, 48),
(81, 7, '2024-01-15', 37, 49),
(82, 25, '2024-01-15', 37, 50),
(83, 24, '2024-01-15', 37, 51),
(84, 4, '2024-01-15', 37, 52),
(85, 28, '2024-01-15', 37, 53),
(86, 11, '2024-01-15', 37, 54),
(87, 9, '2024-01-15', 37, 55),
(88, 10, '2024-01-15', 37, 56),
(89, 23, '2024-01-15', 37, 57),
(90, 7, '2024-01-15', 38, 35),
(91, 6, '2024-01-15', 38, 36),
(92, 8, '2024-01-15', 38, 37),
(93, 23, '2024-01-15', 38, 39),
(94, 10, '2024-01-15', 38, 40),
(95, 20, '2024-01-15', 38, 41),
(96, 33, '2024-01-15', 38, 42),
(97, 23, '2024-01-15', 38, 43),
(98, 17, '2024-01-15', 38, 44),
(99, 14, '2024-01-15', 38, 45),
(100, 18, '2024-01-15', 38, 46),
(101, 9, '2024-01-15', 38, 47),
(102, 30, '2024-01-15', 38, 48),
(103, 5, '2024-01-15', 38, 49),
(104, 13, '2024-01-15', 38, 50),
(105, 11, '2024-01-15', 38, 51),
(106, 14, '2024-01-15', 38, 52),
(107, 37, '2024-01-15', 38, 53),
(108, 27, '2024-01-15', 38, 54),
(109, 21, '2024-01-15', 38, 55),
(110, 26, '2024-01-15', 38, 56),
(111, 26, '2024-01-15', 38, 57),
(112, 15, '2024-01-15', 39, 35),
(113, 34, '2024-01-15', 39, 36),
(114, 6, '2024-01-15', 39, 37),
(115, 5, '2024-01-15', 39, 38),
(116, 6, '2024-01-15', 39, 40),
(117, 17, '2024-01-15', 39, 41),
(118, 28, '2024-01-15', 39, 42),
(119, 10, '2024-01-15', 39, 43),
(120, 5, '2024-01-15', 39, 44),
(121, 35, '2024-01-15', 39, 45),
(122, 2, '2024-01-15', 39, 46),
(123, 20, '2024-01-15', 39, 47),
(124, 17, '2024-01-15', 39, 48),
(125, 25, '2024-01-15', 39, 49),
(126, 34, '2024-01-15', 39, 50),
(127, 15, '2024-01-15', 39, 51),
(128, 10, '2024-01-15', 39, 52),
(129, 8, '2024-01-15', 39, 53),
(130, 8, '2024-01-15', 39, 54),
(131, 15, '2024-01-15', 39, 55),
(132, 14, '2024-01-15', 39, 56),
(133, 21, '2024-01-15', 39, 57),
(134, 26, '2024-01-15', 40, 35),
(135, 25, '2024-01-15', 40, 36),
(136, 7, '2024-01-15', 40, 37),
(137, 1, '2024-01-15', 40, 38),
(138, 21, '2024-01-15', 40, 39),
(139, 26, '2024-01-15', 40, 41),
(140, 24, '2024-01-15', 40, 42),
(141, 5, '2024-01-15', 40, 43),
(142, 31, '2024-01-15', 40, 44),
(143, 23, '2024-01-15', 40, 45),
(144, 21, '2024-01-15', 40, 46),
(145, 34, '2024-01-15', 40, 47),
(146, 28, '2024-01-15', 40, 48),
(147, 1, '2024-01-15', 40, 49),
(148, 37, '2024-01-15', 40, 50),
(149, 24, '2024-01-15', 40, 51),
(150, 8, '2024-01-15', 40, 52),
(151, 6, '2024-01-15', 40, 53),
(152, 7, '2024-01-15', 40, 54),
(153, 16, '2024-01-15', 40, 55),
(154, 18, '2024-01-15', 40, 56),
(155, 2, '2024-01-15', 40, 57),
(156, 34, '2024-01-15', 41, 35),
(157, 7, '2024-01-15', 41, 36),
(158, 10, '2024-01-15', 41, 37),
(159, 30, '2024-01-15', 41, 38),
(160, 3, '2024-01-15', 41, 39),
(161, 1, '2024-01-15', 41, 40),
(162, 35, '2024-01-15', 41, 42),
(163, 14, '2024-01-15', 41, 43),
(164, 6, '2024-01-15', 41, 44),
(165, 27, '2024-01-15', 41, 45),
(166, 36, '2024-01-15', 41, 46),
(167, 23, '2024-01-15', 41, 47),
(168, 6, '2024-01-15', 41, 48),
(169, 39, '2024-01-15', 41, 49),
(170, 22, '2024-01-15', 41, 50),
(171, 29, '2024-01-15', 41, 51),
(172, 2, '2024-01-15', 41, 52),
(173, 1, '2024-01-15', 41, 53),
(174, 38, '2024-01-15', 41, 54),
(175, 30, '2024-01-15', 41, 55),
(176, 37, '2024-01-15', 41, 56),
(177, 13, '2024-01-15', 41, 57),
(178, 35, '2024-01-15', 42, 35),
(179, 15, '2024-01-15', 42, 36),
(180, 11, '2024-01-15', 42, 37),
(181, 8, '2024-01-15', 42, 38),
(182, 5, '2024-01-15', 42, 39),
(183, 3, '2024-01-15', 42, 40),
(184, 38, '2024-01-15', 42, 41),
(185, 24, '2024-01-15', 42, 43),
(186, 6, '2024-01-15', 42, 44),
(187, 36, '2024-01-15', 42, 45),
(188, 4, '2024-01-15', 42, 46),
(189, 31, '2024-01-15', 42, 47),
(190, 24, '2024-01-15', 42, 48),
(191, 28, '2024-01-15', 42, 49),
(192, 26, '2024-01-15', 42, 50),
(193, 7, '2024-01-15', 42, 51),
(194, 35, '2024-01-15', 42, 52),
(195, 36, '2024-01-15', 42, 53),
(196, 37, '2024-01-15', 42, 54),
(197, 35, '2024-01-15', 42, 55),
(198, 25, '2024-01-15', 42, 56),
(199, 20, '2024-01-15', 42, 57),
(200, 26, '2024-01-15', 43, 35),
(201, 30, '2024-01-15', 43, 36),
(202, 31, '2024-01-15', 43, 37),
(203, 25, '2024-01-15', 43, 38),
(204, 32, '2024-01-15', 43, 39),
(205, 6, '2024-01-15', 43, 40),
(206, 12, '2024-01-15', 43, 41),
(207, 2, '2024-01-15', 43, 42),
(208, 13, '2024-01-15', 43, 44),
(209, 20, '2024-01-15', 43, 45),
(210, 23, '2024-01-15', 43, 46),
(211, 15, '2024-01-15', 43, 47),
(212, 3, '2024-01-15', 43, 48),
(213, 10, '2024-01-15', 43, 49),
(214, 39, '2024-01-15', 43, 50),
(215, 9, '2024-01-15', 43, 51),
(216, 5, '2024-01-15', 43, 52),
(217, 36, '2024-01-15', 43, 53),
(218, 11, '2024-01-15', 43, 54),
(219, 22, '2024-01-15', 43, 55),
(220, 39, '2024-01-15', 43, 56),
(221, 10, '2024-01-15', 43, 57),
(222, 10, '2024-01-15', 44, 35),
(223, 21, '2024-01-15', 44, 36),
(224, 34, '2024-01-15', 44, 37),
(225, 28, '2024-01-15', 44, 38),
(226, 2, '2024-01-15', 44, 39),
(227, 39, '2024-01-15', 44, 40),
(228, 32, '2024-01-15', 44, 41),
(229, 3, '2024-01-15', 44, 42),
(230, 39, '2024-01-15', 44, 43),
(231, 27, '2024-01-15', 44, 45),
(232, 17, '2024-01-15', 44, 46),
(233, 3, '2024-01-15', 44, 47),
(234, 4, '2024-01-15', 44, 48),
(235, 9, '2024-01-15', 44, 49),
(236, 34, '2024-01-15', 44, 50),
(237, 24, '2024-01-15', 44, 51),
(238, 19, '2024-01-15', 44, 52),
(239, 23, '2024-01-15', 44, 53),
(240, 17, '2024-01-15', 44, 54),
(241, 16, '2024-01-15', 44, 55),
(242, 30, '2024-01-15', 44, 56),
(243, 25, '2024-01-15', 44, 57),
(244, 31, '2024-01-15', 45, 35),
(245, 1, '2024-01-15', 45, 36),
(246, 31, '2024-01-15', 45, 37),
(247, 32, '2024-01-15', 45, 38),
(248, 28, '2024-01-15', 45, 39),
(249, 4, '2024-01-15', 45, 40),
(250, 16, '2024-01-15', 45, 41),
(251, 27, '2024-01-15', 45, 42),
(252, 7, '2024-01-15', 45, 43),
(253, 33, '2024-01-15', 45, 44),
(254, 24, '2024-01-15', 45, 46),
(255, 23, '2024-01-15', 45, 47),
(256, 5, '2024-01-15', 45, 48),
(257, 32, '2024-01-15', 45, 49),
(258, 26, '2024-01-15', 45, 50),
(259, 35, '2024-01-15', 45, 51),
(260, 19, '2024-01-15', 45, 52),
(261, 30, '2024-01-15', 45, 53),
(262, 12, '2024-01-15', 45, 54),
(263, 8, '2024-01-15', 45, 55),
(264, 5, '2024-01-15', 45, 56),
(265, 2, '2024-01-15', 45, 57),
(266, 31, '2024-01-15', 46, 35),
(267, 34, '2024-01-15', 46, 36),
(268, 36, '2024-01-15', 46, 37),
(269, 2, '2024-01-15', 46, 38),
(270, 15, '2024-01-15', 46, 39),
(271, 31, '2024-01-15', 46, 40),
(272, 33, '2024-01-15', 46, 41),
(273, 32, '2024-01-15', 46, 42),
(274, 19, '2024-01-15', 46, 43),
(275, 39, '2024-01-15', 46, 44),
(276, 21, '2024-01-15', 46, 45),
(277, 25, '2024-01-15', 46, 47),
(278, 25, '2024-01-15', 46, 48),
(279, 7, '2024-01-15', 46, 49),
(280, 2, '2024-01-15', 46, 50),
(281, 26, '2024-01-15', 46, 51),
(282, 5, '2024-01-15', 46, 52),
(283, 27, '2024-01-15', 46, 53),
(284, 1, '2024-01-15', 46, 54),
(285, 3, '2024-01-15', 46, 55),
(286, 11, '2024-01-15', 46, 56),
(287, 8, '2024-01-15', 46, 57),
(288, 5, '2024-01-15', 47, 35),
(289, 3, '2024-01-15', 47, 36),
(290, 35, '2024-01-15', 47, 37),
(291, 12, '2024-01-15', 47, 38),
(292, 31, '2024-01-15', 47, 39),
(293, 2, '2024-01-15', 47, 40),
(294, 33, '2024-01-15', 47, 41),
(295, 5, '2024-01-15', 47, 42),
(296, 2, '2024-01-15', 47, 43),
(297, 33, '2024-01-15', 47, 44),
(298, 3, '2024-01-15', 47, 45),
(299, 33, '2024-01-15', 47, 46),
(300, 38, '2024-01-15', 47, 48),
(301, 14, '2024-01-15', 47, 49),
(302, 33, '2024-01-15', 47, 50),
(303, 4, '2024-01-15', 47, 51),
(304, 1, '2024-01-15', 47, 52),
(305, 32, '2024-01-15', 47, 53),
(306, 39, '2024-01-15', 47, 54),
(307, 21, '2024-01-15', 47, 55),
(308, 25, '2024-01-15', 47, 56),
(309, 25, '2024-01-15', 47, 57),
(310, 10, '2024-01-15', 48, 35),
(311, 13, '2024-01-15', 48, 36),
(312, 34, '2024-01-15', 48, 37),
(313, 12, '2024-01-15', 48, 38),
(314, 37, '2024-01-15', 48, 39),
(315, 29, '2024-01-15', 48, 40),
(316, 36, '2024-01-15', 48, 41),
(317, 14, '2024-01-15', 48, 42),
(318, 38, '2024-01-15', 48, 43),
(319, 33, '2024-01-15', 48, 44),
(320, 9, '2024-01-15', 48, 45),
(321, 24, '2024-01-15', 48, 46),
(322, 14, '2024-01-15', 48, 47),
(323, 38, '2024-01-15', 48, 49),
(324, 30, '2024-01-15', 48, 50),
(325, 34, '2024-01-15', 48, 51),
(326, 1, '2024-01-15', 48, 52),
(327, 19, '2024-01-15', 48, 53),
(328, 14, '2024-01-15', 48, 54),
(329, 13, '2024-01-15', 48, 55),
(330, 21, '2024-01-15', 48, 56),
(331, 28, '2024-01-15', 48, 57),
(332, 37, '2024-01-15', 49, 35),
(333, 23, '2024-01-15', 49, 36),
(334, 1, '2024-01-15', 49, 37),
(335, 16, '2024-01-15', 49, 38),
(336, 38, '2024-01-15', 49, 39),
(337, 25, '2024-01-15', 49, 40),
(338, 10, '2024-01-15', 49, 41),
(339, 13, '2024-01-15', 49, 42),
(340, 37, '2024-01-15', 49, 43),
(341, 26, '2024-01-15', 49, 44),
(342, 18, '2024-01-15', 49, 45),
(343, 11, '2024-01-15', 49, 46),
(344, 1, '2024-01-15', 49, 47),
(345, 11, '2024-01-15', 49, 48),
(346, 11, '2024-01-15', 49, 50),
(347, 22, '2024-01-15', 49, 51),
(348, 38, '2024-01-15', 49, 52),
(349, 5, '2024-01-15', 49, 53),
(350, 29, '2024-01-15', 49, 54),
(351, 13, '2024-01-15', 49, 55),
(352, 15, '2024-01-15', 49, 56),
(353, 34, '2024-01-15', 49, 57),
(354, 10, '2024-01-15', 50, 35),
(355, 24, '2024-01-15', 50, 36),
(356, 13, '2024-01-15', 50, 37),
(357, 32, '2024-01-15', 50, 38),
(358, 5, '2024-01-15', 50, 39),
(359, 4, '2024-01-15', 50, 40),
(360, 3, '2024-01-15', 50, 41),
(361, 5, '2024-01-15', 50, 42),
(362, 14, '2024-01-15', 50, 43),
(363, 16, '2024-01-15', 50, 44),
(364, 39, '2024-01-15', 50, 45),
(365, 30, '2024-01-15', 50, 46),
(366, 33, '2024-01-15', 50, 47),
(367, 35, '2024-01-15', 50, 48),
(368, 36, '2024-01-15', 50, 49),
(369, 37, '2024-01-15', 50, 51),
(370, 35, '2024-01-15', 50, 52),
(371, 24, '2024-01-15', 50, 53),
(372, 13, '2024-01-15', 50, 54),
(373, 35, '2024-01-15', 50, 55),
(374, 18, '2024-01-15', 50, 56),
(375, 23, '2024-01-15', 50, 57),
(376, 22, '2024-01-15', 51, 35),
(377, 38, '2024-01-15', 51, 36),
(378, 10, '2024-01-15', 51, 37),
(379, 11, '2024-01-15', 51, 38),
(380, 25, '2024-01-15', 51, 39),
(381, 13, '2024-01-15', 51, 40),
(382, 29, '2024-01-15', 51, 41),
(383, 26, '2024-01-15', 51, 42),
(384, 6, '2024-01-15', 51, 43),
(385, 27, '2024-01-15', 51, 44),
(386, 39, '2024-01-15', 51, 45),
(387, 35, '2024-01-15', 51, 46),
(388, 20, '2024-01-15', 51, 47),
(389, 33, '2024-01-15', 51, 48),
(390, 28, '2024-01-15', 51, 49),
(391, 38, '2024-01-15', 51, 50),
(392, 27, '2024-01-15', 51, 52),
(393, 21, '2024-01-15', 51, 53),
(394, 22, '2024-01-15', 51, 54),
(395, 9, '2024-01-15', 51, 55),
(396, 16, '2024-01-15', 51, 56),
(397, 14, '2024-01-15', 51, 57),
(398, 20, '2024-01-15', 52, 35),
(399, 18, '2024-01-15', 52, 36),
(400, 33, '2024-01-15', 52, 37),
(401, 29, '2024-01-15', 52, 38),
(402, 8, '2024-01-15', 52, 39),
(403, 29, '2024-01-15', 52, 40),
(404, 5, '2024-01-15', 52, 41),
(405, 14, '2024-01-15', 52, 42),
(406, 16, '2024-01-15', 52, 43),
(407, 38, '2024-01-15', 52, 44),
(408, 26, '2024-01-15', 52, 45),
(409, 16, '2024-01-15', 52, 46),
(410, 39, '2024-01-15', 52, 47),
(411, 28, '2024-01-15', 52, 48),
(412, 25, '2024-01-15', 52, 49),
(413, 1, '2024-01-15', 52, 50),
(414, 6, '2024-01-15', 52, 51),
(415, 29, '2024-01-15', 52, 53),
(416, 8, '2024-01-15', 52, 54),
(417, 31, '2024-01-15', 52, 55),
(418, 12, '2024-01-15', 52, 56),
(419, 7, '2024-01-15', 52, 57),
(420, 36, '2024-01-15', 53, 35),
(421, 3, '2024-01-15', 53, 36),
(422, 23, '2024-01-15', 53, 37),
(423, 26, '2024-01-15', 53, 38),
(424, 24, '2024-01-15', 53, 39),
(425, 4, '2024-01-15', 53, 40),
(426, 23, '2024-01-15', 53, 41),
(427, 26, '2024-01-15', 53, 42),
(428, 20, '2024-01-15', 53, 43),
(429, 23, '2024-01-15', 53, 44),
(430, 16, '2024-01-15', 53, 45),
(431, 12, '2024-01-15', 53, 46),
(432, 9, '2024-01-15', 53, 47),
(433, 9, '2024-01-15', 53, 48),
(434, 16, '2024-01-15', 53, 49),
(435, 14, '2024-01-15', 53, 50),
(436, 22, '2024-01-15', 53, 51),
(437, 30, '2024-01-15', 53, 52),
(438, 5, '2024-01-15', 53, 54),
(439, 12, '2024-01-15', 53, 55),
(440, 4, '2024-01-15', 53, 56),
(441, 23, '2024-01-15', 53, 57),
(442, 23, '2024-01-15', 54, 35),
(443, 8, '2024-01-15', 54, 36),
(444, 9, '2024-01-15', 54, 37),
(445, 21, '2024-01-15', 54, 38),
(446, 38, '2024-01-15', 54, 39),
(447, 10, '2024-01-15', 54, 40),
(448, 15, '2024-01-15', 54, 41),
(449, 2, '2024-01-15', 54, 42),
(450, 6, '2024-01-15', 54, 43),
(451, 23, '2024-01-15', 54, 44),
(452, 19, '2024-01-15', 54, 45),
(453, 25, '2024-01-15', 54, 46),
(454, 27, '2024-01-15', 54, 47),
(455, 22, '2024-01-15', 54, 48),
(456, 26, '2024-01-15', 54, 49),
(457, 28, '2024-01-15', 54, 50),
(458, 19, '2024-01-15', 54, 51),
(459, 12, '2024-01-15', 54, 52),
(460, 2, '2024-01-15', 54, 53),
(461, 14, '2024-01-15', 54, 55),
(462, 25, '2024-01-15', 54, 56),
(463, 6, '2024-01-15', 54, 57),
(464, 29, '2024-01-15', 55, 35),
(465, 13, '2024-01-15', 55, 36),
(466, 14, '2024-01-15', 55, 37),
(467, 30, '2024-01-15', 55, 38),
(468, 32, '2024-01-15', 55, 39),
(469, 28, '2024-01-15', 55, 40),
(470, 5, '2024-01-15', 55, 41),
(471, 21, '2024-01-15', 55, 42),
(472, 9, '2024-01-15', 55, 43),
(473, 22, '2024-01-15', 55, 44),
(474, 2, '2024-01-15', 55, 45),
(475, 24, '2024-01-15', 55, 46),
(476, 33, '2024-01-15', 55, 47),
(477, 15, '2024-01-15', 55, 48),
(478, 14, '2024-01-15', 55, 49),
(479, 26, '2024-01-15', 55, 50),
(480, 11, '2024-01-15', 55, 51),
(481, 12, '2024-01-15', 55, 52),
(482, 29, '2024-01-15', 55, 53),
(483, 29, '2024-01-15', 55, 54),
(484, 21, '2024-01-15', 55, 56),
(485, 17, '2024-01-15', 55, 57),
(486, 19, '2024-01-15', 56, 35),
(487, 7, '2024-01-15', 56, 36),
(488, 14, '2024-01-15', 56, 37),
(489, 13, '2024-01-15', 56, 38),
(490, 19, '2024-01-15', 56, 39),
(491, 17, '2024-01-15', 56, 40),
(492, 29, '2024-01-15', 56, 41),
(493, 13, '2024-01-15', 56, 42),
(494, 17, '2024-01-15', 56, 43),
(495, 7, '2024-01-15', 56, 44),
(496, 24, '2024-01-15', 56, 45),
(497, 20, '2024-01-15', 56, 46),
(498, 27, '2024-01-15', 56, 47),
(499, 34, '2024-01-15', 56, 48),
(500, 10, '2024-01-15', 56, 49),
(501, 25, '2024-01-15', 56, 50),
(502, 16, '2024-01-15', 56, 51),
(503, 8, '2024-01-15', 56, 52),
(504, 28, '2024-01-15', 56, 53),
(505, 37, '2024-01-15', 56, 54),
(506, 22, '2024-01-15', 56, 55),
(507, 38, '2024-01-15', 56, 57),
(508, 8, '2024-01-15', 57, 35),
(509, 2, '2024-01-15', 57, 36),
(510, 23, '2024-01-15', 57, 37),
(511, 32, '2024-01-15', 57, 38),
(512, 11, '2024-01-15', 57, 39),
(513, 36, '2024-01-15', 57, 40),
(514, 32, '2024-01-15', 57, 41),
(515, 12, '2024-01-15', 57, 42),
(516, 2, '2024-01-15', 57, 43),
(517, 11, '2024-01-15', 57, 44),
(518, 10, '2024-01-15', 57, 45),
(519, 15, '2024-01-15', 57, 46),
(520, 8, '2024-01-15', 57, 47),
(521, 31, '2024-01-15', 57, 48),
(522, 15, '2024-01-15', 57, 49),
(523, 22, '2024-01-15', 57, 50),
(524, 25, '2024-01-15', 57, 51),
(525, 20, '2024-01-15', 57, 52),
(526, 23, '2024-01-15', 57, 53),
(527, 17, '2024-01-15', 57, 54),
(528, 16, '2024-01-15', 57, 55),
(529, 29, '2024-01-15', 57, 56),
(530, 19, '2024-01-15', 58, 59),
(531, 5, '2024-01-15', 58, 60),
(532, 9, '2024-01-15', 58, 61),
(533, 30, '2024-01-15', 58, 62),
(534, 6, '2024-01-15', 58, 63),
(535, 15, '2024-01-15', 58, 64),
(536, 20, '2024-01-15', 58, 65),
(537, 13, '2024-01-15', 58, 66),
(538, 7, '2024-01-15', 58, 67),
(539, 32, '2024-01-15', 58, 68),
(540, 21, '2024-01-15', 58, 69),
(541, 8, '2024-01-15', 58, 70),
(542, 17, '2024-01-15', 58, 71),
(543, 19, '2024-01-15', 58, 72),
(544, 7, '2024-01-15', 58, 73),
(545, 17, '2024-01-15', 58, 74),
(546, 22, '2024-01-15', 58, 75),
(547, 21, '2024-01-15', 58, 76),
(548, 37, '2024-01-15', 58, 77),
(549, 4, '2024-01-15', 58, 78),
(550, 27, '2024-01-15', 58, 79),
(551, 7, '2024-01-15', 58, 80),
(552, 30, '2024-01-15', 59, 58),
(553, 12, '2024-01-15', 59, 60),
(554, 8, '2024-01-15', 59, 61),
(555, 4, '2024-01-15', 59, 62),
(556, 34, '2024-01-15', 59, 63),
(557, 3, '2024-01-15', 59, 64),
(558, 27, '2024-01-15', 59, 65),
(559, 11, '2024-01-15', 59, 66),
(560, 13, '2024-01-15', 59, 67),
(561, 33, '2024-01-15', 59, 68),
(562, 5, '2024-01-15', 59, 69),
(563, 3, '2024-01-15', 59, 70),
(564, 1, '2024-01-15', 59, 71),
(565, 36, '2024-01-15', 59, 72),
(566, 21, '2024-01-15', 59, 73),
(567, 34, '2024-01-15', 59, 74),
(568, 29, '2024-01-15', 59, 75),
(569, 1, '2024-01-15', 59, 76),
(570, 37, '2024-01-15', 59, 77),
(571, 25, '2024-01-15', 59, 78),
(572, 13, '2024-01-15', 59, 79),
(573, 28, '2024-01-15', 59, 80),
(574, 25, '2024-01-15', 60, 58),
(575, 37, '2024-01-15', 60, 59),
(576, 34, '2024-01-15', 60, 61),
(577, 21, '2024-01-15', 60, 62),
(578, 38, '2024-01-15', 60, 63),
(579, 11, '2024-01-15', 60, 64),
(580, 17, '2024-01-15', 60, 65),
(581, 15, '2024-01-15', 60, 66),
(582, 22, '2024-01-15', 60, 67),
(583, 27, '2024-01-15', 60, 68),
(584, 31, '2024-01-15', 60, 69),
(585, 31, '2024-01-15', 60, 70),
(586, 26, '2024-01-15', 60, 71),
(587, 33, '2024-01-15', 60, 72),
(588, 10, '2024-01-15', 60, 73),
(589, 29, '2024-01-15', 60, 74),
(590, 38, '2024-01-15', 60, 75),
(591, 22, '2024-01-15', 60, 76),
(592, 36, '2024-01-15', 60, 77),
(593, 33, '2024-01-15', 60, 78),
(594, 20, '2024-01-15', 60, 79),
(595, 1, '2024-01-15', 60, 80),
(596, 20, '2024-01-15', 61, 58),
(597, 21, '2024-01-15', 61, 59),
(598, 7, '2024-01-15', 61, 60),
(599, 7, '2024-01-15', 61, 62),
(600, 14, '2024-01-15', 61, 63),
(601, 12, '2024-01-15', 61, 64),
(602, 15, '2024-01-15', 61, 65),
(603, 1, '2024-01-15', 61, 66),
(604, 36, '2024-01-15', 61, 67),
(605, 23, '2024-01-15', 61, 68),
(606, 5, '2024-01-15', 61, 69),
(607, 32, '2024-01-15', 61, 70),
(608, 29, '2024-01-15', 61, 71),
(609, 11, '2024-01-15', 61, 72),
(610, 6, '2024-01-15', 61, 73),
(611, 34, '2024-01-15', 61, 74),
(612, 37, '2024-01-15', 61, 75),
(613, 2, '2024-01-15', 61, 76),
(614, 18, '2024-01-15', 61, 77),
(615, 4, '2024-01-15', 61, 78),
(616, 5, '2024-01-15', 61, 79),
(617, 12, '2024-01-15', 61, 80),
(618, 7, '2024-01-15', 62, 58),
(619, 35, '2024-01-15', 62, 59),
(620, 38, '2024-01-15', 62, 60),
(621, 8, '2024-01-15', 62, 61),
(622, 3, '2024-01-15', 62, 63),
(623, 28, '2024-01-15', 62, 64),
(624, 13, '2024-01-15', 62, 65),
(625, 22, '2024-01-15', 62, 66),
(626, 29, '2024-01-15', 62, 67),
(627, 3, '2024-01-15', 62, 68),
(628, 3, '2024-01-15', 62, 69),
(629, 5, '2024-01-15', 62, 70),
(630, 18, '2024-01-15', 62, 71),
(631, 35, '2024-01-15', 62, 72),
(632, 3, '2024-01-15', 62, 73),
(633, 28, '2024-01-15', 62, 74),
(634, 12, '2024-01-15', 62, 75),
(635, 14, '2024-01-15', 62, 76),
(636, 36, '2024-01-15', 62, 77),
(637, 19, '2024-01-15', 62, 78),
(638, 27, '2024-01-15', 62, 79),
(639, 37, '2024-01-15', 62, 80),
(640, 25, '2024-01-15', 63, 58),
(641, 13, '2024-01-15', 63, 59),
(642, 29, '2024-01-15', 63, 60),
(643, 28, '2024-01-15', 63, 61),
(644, 13, '2024-01-15', 63, 62),
(645, 21, '2024-01-15', 63, 64),
(646, 26, '2024-01-15', 63, 65),
(647, 28, '2024-01-15', 63, 66),
(648, 21, '2024-01-15', 63, 67),
(649, 22, '2024-01-15', 63, 68),
(650, 8, '2024-01-15', 63, 69),
(651, 11, '2024-01-15', 63, 70),
(652, 33, '2024-01-15', 63, 71),
(653, 11, '2024-01-15', 63, 72),
(654, 37, '2024-01-15', 63, 73),
(655, 31, '2024-01-15', 63, 74),
(656, 8, '2024-01-15', 63, 75),
(657, 22, '2024-01-15', 63, 76),
(658, 10, '2024-01-15', 63, 77),
(659, 23, '2024-01-15', 63, 78),
(660, 4, '2024-01-15', 63, 79),
(661, 29, '2024-01-15', 63, 80),
(662, 17, '2024-01-15', 64, 58),
(663, 34, '2024-01-15', 64, 59),
(664, 3, '2024-01-15', 64, 60),
(665, 29, '2024-01-15', 64, 61),
(666, 20, '2024-01-15', 64, 62),
(667, 12, '2024-01-15', 64, 63),
(668, 38, '2024-01-15', 64, 65),
(669, 38, '2024-01-15', 64, 66),
(670, 36, '2024-01-15', 64, 67),
(671, 27, '2024-01-15', 64, 68),
(672, 27, '2024-01-15', 64, 69),
(673, 15, '2024-01-15', 64, 70),
(674, 31, '2024-01-15', 64, 71),
(675, 30, '2024-01-15', 64, 72),
(676, 19, '2024-01-15', 64, 73),
(677, 3, '2024-01-15', 64, 74),
(678, 38, '2024-01-15', 64, 75),
(679, 24, '2024-01-15', 64, 76),
(680, 4, '2024-01-15', 64, 77),
(681, 28, '2024-01-15', 64, 78),
(682, 7, '2024-01-15', 64, 79),
(683, 31, '2024-01-15', 64, 80),
(684, 17, '2024-01-15', 65, 58),
(685, 31, '2024-01-15', 65, 59),
(686, 27, '2024-01-15', 65, 60),
(687, 38, '2024-01-15', 65, 61),
(688, 32, '2024-01-15', 65, 62),
(689, 8, '2024-01-15', 65, 63),
(690, 18, '2024-01-15', 65, 64),
(691, 30, '2024-01-15', 65, 66),
(692, 14, '2024-01-15', 65, 67),
(693, 21, '2024-01-15', 65, 68),
(694, 23, '2024-01-15', 65, 69),
(695, 12, '2024-01-15', 65, 70),
(696, 28, '2024-01-15', 65, 71),
(697, 25, '2024-01-15', 65, 72),
(698, 4, '2024-01-15', 65, 73),
(699, 23, '2024-01-15', 65, 74),
(700, 23, '2024-01-15', 65, 75),
(701, 6, '2024-01-15', 65, 76),
(702, 2, '2024-01-15', 65, 77),
(703, 29, '2024-01-15', 65, 78),
(704, 19, '2024-01-15', 65, 79),
(705, 11, '2024-01-15', 65, 80),
(706, 37, '2024-01-15', 66, 58),
(707, 34, '2024-01-15', 66, 59),
(708, 20, '2024-01-15', 66, 60),
(709, 35, '2024-01-15', 66, 61),
(710, 39, '2024-01-15', 66, 62),
(711, 10, '2024-01-15', 66, 63),
(712, 9, '2024-01-15', 66, 64),
(713, 17, '2024-01-15', 66, 65),
(714, 20, '2024-01-15', 66, 67),
(715, 6, '2024-01-15', 66, 68),
(716, 10, '2024-01-15', 66, 69),
(717, 29, '2024-01-15', 66, 70),
(718, 1, '2024-01-15', 66, 71),
(719, 33, '2024-01-15', 66, 72),
(720, 6, '2024-01-15', 66, 73),
(721, 8, '2024-01-15', 66, 74),
(722, 22, '2024-01-15', 66, 75),
(723, 9, '2024-01-15', 66, 76),
(724, 16, '2024-01-15', 66, 77),
(725, 13, '2024-01-15', 66, 78),
(726, 15, '2024-01-15', 66, 79),
(727, 37, '2024-01-15', 66, 80),
(728, 22, '2024-01-15', 67, 58),
(729, 36, '2024-01-15', 67, 59),
(730, 37, '2024-01-15', 67, 60),
(731, 37, '2024-01-15', 67, 61),
(732, 36, '2024-01-15', 67, 62),
(733, 30, '2024-01-15', 67, 63),
(734, 3, '2024-01-15', 67, 64),
(735, 3, '2024-01-15', 67, 65),
(736, 6, '2024-01-15', 67, 66),
(737, 21, '2024-01-15', 67, 68),
(738, 5, '2024-01-15', 67, 69),
(739, 3, '2024-01-15', 67, 70),
(740, 39, '2024-01-15', 67, 71),
(741, 29, '2024-01-15', 67, 72),
(742, 29, '2024-01-15', 67, 73),
(743, 18, '2024-01-15', 67, 74),
(744, 1, '2024-01-15', 67, 75),
(745, 29, '2024-01-15', 67, 76),
(746, 26, '2024-01-15', 67, 77),
(747, 2, '2024-01-15', 67, 78),
(748, 9, '2024-01-15', 67, 79),
(749, 1, '2024-01-15', 67, 80),
(750, 17, '2024-01-15', 68, 58),
(751, 3, '2024-01-15', 68, 59),
(752, 4, '2024-01-15', 68, 60),
(753, 11, '2024-01-15', 68, 61),
(754, 3, '2024-01-15', 68, 62),
(755, 18, '2024-01-15', 68, 63),
(756, 5, '2024-01-15', 68, 64),
(757, 8, '2024-01-15', 68, 65),
(758, 24, '2024-01-15', 68, 66),
(759, 18, '2024-01-15', 68, 67),
(760, 16, '2024-01-15', 68, 69),
(761, 25, '2024-01-15', 68, 70),
(762, 1, '2024-01-15', 68, 71),
(763, 7, '2024-01-15', 68, 72),
(764, 33, '2024-01-15', 68, 73),
(765, 23, '2024-01-15', 68, 74),
(766, 19, '2024-01-15', 68, 75),
(767, 25, '2024-01-15', 68, 76),
(768, 26, '2024-01-15', 68, 77),
(769, 17, '2024-01-15', 68, 78),
(770, 5, '2024-01-15', 68, 79),
(771, 14, '2024-01-15', 68, 80),
(772, 16, '2024-01-15', 69, 58),
(773, 38, '2024-01-15', 69, 59),
(774, 22, '2024-01-15', 69, 60),
(775, 35, '2024-01-15', 69, 61),
(776, 31, '2024-01-15', 69, 62),
(777, 12, '2024-01-15', 69, 63),
(778, 3, '2024-01-15', 69, 64),
(779, 19, '2024-01-15', 69, 65),
(780, 6, '2024-01-15', 69, 66),
(781, 10, '2024-01-15', 69, 67),
(782, 34, '2024-01-15', 69, 68),
(783, 23, '2024-01-15', 69, 70),
(784, 14, '2024-01-15', 69, 71),
(785, 36, '2024-01-15', 69, 72),
(786, 21, '2024-01-15', 69, 73),
(787, 36, '2024-01-15', 69, 74),
(788, 39, '2024-01-15', 69, 75),
(789, 9, '2024-01-15', 69, 76),
(790, 6, '2024-01-15', 69, 77),
(791, 39, '2024-01-15', 69, 78),
(792, 23, '2024-01-15', 69, 79),
(793, 38, '2024-01-15', 69, 80),
(794, 39, '2024-01-15', 70, 58),
(795, 5, '2024-01-15', 70, 59),
(796, 24, '2024-01-15', 70, 60),
(797, 28, '2024-01-15', 70, 61),
(798, 27, '2024-01-15', 70, 62),
(799, 14, '2024-01-15', 70, 63),
(800, 24, '2024-01-15', 70, 64),
(801, 1, '2024-01-15', 70, 65),
(802, 10, '2024-01-15', 70, 66),
(803, 10, '2024-01-15', 70, 67),
(804, 17, '2024-01-15', 70, 68),
(805, 14, '2024-01-15', 70, 69),
(806, 22, '2024-01-15', 70, 71),
(807, 26, '2024-01-15', 70, 72),
(808, 25, '2024-01-15', 70, 73),
(809, 7, '2024-01-15', 70, 74),
(810, 38, '2024-01-15', 70, 75),
(811, 12, '2024-01-15', 70, 76),
(812, 25, '2024-01-15', 70, 77),
(813, 11, '2024-01-15', 70, 78),
(814, 16, '2024-01-15', 70, 79),
(815, 10, '2024-01-15', 70, 80),
(816, 38, '2024-01-15', 71, 58),
(817, 3, '2024-01-15', 71, 59),
(818, 18, '2024-01-15', 71, 60),
(819, 2, '2024-01-15', 71, 61),
(820, 36, '2024-01-15', 71, 62),
(821, 15, '2024-01-15', 71, 63),
(822, 7, '2024-01-15', 71, 64),
(823, 29, '2024-01-15', 71, 65),
(824, 7, '2024-01-15', 71, 66),
(825, 26, '2024-01-15', 71, 67),
(826, 28, '2024-01-15', 71, 68),
(827, 25, '2024-01-15', 71, 69),
(828, 1, '2024-01-15', 71, 70),
(829, 8, '2024-01-15', 71, 72),
(830, 34, '2024-01-15', 71, 73),
(831, 31, '2024-01-15', 71, 74),
(832, 13, '2024-01-15', 71, 75),
(833, 10, '2024-01-15', 71, 76),
(834, 12, '2024-01-15', 71, 77),
(835, 27, '2024-01-15', 71, 78),
(836, 23, '2024-01-15', 71, 79),
(837, 35, '2024-01-15', 71, 80),
(838, 24, '2024-01-15', 72, 58),
(839, 17, '2024-01-15', 72, 59),
(840, 13, '2024-01-15', 72, 60),
(841, 14, '2024-01-15', 72, 61),
(842, 29, '2024-01-15', 72, 62),
(843, 25, '2024-01-15', 72, 63),
(844, 38, '2024-01-15', 72, 64),
(845, 34, '2024-01-15', 72, 65),
(846, 19, '2024-01-15', 72, 66),
(847, 30, '2024-01-15', 72, 67),
(848, 17, '2024-01-15', 72, 68),
(849, 31, '2024-01-15', 72, 69),
(850, 27, '2024-01-15', 72, 70),
(851, 4, '2024-01-15', 72, 71),
(852, 14, '2024-01-15', 72, 73),
(853, 19, '2024-01-15', 72, 74),
(854, 14, '2024-01-15', 72, 75),
(855, 10, '2024-01-15', 72, 76),
(856, 10, '2024-01-15', 72, 77),
(857, 19, '2024-01-15', 72, 78),
(858, 25, '2024-01-15', 72, 79),
(859, 30, '2024-01-15', 72, 80),
(860, 37, '2024-01-15', 73, 58),
(861, 14, '2024-01-15', 73, 59),
(862, 35, '2024-01-15', 73, 60),
(863, 18, '2024-01-15', 73, 61),
(864, 24, '2024-01-15', 73, 62),
(865, 27, '2024-01-15', 73, 63),
(866, 24, '2024-01-15', 73, 64),
(867, 39, '2024-01-15', 73, 65),
(868, 2, '2024-01-15', 73, 66),
(869, 13, '2024-01-15', 73, 67),
(870, 19, '2024-01-15', 73, 68),
(871, 15, '2024-01-15', 73, 69),
(872, 18, '2024-01-15', 73, 70),
(873, 4, '2024-01-15', 73, 71),
(874, 5, '2024-01-15', 73, 72),
(875, 11, '2024-01-15', 73, 74),
(876, 4, '2024-01-15', 73, 75),
(877, 23, '2024-01-15', 73, 76),
(878, 26, '2024-01-15', 73, 77),
(879, 22, '2024-01-15', 73, 78),
(880, 30, '2024-01-15', 73, 79),
(881, 7, '2024-01-15', 73, 80),
(882, 20, '2024-01-15', 74, 58),
(883, 4, '2024-01-15', 74, 59),
(884, 34, '2024-01-15', 74, 60),
(885, 4, '2024-01-15', 74, 61),
(886, 34, '2024-01-15', 74, 62),
(887, 1, '2024-01-15', 74, 63),
(888, 19, '2024-01-15', 74, 64),
(889, 16, '2024-01-15', 74, 65),
(890, 19, '2024-01-15', 74, 66),
(891, 10, '2024-01-15', 74, 67),
(892, 32, '2024-01-15', 74, 68),
(893, 10, '2024-01-15', 74, 69),
(894, 31, '2024-01-15', 74, 70),
(895, 10, '2024-01-15', 74, 71),
(896, 33, '2024-01-15', 74, 72),
(897, 17, '2024-01-15', 74, 73),
(898, 26, '2024-01-15', 74, 75),
(899, 37, '2024-01-15', 74, 76),
(900, 29, '2024-01-15', 74, 77),
(901, 33, '2024-01-15', 74, 78),
(902, 38, '2024-01-15', 74, 79),
(903, 13, '2024-01-15', 74, 80),
(904, 27, '2024-01-15', 75, 58),
(905, 21, '2024-01-15', 75, 59),
(906, 20, '2024-01-15', 75, 60),
(907, 37, '2024-01-15', 75, 61),
(908, 10, '2024-01-15', 75, 62),
(909, 15, '2024-01-15', 75, 63),
(910, 7, '2024-01-15', 75, 64),
(911, 27, '2024-01-15', 75, 65),
(912, 35, '2024-01-15', 75, 66),
(913, 17, '2024-01-15', 75, 67),
(914, 20, '2024-01-15', 75, 68),
(915, 8, '2024-01-15', 75, 69),
(916, 17, '2024-01-15', 75, 70),
(917, 24, '2024-01-15', 75, 71),
(918, 30, '2024-01-15', 75, 72),
(919, 36, '2024-01-15', 75, 73),
(920, 12, '2024-01-15', 75, 74),
(921, 29, '2024-01-15', 75, 76),
(922, 30, '2024-01-15', 75, 77),
(923, 23, '2024-01-15', 75, 78),
(924, 25, '2024-01-15', 75, 79),
(925, 15, '2024-01-15', 75, 80),
(926, 1, '2024-01-15', 76, 58),
(927, 38, '2024-01-15', 76, 59),
(928, 31, '2024-01-15', 76, 60),
(929, 2, '2024-01-15', 76, 61),
(930, 34, '2024-01-15', 76, 62),
(931, 6, '2024-01-15', 76, 63),
(932, 8, '2024-01-15', 76, 64),
(933, 18, '2024-01-15', 76, 65),
(934, 28, '2024-01-15', 76, 66),
(935, 6, '2024-01-15', 76, 67),
(936, 24, '2024-01-15', 76, 68),
(937, 22, '2024-01-15', 76, 69),
(938, 1, '2024-01-15', 76, 70),
(939, 16, '2024-01-15', 76, 71),
(940, 38, '2024-01-15', 76, 72),
(941, 23, '2024-01-15', 76, 73),
(942, 3, '2024-01-15', 76, 74),
(943, 20, '2024-01-15', 76, 75),
(944, 15, '2024-01-15', 76, 77),
(945, 16, '2024-01-15', 76, 78),
(946, 32, '2024-01-15', 76, 79),
(947, 36, '2024-01-15', 76, 80),
(948, 3, '2024-01-15', 77, 58),
(949, 22, '2024-01-15', 77, 59),
(950, 26, '2024-01-15', 77, 60),
(951, 23, '2024-01-15', 77, 61),
(952, 38, '2024-01-15', 77, 62),
(953, 3, '2024-01-15', 77, 63),
(954, 19, '2024-01-15', 77, 64),
(955, 8, '2024-01-15', 77, 65),
(956, 18, '2024-01-15', 77, 66),
(957, 30, '2024-01-15', 77, 67),
(958, 14, '2024-01-15', 77, 68),
(959, 22, '2024-01-15', 77, 69),
(960, 25, '2024-01-15', 77, 70),
(961, 21, '2024-01-15', 77, 71),
(962, 31, '2024-01-15', 77, 72),
(963, 13, '2024-01-15', 77, 73),
(964, 12, '2024-01-15', 77, 74),
(965, 19, '2024-01-15', 77, 75),
(966, 21, '2024-01-15', 77, 76),
(967, 9, '2024-01-15', 77, 78),
(968, 20, '2024-01-15', 77, 79),
(969, 35, '2024-01-15', 77, 80),
(970, 36, '2024-01-15', 78, 58),
(971, 37, '2024-01-15', 78, 59),
(972, 35, '2024-01-15', 78, 60),
(973, 23, '2024-01-15', 78, 61),
(974, 12, '2024-01-15', 78, 62),
(975, 28, '2024-01-15', 78, 63),
(976, 28, '2024-01-15', 78, 64),
(977, 16, '2024-01-15', 78, 65),
(978, 35, '2024-01-15', 78, 66),
(979, 7, '2024-01-15', 78, 67),
(980, 9, '2024-01-15', 78, 68),
(981, 23, '2024-01-15', 78, 69),
(982, 10, '2024-01-15', 78, 70),
(983, 20, '2024-01-15', 78, 71),
(984, 29, '2024-01-15', 78, 72),
(985, 9, '2024-01-15', 78, 73),
(986, 34, '2024-01-15', 78, 74),
(987, 24, '2024-01-15', 78, 75),
(988, 18, '2024-01-15', 78, 76),
(989, 17, '2024-01-15', 78, 77),
(990, 31, '2024-01-15', 78, 79),
(991, 25, '2024-01-15', 78, 80),
(992, 31, '2024-01-15', 79, 58),
(993, 4, '2024-01-15', 79, 59),
(994, 4, '2024-01-15', 79, 60),
(995, 6, '2024-01-15', 79, 61),
(996, 19, '2024-01-15', 79, 62),
(997, 36, '2024-01-15', 79, 63),
(998, 5, '2024-01-15', 79, 64),
(999, 36, '2024-01-15', 79, 65),
(1000, 6, '2024-01-15', 79, 66),
(1001, 2, '2024-01-15', 79, 67),
(1002, 28, '2024-01-15', 79, 68),
(1003, 19, '2024-01-15', 79, 69),
(1004, 10, '2024-01-15', 79, 70),
(1005, 31, '2024-01-15', 79, 71),
(1006, 8, '2024-01-15', 79, 72),
(1007, 23, '2024-01-15', 79, 73),
(1008, 11, '2024-01-15', 79, 74),
(1009, 28, '2024-01-15', 79, 75),
(1010, 26, '2024-01-15', 79, 76),
(1011, 8, '2024-01-15', 79, 77),
(1012, 1, '2024-01-15', 79, 78),
(1013, 19, '2024-01-15', 79, 80),
(1014, 13, '2024-01-15', 80, 58),
(1015, 9, '2024-01-15', 80, 59),
(1016, 5, '2024-01-15', 80, 60),
(1017, 34, '2024-01-15', 80, 61),
(1018, 2, '2024-01-15', 80, 62),
(1019, 23, '2024-01-15', 80, 63),
(1020, 30, '2024-01-15', 80, 64),
(1021, 1, '2024-01-15', 80, 65),
(1022, 35, '2024-01-15', 80, 66),
(1023, 13, '2024-01-15', 80, 67),
(1024, 1, '2024-01-15', 80, 68),
(1025, 1, '2024-01-15', 80, 69),
(1026, 4, '2024-01-15', 80, 70),
(1027, 15, '2024-01-15', 80, 71),
(1028, 25, '2024-01-15', 80, 72),
(1029, 38, '2024-01-15', 80, 73),
(1030, 38, '2024-01-15', 80, 74),
(1031, 36, '2024-01-15', 80, 75),
(1032, 28, '2024-01-15', 80, 76),
(1033, 30, '2024-01-15', 80, 77),
(1034, 27, '2024-01-15', 80, 78),
(1035, 5, '2024-01-15', 80, 79),
(1036, 22, '2024-01-15', 81, 82),
(1037, 17, '2024-01-15', 81, 83),
(1038, 17, '2024-01-15', 81, 84),
(1039, 34, '2024-01-15', 81, 85),
(1040, 2, '2024-01-15', 81, 86),
(1041, 26, '2024-01-15', 81, 87),
(1042, 3, '2024-01-15', 81, 88),
(1043, 18, '2024-01-15', 81, 89),
(1044, 38, '2024-01-15', 81, 90),
(1045, 21, '2024-01-15', 81, 91),
(1046, 28, '2024-01-15', 81, 92),
(1047, 39, '2024-01-15', 81, 93),
(1048, 30, '2024-01-15', 81, 94),
(1049, 33, '2024-01-15', 81, 95),
(1050, 37, '2024-01-15', 81, 96),
(1051, 7, '2024-01-15', 81, 97),
(1052, 39, '2024-01-15', 81, 98),
(1053, 18, '2024-01-15', 81, 99),
(1054, 11, '2024-01-15', 81, 100),
(1055, 3, '2024-01-15', 81, 101),
(1056, 20, '2024-01-15', 81, 102),
(1057, 10, '2024-01-15', 81, 103),
(1058, 30, '2024-01-15', 82, 81),
(1059, 4, '2024-01-15', 82, 83),
(1060, 6, '2024-01-15', 82, 84),
(1061, 19, '2024-01-15', 82, 85),
(1062, 38, '2024-01-15', 82, 86),
(1063, 15, '2024-01-15', 82, 87),
(1064, 1, '2024-01-15', 82, 88),
(1065, 34, '2024-01-15', 82, 89),
(1066, 14, '2024-01-15', 82, 90),
(1067, 5, '2024-01-15', 82, 91),
(1068, 22, '2024-01-15', 82, 92),
(1069, 18, '2024-01-15', 82, 93),
(1070, 21, '2024-01-15', 82, 94),
(1071, 11, '2024-01-15', 82, 95),
(1072, 32, '2024-01-15', 82, 96),
(1073, 8, '2024-01-15', 82, 97),
(1074, 24, '2024-01-15', 82, 98),
(1075, 17, '2024-01-15', 82, 99),
(1076, 11, '2024-01-15', 82, 100),
(1077, 4, '2024-01-15', 82, 101),
(1078, 27, '2024-01-15', 82, 102),
(1079, 3, '2024-01-15', 82, 103),
(1080, 12, '2024-01-15', 83, 81),
(1081, 12, '2024-01-15', 83, 82),
(1082, 24, '2024-01-15', 83, 84),
(1083, 6, '2024-01-15', 83, 85),
(1084, 33, '2024-01-15', 83, 86),
(1085, 33, '2024-01-15', 83, 87),
(1086, 24, '2024-01-15', 83, 88),
(1087, 19, '2024-01-15', 83, 89),
(1088, 24, '2024-01-15', 83, 90),
(1089, 24, '2024-01-15', 83, 91),
(1090, 9, '2024-01-15', 83, 92),
(1091, 10, '2024-01-15', 83, 93),
(1092, 23, '2024-01-15', 83, 94),
(1093, 8, '2024-01-15', 83, 95),
(1094, 8, '2024-01-15', 83, 96),
(1095, 17, '2024-01-15', 83, 97),
(1096, 20, '2024-01-15', 83, 98),
(1097, 10, '2024-01-15', 83, 99),
(1098, 28, '2024-01-15', 83, 100),
(1099, 31, '2024-01-15', 83, 101),
(1100, 31, '2024-01-15', 83, 102),
(1101, 23, '2024-01-15', 83, 103),
(1102, 21, '2024-01-15', 84, 81),
(1103, 37, '2024-01-15', 84, 82),
(1104, 3, '2024-01-15', 84, 83),
(1105, 23, '2024-01-15', 84, 85),
(1106, 26, '2024-01-15', 84, 86),
(1107, 23, '2024-01-15', 84, 87),
(1108, 37, '2024-01-15', 84, 88),
(1109, 36, '2024-01-15', 84, 89),
(1110, 29, '2024-01-15', 84, 90),
(1111, 36, '2024-01-15', 84, 91),
(1112, 16, '2024-01-15', 84, 92),
(1113, 10, '2024-01-15', 84, 93),
(1114, 39, '2024-01-15', 84, 94),
(1115, 9, '2024-01-15', 84, 95),
(1116, 7, '2024-01-15', 84, 96),
(1117, 6, '2024-01-15', 84, 97),
(1118, 7, '2024-01-15', 84, 98),
(1119, 19, '2024-01-15', 84, 99),
(1120, 33, '2024-01-15', 84, 100),
(1121, 31, '2024-01-15', 84, 101),
(1122, 18, '2024-01-15', 84, 102),
(1123, 32, '2024-01-15', 84, 103),
(1124, 29, '2024-01-15', 85, 81),
(1125, 8, '2024-01-15', 85, 82),
(1126, 34, '2024-01-15', 85, 83),
(1127, 25, '2024-01-15', 85, 84),
(1128, 24, '2024-01-15', 85, 86),
(1129, 4, '2024-01-15', 85, 87),
(1130, 26, '2024-01-15', 85, 88),
(1131, 3, '2024-01-15', 85, 89),
(1132, 12, '2024-01-15', 85, 90),
(1133, 14, '2024-01-15', 85, 91),
(1134, 31, '2024-01-15', 85, 92),
(1135, 35, '2024-01-15', 85, 93),
(1136, 2, '2024-01-15', 85, 94),
(1137, 24, '2024-01-15', 85, 95),
(1138, 33, '2024-01-15', 85, 96),
(1139, 15, '2024-01-15', 85, 97),
(1140, 17, '2024-01-15', 85, 98),
(1141, 36, '2024-01-15', 85, 99),
(1142, 14, '2024-01-15', 85, 100),
(1143, 1, '2024-01-15', 85, 101),
(1144, 1, '2024-01-15', 85, 102),
(1145, 3, '2024-01-15', 85, 103),
(1146, 11, '2024-01-15', 86, 81),
(1147, 6, '2024-01-15', 86, 82),
(1148, 35, '2024-01-15', 86, 83),
(1149, 38, '2024-01-15', 86, 84),
(1150, 9, '2024-01-15', 86, 85),
(1151, 8, '2024-01-15', 86, 87),
(1152, 14, '2024-01-15', 86, 88),
(1153, 7, '2024-01-15', 86, 89),
(1154, 29, '2024-01-15', 86, 90),
(1155, 8, '2024-01-15', 86, 91),
(1156, 31, '2024-01-15', 86, 92),
(1157, 13, '2024-01-15', 86, 93),
(1158, 13, '2024-01-15', 86, 94),
(1159, 22, '2024-01-15', 86, 95),
(1160, 31, '2024-01-15', 86, 96),
(1161, 12, '2024-01-15', 86, 97),
(1162, 5, '2024-01-15', 86, 98),
(1163, 27, '2024-01-15', 86, 99),
(1164, 5, '2024-01-15', 86, 100),
(1165, 19, '2024-01-15', 86, 101),
(1166, 2, '2024-01-15', 86, 102),
(1167, 32, '2024-01-15', 86, 103),
(1168, 35, '2024-01-15', 87, 81),
(1169, 39, '2024-01-15', 87, 82),
(1170, 14, '2024-01-15', 87, 83),
(1171, 30, '2024-01-15', 87, 84),
(1172, 29, '2024-01-15', 87, 85),
(1173, 14, '2024-01-15', 87, 86),
(1174, 23, '2024-01-15', 87, 88),
(1175, 34, '2024-01-15', 87, 89),
(1176, 23, '2024-01-15', 87, 90),
(1177, 10, '2024-01-15', 87, 91),
(1178, 23, '2024-01-15', 87, 92),
(1179, 3, '2024-01-15', 87, 93),
(1180, 24, '2024-01-15', 87, 94),
(1181, 35, '2024-01-15', 87, 95),
(1182, 22, '2024-01-15', 87, 96),
(1183, 6, '2024-01-15', 87, 97),
(1184, 2, '2024-01-15', 87, 98),
(1185, 29, '2024-01-15', 87, 99),
(1186, 24, '2024-01-15', 87, 100),
(1187, 30, '2024-01-15', 87, 101),
(1188, 38, '2024-01-15', 87, 102),
(1189, 21, '2024-01-15', 87, 103),
(1190, 29, '2024-01-15', 88, 81),
(1191, 5, '2024-01-15', 88, 82),
(1192, 14, '2024-01-15', 88, 83),
(1193, 14, '2024-01-15', 88, 84),
(1194, 30, '2024-01-15', 88, 85),
(1195, 30, '2024-01-15', 88, 86),
(1196, 18, '2024-01-15', 88, 87),
(1197, 39, '2024-01-15', 88, 89),
(1198, 23, '2024-01-15', 88, 90),
(1199, 36, '2024-01-15', 88, 91),
(1200, 35, '2024-01-15', 88, 92),
(1201, 25, '2024-01-15', 88, 93),
(1202, 19, '2024-01-15', 88, 94),
(1203, 20, '2024-01-15', 88, 95),
(1204, 5, '2024-01-15', 88, 96),
(1205, 3, '2024-01-15', 88, 97),
(1206, 38, '2024-01-15', 88, 98),
(1207, 26, '2024-01-15', 88, 99),
(1208, 13, '2024-01-15', 88, 100),
(1209, 25, '2024-01-15', 88, 101),
(1210, 9, '2024-01-15', 88, 102),
(1211, 10, '2024-01-15', 88, 103),
(1212, 23, '2024-01-15', 89, 81),
(1213, 4, '2024-01-15', 89, 82),
(1214, 28, '2024-01-15', 89, 83),
(1215, 13, '2024-01-15', 89, 84),
(1216, 16, '2024-01-15', 89, 85),
(1217, 5, '2024-01-15', 89, 86),
(1218, 14, '2024-01-15', 89, 87),
(1219, 16, '2024-01-15', 89, 88),
(1220, 39, '2024-01-15', 89, 90),
(1221, 27, '2024-01-15', 89, 91),
(1222, 20, '2024-01-15', 89, 92),
(1223, 17, '2024-01-15', 89, 93),
(1224, 25, '2024-01-15', 89, 94),
(1225, 35, '2024-01-15', 89, 95),
(1226, 23, '2024-01-15', 89, 96),
(1227, 8, '2024-01-15', 89, 97),
(1228, 8, '2024-01-15', 89, 98),
(1229, 18, '2024-01-15', 89, 99),
(1230, 24, '2024-01-15', 89, 100),
(1231, 29, '2024-01-15', 89, 101),
(1232, 31, '2024-01-15', 89, 102),
(1233, 32, '2024-01-15', 89, 103),
(1234, 24, '2024-01-15', 90, 81),
(1235, 25, '2024-01-15', 90, 82),
(1236, 13, '2024-01-15', 90, 83),
(1237, 30, '2024-01-15', 90, 84),
(1238, 31, '2024-01-15', 90, 85),
(1239, 27, '2024-01-15', 90, 86),
(1240, 3, '2024-01-15', 90, 87),
(1241, 10, '2024-01-15', 90, 88),
(1242, 39, '2024-01-15', 90, 89),
(1243, 11, '2024-01-15', 90, 91),
(1244, 13, '2024-01-15', 90, 92),
(1245, 31, '2024-01-15', 90, 93),
(1246, 38, '2024-01-15', 90, 94),
(1247, 19, '2024-01-15', 90, 95),
(1248, 20, '2024-01-15', 90, 96),
(1249, 2, '2024-01-15', 90, 97),
(1250, 27, '2024-01-15', 90, 98),
(1251, 12, '2024-01-15', 90, 99),
(1252, 16, '2024-01-15', 90, 100),
(1253, 7, '2024-01-15', 90, 101),
(1254, 26, '2024-01-15', 90, 102),
(1255, 28, '2024-01-15', 90, 103),
(1256, 22, '2024-01-15', 91, 81),
(1257, 28, '2024-01-15', 91, 82),
(1258, 33, '2024-01-15', 91, 83),
(1259, 1, '2024-01-15', 91, 84),
(1260, 24, '2024-01-15', 91, 85),
(1261, 36, '2024-01-15', 91, 86),
(1262, 33, '2024-01-15', 91, 87),
(1263, 16, '2024-01-15', 91, 88),
(1264, 20, '2024-01-15', 91, 89),
(1265, 10, '2024-01-15', 91, 90),
(1266, 31, '2024-01-15', 91, 92),
(1267, 8, '2024-01-15', 91, 93),
(1268, 23, '2024-01-15', 91, 94),
(1269, 14, '2024-01-15', 91, 95),
(1270, 2, '2024-01-15', 91, 96),
(1271, 3, '2024-01-15', 91, 97),
(1272, 12, '2024-01-15', 91, 98),
(1273, 10, '2024-01-15', 91, 99),
(1274, 12, '2024-01-15', 91, 100),
(1275, 32, '2024-01-15', 91, 101),
(1276, 4, '2024-01-15', 91, 102),
(1277, 2, '2024-01-15', 91, 103),
(1278, 37, '2024-01-15', 92, 81),
(1279, 23, '2024-01-15', 92, 82),
(1280, 4, '2024-01-15', 92, 83),
(1281, 27, '2024-01-15', 92, 84),
(1282, 8, '2024-01-15', 92, 85),
(1283, 34, '2024-01-15', 92, 86),
(1284, 28, '2024-01-15', 92, 87),
(1285, 1, '2024-01-15', 92, 88),
(1286, 38, '2024-01-15', 92, 89),
(1287, 29, '2024-01-15', 92, 90),
(1288, 31, '2024-01-15', 92, 91),
(1289, 28, '2024-01-15', 92, 93),
(1290, 9, '2024-01-15', 92, 94),
(1291, 38, '2024-01-15', 92, 95),
(1292, 8, '2024-01-15', 92, 96),
(1293, 39, '2024-01-15', 92, 97),
(1294, 17, '2024-01-15', 92, 98),
(1295, 5, '2024-01-15', 92, 99),
(1296, 12, '2024-01-15', 92, 100),
(1297, 7, '2024-01-15', 92, 101),
(1298, 36, '2024-01-15', 92, 102),
(1299, 5, '2024-01-15', 92, 103),
(1300, 31, '2024-01-15', 93, 81),
(1301, 22, '2024-01-15', 93, 82),
(1302, 15, '2024-01-15', 93, 83),
(1303, 12, '2024-01-15', 93, 84),
(1304, 13, '2024-01-15', 93, 85),
(1305, 27, '2024-01-15', 93, 86),
(1306, 21, '2024-01-15', 93, 87),
(1307, 20, '2024-01-15', 93, 88),
(1308, 37, '2024-01-15', 93, 89),
(1309, 8, '2024-01-15', 93, 90),
(1310, 8, '2024-01-15', 93, 91),
(1311, 16, '2024-01-15', 93, 92),
(1312, 16, '2024-01-15', 93, 94),
(1313, 31, '2024-01-15', 93, 95),
(1314, 27, '2024-01-15', 93, 96),
(1315, 5, '2024-01-15', 93, 97),
(1316, 20, '2024-01-15', 93, 98),
(1317, 6, '2024-01-15', 93, 99),
(1318, 10, '2024-01-15', 93, 100),
(1319, 30, '2024-01-15', 93, 101),
(1320, 4, '2024-01-15', 93, 102),
(1321, 8, '2024-01-15', 93, 103),
(1322, 25, '2024-01-15', 94, 81),
(1323, 25, '2024-01-15', 94, 82),
(1324, 9, '2024-01-15', 94, 83),
(1325, 10, '2024-01-15', 94, 84),
(1326, 23, '2024-01-15', 94, 85),
(1327, 8, '2024-01-15', 94, 86),
(1328, 6, '2024-01-15', 94, 87),
(1329, 7, '2024-01-15', 94, 88),
(1330, 16, '2024-01-15', 94, 89),
(1331, 21, '2024-01-15', 94, 90),
(1332, 16, '2024-01-15', 94, 91),
(1333, 16, '2024-01-15', 94, 92),
(1334, 30, '2024-01-15', 94, 93),
(1335, 26, '2024-01-15', 94, 95),
(1336, 37, '2024-01-15', 94, 96),
(1337, 31, '2024-01-15', 94, 97),
(1338, 5, '2024-01-15', 94, 98),
(1339, 10, '2024-01-15', 94, 99),
(1340, 34, '2024-01-15', 94, 100),
(1341, 22, '2024-01-15', 94, 101),
(1342, 9, '2024-01-15', 94, 102),
(1343, 16, '2024-01-15', 94, 103),
(1344, 15, '2024-01-15', 95, 81),
(1345, 27, '2024-01-15', 95, 82),
(1346, 10, '2024-01-15', 95, 83),
(1347, 9, '2024-01-15', 95, 84),
(1348, 14, '2024-01-15', 95, 85),
(1349, 3, '2024-01-15', 95, 86),
(1350, 11, '2024-01-15', 95, 87),
(1351, 5, '2024-01-15', 95, 88),
(1352, 31, '2024-01-15', 95, 89),
(1353, 25, '2024-01-15', 95, 90),
(1354, 31, '2024-01-15', 95, 91),
(1355, 39, '2024-01-15', 95, 92),
(1356, 23, '2024-01-15', 95, 93),
(1357, 39, '2024-01-15', 95, 94),
(1358, 7, '2024-01-15', 95, 96),
(1359, 35, '2024-01-15', 95, 97),
(1360, 38, '2024-01-15', 95, 98),
(1361, 6, '2024-01-15', 95, 99),
(1362, 30, '2024-01-15', 95, 100),
(1363, 17, '2024-01-15', 95, 101),
(1364, 33, '2024-01-15', 95, 102),
(1365, 35, '2024-01-15', 95, 103),
(1366, 38, '2024-01-15', 96, 81),
(1367, 4, '2024-01-15', 96, 82),
(1368, 23, '2024-01-15', 96, 83),
(1369, 25, '2024-01-15', 96, 84),
(1370, 16, '2024-01-15', 96, 85),
(1371, 5, '2024-01-15', 96, 86),
(1372, 16, '2024-01-15', 96, 87),
(1373, 24, '2024-01-15', 96, 88),
(1374, 33, '2024-01-15', 96, 89),
(1375, 17, '2024-01-15', 96, 90),
(1376, 21, '2024-01-15', 96, 91),
(1377, 17, '2024-01-15', 96, 92),
(1378, 22, '2024-01-15', 96, 93),
(1379, 17, '2024-01-15', 96, 94),
(1380, 20, '2024-01-15', 96, 95),
(1381, 10, '2024-01-15', 96, 97),
(1382, 27, '2024-01-15', 96, 98),
(1383, 29, '2024-01-15', 96, 99),
(1384, 24, '2024-01-15', 96, 100),
(1385, 31, '2024-01-15', 96, 101),
(1386, 4, '2024-01-15', 96, 102),
(1387, 4, '2024-01-15', 96, 103),
(1388, 9, '2024-01-15', 97, 81),
(1389, 31, '2024-01-15', 97, 82),
(1390, 12, '2024-01-15', 97, 83),
(1391, 4, '2024-01-15', 97, 84),
(1392, 24, '2024-01-15', 97, 85),
(1393, 31, '2024-01-15', 97, 86),
(1394, 2, '2024-01-15', 97, 87),
(1395, 36, '2024-01-15', 97, 88),
(1396, 17, '2024-01-15', 97, 89),
(1397, 13, '2024-01-15', 97, 90),
(1398, 17, '2024-01-15', 97, 91),
(1399, 3, '2024-01-15', 97, 92),
(1400, 4, '2024-01-15', 97, 93),
(1401, 8, '2024-01-15', 97, 94),
(1402, 31, '2024-01-15', 97, 95),
(1403, 12, '2024-01-15', 97, 96),
(1404, 5, '2024-01-15', 97, 98),
(1405, 28, '2024-01-15', 97, 99),
(1406, 10, '2024-01-15', 97, 100),
(1407, 1, '2024-01-15', 97, 101),
(1408, 13, '2024-01-15', 97, 102),
(1409, 25, '2024-01-15', 97, 103),
(1410, 6, '2024-01-15', 98, 81),
(1411, 35, '2024-01-15', 98, 82),
(1412, 38, '2024-01-15', 98, 83),
(1413, 5, '2024-01-15', 98, 84),
(1414, 28, '2024-01-15', 98, 85),
(1415, 9, '2024-01-15', 98, 86),
(1416, 37, '2024-01-15', 98, 87),
(1417, 3, '2024-01-15', 98, 88),
(1418, 19, '2024-01-15', 98, 89),
(1419, 6, '2024-01-15', 98, 90),
(1420, 14, '2024-01-15', 98, 91),
(1421, 10, '2024-01-15', 98, 92),
(1422, 11, '2024-01-15', 98, 93),
(1423, 21, '2024-01-15', 98, 94),
(1424, 34, '2024-01-15', 98, 95),
(1425, 27, '2024-01-15', 98, 96),
(1426, 34, '2024-01-15', 98, 97),
(1427, 10, '2024-01-15', 98, 99),
(1428, 26, '2024-01-15', 98, 100),
(1429, 23, '2024-01-15', 98, 101),
(1430, 34, '2024-01-15', 98, 102),
(1431, 21, '2024-01-15', 98, 103),
(1432, 6, '2024-01-15', 99, 81),
(1433, 5, '2024-01-15', 99, 82),
(1434, 5, '2024-01-15', 99, 83),
(1435, 9, '2024-01-15', 99, 84),
(1436, 29, '2024-01-15', 99, 85),
(1437, 1, '2024-01-15', 99, 86),
(1438, 36, '2024-01-15', 99, 87),
(1439, 20, '2024-01-15', 99, 88),
(1440, 28, '2024-01-15', 99, 89),
(1441, 4, '2024-01-15', 99, 90),
(1442, 11, '2024-01-15', 99, 91),
(1443, 6, '2024-01-15', 99, 92),
(1444, 36, '2024-01-15', 99, 93),
(1445, 4, '2024-01-15', 99, 94),
(1446, 29, '2024-01-15', 99, 95),
(1447, 17, '2024-01-15', 99, 96),
(1448, 33, '2024-01-15', 99, 97),
(1449, 39, '2024-01-15', 99, 98),
(1450, 16, '2024-01-15', 99, 100),
(1451, 1, '2024-01-15', 99, 101),
(1452, 35, '2024-01-15', 99, 102),
(1453, 17, '2024-01-15', 99, 103),
(1454, 18, '2024-01-15', 100, 81),
(1455, 1, '2024-01-15', 100, 82),
(1456, 27, '2024-01-15', 100, 83),
(1457, 15, '2024-01-15', 100, 84),
(1458, 31, '2024-01-15', 100, 85),
(1459, 31, '2024-01-15', 100, 86),
(1460, 25, '2024-01-15', 100, 87),
(1461, 32, '2024-01-15', 100, 88),
(1462, 5, '2024-01-15', 100, 89),
(1463, 5, '2024-01-15', 100, 90),
(1464, 12, '2024-01-15', 100, 91),
(1465, 4, '2024-01-15', 100, 92),
(1466, 22, '2024-01-15', 100, 93),
(1467, 20, '2024-01-15', 100, 94),
(1468, 34, '2024-01-15', 100, 95),
(1469, 30, '2024-01-15', 100, 96),
(1470, 7, '2024-01-15', 100, 97),
(1471, 26, '2024-01-15', 100, 98),
(1472, 27, '2024-01-15', 100, 99),
(1473, 21, '2024-01-15', 100, 101),
(1474, 20, '2024-01-15', 100, 102),
(1475, 39, '2024-01-15', 100, 103),
(1476, 18, '2024-01-15', 101, 81),
(1477, 12, '2024-01-15', 101, 82),
(1478, 6, '2024-01-15', 101, 83),
(1479, 30, '2024-01-15', 101, 84),
(1480, 17, '2024-01-15', 101, 85),
(1481, 34, '2024-01-15', 101, 86),
(1482, 38, '2024-01-15', 101, 87),
(1483, 9, '2024-01-15', 101, 88),
(1484, 7, '2024-01-15', 101, 89),
(1485, 11, '2024-01-15', 101, 90),
(1486, 33, '2024-01-15', 101, 91),
(1487, 13, '2024-01-15', 101, 92),
(1488, 3, '2024-01-15', 101, 93),
(1489, 18, '2024-01-15', 101, 94),
(1490, 39, '2024-01-15', 101, 95),
(1491, 26, '2024-01-15', 101, 96),
(1492, 11, '2024-01-15', 101, 97),
(1493, 17, '2024-01-15', 101, 98),
(1494, 11, '2024-01-15', 101, 99),
(1495, 4, '2024-01-15', 101, 100),
(1496, 23, '2024-01-15', 101, 102),
(1497, 28, '2024-01-15', 101, 103),
(1498, 32, '2024-01-15', 102, 81),
(1499, 34, '2024-01-15', 102, 82),
(1500, 34, '2024-01-15', 102, 83),
(1501, 31, '2024-01-15', 102, 84),
(1502, 14, '2024-01-15', 102, 85),
(1503, 16, '2024-01-15', 102, 86),
(1504, 36, '2024-01-15', 102, 87),
(1505, 14, '2024-01-15', 102, 88),
(1506, 2, '2024-01-15', 102, 89),
(1507, 5, '2024-01-15', 102, 90),
(1508, 19, '2024-01-15', 102, 91),
(1509, 1, '2024-01-15', 102, 92),
(1510, 24, '2024-01-15', 102, 93),
(1511, 1, '2024-01-15', 102, 94),
(1512, 12, '2024-01-15', 102, 95),
(1513, 16, '2024-01-15', 102, 96),
(1514, 6, '2024-01-15', 102, 97),
(1515, 20, '2024-01-15', 102, 98),
(1516, 2, '2024-01-15', 102, 99),
(1517, 30, '2024-01-15', 102, 100),
(1518, 26, '2024-01-15', 102, 101),
(1519, 2, '2024-01-15', 102, 103),
(1520, 7, '2024-01-15', 103, 81),
(1521, 29, '2024-01-15', 103, 82),
(1522, 6, '2024-01-15', 103, 83),
(1523, 23, '2024-01-15', 103, 84),
(1524, 17, '2024-01-15', 103, 85),
(1525, 15, '2024-01-15', 103, 86),
(1526, 24, '2024-01-15', 103, 87),
(1527, 36, '2024-01-15', 103, 88),
(1528, 28, '2024-01-15', 103, 89),
(1529, 33, '2024-01-15', 103, 90),
(1530, 1, '2024-01-15', 103, 91),
(1531, 23, '2024-01-15', 103, 92),
(1532, 34, '2024-01-15', 103, 93),
(1533, 23, '2024-01-15', 103, 94),
(1534, 12, '2024-01-15', 103, 95),
(1535, 29, '2024-01-15', 103, 96),
(1536, 32, '2024-01-15', 103, 97),
(1537, 33, '2024-01-15', 103, 98),
(1538, 29, '2024-01-15', 103, 99),
(1539, 5, '2024-01-15', 103, 100),
(1540, 15, '2024-01-15', 103, 101),
(1541, 21, '2024-01-15', 103, 102),
(1542, 21, '2024-01-15', 104, 105),
(1543, 4, '2024-01-15', 104, 106),
(1544, 33, '2024-01-15', 104, 107),
(1545, 36, '2024-01-15', 104, 108),
(1546, 1, '2024-01-15', 104, 109),
(1547, 13, '2024-01-15', 104, 110),
(1548, 23, '2024-01-15', 104, 111),
(1549, 37, '2024-01-15', 104, 112),
(1550, 37, '2024-01-15', 104, 113),
(1551, 33, '2024-01-15', 104, 114),
(1552, 15, '2024-01-15', 104, 115),
(1553, 17, '2024-01-15', 104, 116),
(1554, 38, '2024-01-15', 104, 117),
(1555, 22, '2024-01-15', 104, 118),
(1556, 33, '2024-01-15', 104, 119),
(1557, 20, '2024-01-15', 104, 120),
(1558, 1, '2024-01-15', 104, 121),
(1559, 25, '2024-01-15', 104, 122),
(1560, 2, '2024-01-15', 104, 123),
(1561, 13, '2024-01-15', 104, 124),
(1562, 19, '2024-01-15', 104, 125),
(1563, 17, '2024-01-15', 104, 126),
(1564, 29, '2024-01-15', 105, 104),
(1565, 13, '2024-01-15', 105, 106),
(1566, 16, '2024-01-15', 105, 107),
(1567, 4, '2024-01-15', 105, 108),
(1568, 10, '2024-01-15', 105, 109),
(1569, 37, '2024-01-15', 105, 110),
(1570, 37, '2024-01-15', 105, 111),
(1571, 36, '2024-01-15', 105, 112),
(1572, 28, '2024-01-15', 105, 113),
(1573, 30, '2024-01-15', 105, 114),
(1574, 28, '2024-01-15', 105, 115),
(1575, 9, '2024-01-15', 105, 116),
(1576, 3, '2024-01-15', 105, 117),
(1577, 23, '2024-01-15', 105, 118),
(1578, 30, '2024-01-15', 105, 119),
(1579, 39, '2024-01-15', 105, 120),
(1580, 29, '2024-01-15', 105, 121),
(1581, 26, '2024-01-15', 105, 122),
(1582, 5, '2024-01-15', 105, 123),
(1583, 22, '2024-01-15', 105, 124),
(1584, 18, '2024-01-15', 105, 125),
(1585, 24, '2024-01-15', 105, 126),
(1586, 26, '2024-01-15', 106, 104),
(1587, 18, '2024-01-15', 106, 105),
(1588, 12, '2024-01-15', 106, 107),
(1589, 6, '2024-01-15', 106, 108),
(1590, 33, '2024-01-15', 106, 109),
(1591, 30, '2024-01-15', 106, 110),
(1592, 10, '2024-01-15', 106, 111),
(1593, 38, '2024-01-15', 106, 112),
(1594, 4, '2024-01-15', 106, 113),
(1595, 21, '2024-01-15', 106, 114),
(1596, 14, '2024-01-15', 106, 115),
(1597, 8, '2024-01-15', 106, 116);
INSERT INTO `partido` (`ID_partido`, `Arbitro`, `Fecha`, `Local`, `Visitante`) VALUES
(1598, 36, '2024-01-15', 106, 117),
(1599, 39, '2024-01-15', 106, 118),
(1600, 6, '2024-01-15', 106, 119),
(1601, 32, '2024-01-15', 106, 120),
(1602, 22, '2024-01-15', 106, 121),
(1603, 15, '2024-01-15', 106, 122),
(1604, 6, '2024-01-15', 106, 123),
(1605, 26, '2024-01-15', 106, 124),
(1606, 34, '2024-01-15', 106, 125),
(1607, 14, '2024-01-15', 106, 126),
(1608, 4, '2024-01-15', 107, 104),
(1609, 19, '2024-01-15', 107, 105),
(1610, 4, '2024-01-15', 107, 106),
(1611, 39, '2024-01-15', 107, 108),
(1612, 25, '2024-01-15', 107, 109),
(1613, 11, '2024-01-15', 107, 110),
(1614, 18, '2024-01-15', 107, 111),
(1615, 15, '2024-01-15', 107, 112),
(1616, 23, '2024-01-15', 107, 113),
(1617, 28, '2024-01-15', 107, 114),
(1618, 32, '2024-01-15', 107, 115),
(1619, 38, '2024-01-15', 107, 116),
(1620, 13, '2024-01-15', 107, 117),
(1621, 29, '2024-01-15', 107, 118),
(1622, 26, '2024-01-15', 107, 119),
(1623, 6, '2024-01-15', 107, 120),
(1624, 28, '2024-01-15', 107, 121),
(1625, 7, '2024-01-15', 107, 122),
(1626, 27, '2024-01-15', 107, 123),
(1627, 37, '2024-01-15', 107, 124),
(1628, 27, '2024-01-15', 107, 125),
(1629, 20, '2024-01-15', 107, 126),
(1630, 21, '2024-01-15', 108, 104),
(1631, 5, '2024-01-15', 108, 105),
(1632, 38, '2024-01-15', 108, 106),
(1633, 21, '2024-01-15', 108, 107),
(1634, 30, '2024-01-15', 108, 109),
(1635, 8, '2024-01-15', 108, 110),
(1636, 26, '2024-01-15', 108, 111),
(1637, 30, '2024-01-15', 108, 112),
(1638, 30, '2024-01-15', 108, 113),
(1639, 20, '2024-01-15', 108, 114),
(1640, 12, '2024-01-15', 108, 115),
(1641, 39, '2024-01-15', 108, 116),
(1642, 3, '2024-01-15', 108, 117),
(1643, 14, '2024-01-15', 108, 118),
(1644, 21, '2024-01-15', 108, 119),
(1645, 23, '2024-01-15', 108, 120),
(1646, 14, '2024-01-15', 108, 121),
(1647, 39, '2024-01-15', 108, 122),
(1648, 34, '2024-01-15', 108, 123),
(1649, 13, '2024-01-15', 108, 124),
(1650, 1, '2024-01-15', 108, 125),
(1651, 5, '2024-01-15', 108, 126),
(1652, 20, '2024-01-15', 109, 104),
(1653, 7, '2024-01-15', 109, 105),
(1654, 13, '2024-01-15', 109, 106),
(1655, 5, '2024-01-15', 109, 107),
(1656, 26, '2024-01-15', 109, 108),
(1657, 34, '2024-01-15', 109, 110),
(1658, 16, '2024-01-15', 109, 111),
(1659, 16, '2024-01-15', 109, 112),
(1660, 30, '2024-01-15', 109, 113),
(1661, 23, '2024-01-15', 109, 114),
(1662, 26, '2024-01-15', 109, 115),
(1663, 20, '2024-01-15', 109, 116),
(1664, 23, '2024-01-15', 109, 117),
(1665, 13, '2024-01-15', 109, 118),
(1666, 37, '2024-01-15', 109, 119),
(1667, 28, '2024-01-15', 109, 120),
(1668, 27, '2024-01-15', 109, 121),
(1669, 12, '2024-01-15', 109, 122),
(1670, 19, '2024-01-15', 109, 123),
(1671, 20, '2024-01-15', 109, 124),
(1672, 4, '2024-01-15', 109, 125),
(1673, 37, '2024-01-15', 109, 126),
(1674, 14, '2024-01-15', 110, 104),
(1675, 39, '2024-01-15', 110, 105),
(1676, 36, '2024-01-15', 110, 106),
(1677, 21, '2024-01-15', 110, 107),
(1678, 38, '2024-01-15', 110, 108),
(1679, 10, '2024-01-15', 110, 109),
(1680, 14, '2024-01-15', 110, 111),
(1681, 37, '2024-01-15', 110, 112),
(1682, 26, '2024-01-15', 110, 113),
(1683, 18, '2024-01-15', 110, 114),
(1684, 14, '2024-01-15', 110, 115),
(1685, 14, '2024-01-15', 110, 116),
(1686, 29, '2024-01-15', 110, 117),
(1687, 24, '2024-01-15', 110, 118),
(1688, 34, '2024-01-15', 110, 119),
(1689, 16, '2024-01-15', 110, 120),
(1690, 20, '2024-01-15', 110, 121),
(1691, 9, '2024-01-15', 110, 122),
(1692, 26, '2024-01-15', 110, 123),
(1693, 25, '2024-01-15', 110, 124),
(1694, 8, '2024-01-15', 110, 125),
(1695, 4, '2024-01-15', 110, 126),
(1696, 35, '2024-01-15', 111, 104),
(1697, 5, '2024-01-15', 111, 105),
(1698, 37, '2024-01-15', 111, 106),
(1699, 15, '2024-01-15', 111, 107),
(1700, 3, '2024-01-15', 111, 108),
(1701, 7, '2024-01-15', 111, 109),
(1702, 27, '2024-01-15', 111, 110),
(1703, 34, '2024-01-15', 111, 112),
(1704, 11, '2024-01-15', 111, 113),
(1705, 32, '2024-01-15', 111, 114),
(1706, 9, '2024-01-15', 111, 115),
(1707, 26, '2024-01-15', 111, 116),
(1708, 24, '2024-01-15', 111, 117),
(1709, 5, '2024-01-15', 111, 118),
(1710, 29, '2024-01-15', 111, 119),
(1711, 13, '2024-01-15', 111, 120),
(1712, 17, '2024-01-15', 111, 121),
(1713, 8, '2024-01-15', 111, 122),
(1714, 25, '2024-01-15', 111, 123),
(1715, 21, '2024-01-15', 111, 124),
(1716, 32, '2024-01-15', 111, 125),
(1717, 18, '2024-01-15', 111, 126),
(1718, 33, '2024-01-15', 112, 104),
(1719, 34, '2024-01-15', 112, 105),
(1720, 29, '2024-01-15', 112, 106),
(1721, 6, '2024-01-15', 112, 107),
(1722, 21, '2024-01-15', 112, 108),
(1723, 6, '2024-01-15', 112, 109),
(1724, 5, '2024-01-15', 112, 110),
(1725, 6, '2024-01-15', 112, 111),
(1726, 16, '2024-01-15', 112, 113),
(1727, 21, '2024-01-15', 112, 114),
(1728, 17, '2024-01-15', 112, 115),
(1729, 23, '2024-01-15', 112, 116),
(1730, 26, '2024-01-15', 112, 117),
(1731, 18, '2024-01-15', 112, 118),
(1732, 15, '2024-01-15', 112, 119),
(1733, 19, '2024-01-15', 112, 120),
(1734, 10, '2024-01-15', 112, 121),
(1735, 31, '2024-01-15', 112, 122),
(1736, 10, '2024-01-15', 112, 123),
(1737, 33, '2024-01-15', 112, 124),
(1738, 17, '2024-01-15', 112, 125),
(1739, 27, '2024-01-15', 112, 126),
(1740, 3, '2024-01-15', 113, 104),
(1741, 12, '2024-01-15', 113, 105),
(1742, 11, '2024-01-15', 113, 106),
(1743, 20, '2024-01-15', 113, 107),
(1744, 28, '2024-01-15', 113, 108),
(1745, 1, '2024-01-15', 113, 109),
(1746, 38, '2024-01-15', 113, 110),
(1747, 31, '2024-01-15', 113, 111),
(1748, 38, '2024-01-15', 113, 112),
(1749, 20, '2024-01-15', 113, 114),
(1750, 26, '2024-01-15', 113, 115),
(1751, 27, '2024-01-15', 113, 116),
(1752, 21, '2024-01-15', 113, 117),
(1753, 22, '2024-01-15', 113, 118),
(1754, 9, '2024-01-15', 113, 119),
(1755, 16, '2024-01-15', 113, 120),
(1756, 16, '2024-01-15', 113, 121),
(1757, 29, '2024-01-15', 113, 122),
(1758, 19, '2024-01-15', 113, 123),
(1759, 6, '2024-01-15', 113, 124),
(1760, 12, '2024-01-15', 113, 125),
(1761, 2, '2024-01-15', 113, 126),
(1762, 14, '2024-01-15', 114, 104),
(1763, 22, '2024-01-15', 114, 105),
(1764, 31, '2024-01-15', 114, 106),
(1765, 9, '2024-01-15', 114, 107),
(1766, 31, '2024-01-15', 114, 108),
(1767, 9, '2024-01-15', 114, 109),
(1768, 29, '2024-01-15', 114, 110),
(1769, 38, '2024-01-15', 114, 111),
(1770, 28, '2024-01-15', 114, 112),
(1771, 22, '2024-01-15', 114, 113),
(1772, 29, '2024-01-15', 114, 115),
(1773, 37, '2024-01-15', 114, 116),
(1774, 22, '2024-01-15', 114, 117),
(1775, 36, '2024-01-15', 114, 118),
(1776, 34, '2024-01-15', 114, 119),
(1777, 22, '2024-01-15', 114, 120),
(1778, 9, '2024-01-15', 114, 121),
(1779, 17, '2024-01-15', 114, 122),
(1780, 20, '2024-01-15', 114, 123),
(1781, 10, '2024-01-15', 114, 124),
(1782, 28, '2024-01-15', 114, 125),
(1783, 33, '2024-01-15', 114, 126),
(1784, 39, '2024-01-15', 115, 104),
(1785, 18, '2024-01-15', 115, 105),
(1786, 13, '2024-01-15', 115, 106),
(1787, 9, '2024-01-15', 115, 107),
(1788, 5, '2024-01-15', 115, 108),
(1789, 37, '2024-01-15', 115, 109),
(1790, 14, '2024-01-15', 115, 110),
(1791, 34, '2024-01-15', 115, 111),
(1792, 13, '2024-01-15', 115, 112),
(1793, 38, '2024-01-15', 115, 113),
(1794, 34, '2024-01-15', 115, 114),
(1795, 15, '2024-01-15', 115, 116),
(1796, 13, '2024-01-15', 115, 117),
(1797, 21, '2024-01-15', 115, 118),
(1798, 25, '2024-01-15', 115, 119),
(1799, 22, '2024-01-15', 115, 120),
(1800, 37, '2024-01-15', 115, 121),
(1801, 38, '2024-01-15', 115, 122),
(1802, 39, '2024-01-15', 115, 123),
(1803, 4, '2024-01-15', 115, 124),
(1804, 17, '2024-01-15', 115, 125),
(1805, 36, '2024-01-15', 115, 126),
(1806, 9, '2024-01-15', 116, 104),
(1807, 18, '2024-01-15', 116, 105),
(1808, 20, '2024-01-15', 116, 106),
(1809, 9, '2024-01-15', 116, 107),
(1810, 21, '2024-01-15', 116, 108),
(1811, 2, '2024-01-15', 116, 109),
(1812, 23, '2024-01-15', 116, 110),
(1813, 30, '2024-01-15', 116, 111),
(1814, 4, '2024-01-15', 116, 112),
(1815, 7, '2024-01-15', 116, 113),
(1816, 24, '2024-01-15', 116, 114),
(1817, 19, '2024-01-15', 116, 115),
(1818, 21, '2024-01-15', 116, 117),
(1819, 12, '2024-01-15', 116, 118),
(1820, 33, '2024-01-15', 116, 119),
(1821, 12, '2024-01-15', 116, 120),
(1822, 39, '2024-01-15', 116, 121),
(1823, 2, '2024-01-15', 116, 122),
(1824, 9, '2024-01-15', 116, 123),
(1825, 38, '2024-01-15', 116, 124),
(1826, 7, '2024-01-15', 116, 125),
(1827, 36, '2024-01-15', 116, 126),
(1828, 5, '2024-01-15', 117, 104),
(1829, 34, '2024-01-15', 117, 105),
(1830, 35, '2024-01-15', 117, 106),
(1831, 33, '2024-01-15', 117, 107),
(1832, 21, '2024-01-15', 117, 108),
(1833, 6, '2024-01-15', 117, 109),
(1834, 6, '2024-01-15', 117, 110),
(1835, 12, '2024-01-15', 117, 111),
(1836, 4, '2024-01-15', 117, 112),
(1837, 19, '2024-01-15', 117, 113),
(1838, 7, '2024-01-15', 117, 114),
(1839, 17, '2024-01-15', 117, 115),
(1840, 22, '2024-01-15', 117, 116),
(1841, 20, '2024-01-15', 117, 118),
(1842, 32, '2024-01-15', 117, 119),
(1843, 23, '2024-01-15', 117, 120),
(1844, 17, '2024-01-15', 117, 121),
(1845, 17, '2024-01-15', 117, 122),
(1846, 35, '2024-01-15', 117, 123),
(1847, 3, '2024-01-15', 117, 124),
(1848, 29, '2024-01-15', 117, 125),
(1849, 17, '2024-01-15', 117, 126),
(1850, 37, '2024-01-15', 118, 104),
(1851, 17, '2024-01-15', 118, 105),
(1852, 12, '2024-01-15', 118, 106),
(1853, 7, '2024-01-15', 118, 107),
(1854, 39, '2024-01-15', 118, 108),
(1855, 15, '2024-01-15', 118, 109),
(1856, 38, '2024-01-15', 118, 110),
(1857, 25, '2024-01-15', 118, 111),
(1858, 14, '2024-01-15', 118, 112),
(1859, 30, '2024-01-15', 118, 113),
(1860, 31, '2024-01-15', 118, 114),
(1861, 26, '2024-01-15', 118, 115),
(1862, 35, '2024-01-15', 118, 116),
(1863, 21, '2024-01-15', 118, 117),
(1864, 38, '2024-01-15', 118, 119),
(1865, 8, '2024-01-15', 118, 120),
(1866, 5, '2024-01-15', 118, 121),
(1867, 37, '2024-01-15', 118, 122),
(1868, 14, '2024-01-15', 118, 123),
(1869, 37, '2024-01-15', 118, 124),
(1870, 26, '2024-01-15', 118, 125),
(1871, 19, '2024-01-15', 118, 126),
(1872, 17, '2024-01-15', 119, 104),
(1873, 26, '2024-01-15', 119, 105),
(1874, 39, '2024-01-15', 119, 106),
(1875, 38, '2024-01-15', 119, 107),
(1876, 34, '2024-01-15', 119, 108),
(1877, 18, '2024-01-15', 119, 109),
(1878, 27, '2024-01-15', 119, 110),
(1879, 39, '2024-01-15', 119, 111),
(1880, 37, '2024-01-15', 119, 112),
(1881, 26, '2024-01-15', 119, 113),
(1882, 22, '2024-01-15', 119, 114),
(1883, 29, '2024-01-15', 119, 115),
(1884, 2, '2024-01-15', 119, 116),
(1885, 37, '2024-01-15', 119, 117),
(1886, 26, '2024-01-15', 119, 118),
(1887, 16, '2024-01-15', 119, 120),
(1888, 39, '2024-01-15', 119, 121),
(1889, 33, '2024-01-15', 119, 122),
(1890, 7, '2024-01-15', 119, 123),
(1891, 15, '2024-01-15', 119, 124),
(1892, 12, '2024-01-15', 119, 125),
(1893, 16, '2024-01-15', 119, 126),
(1894, 6, '2024-01-15', 120, 104),
(1895, 18, '2024-01-15', 120, 105),
(1896, 32, '2024-01-15', 120, 106),
(1897, 27, '2024-01-15', 120, 107),
(1898, 38, '2024-01-15', 120, 108),
(1899, 30, '2024-01-15', 120, 109),
(1900, 35, '2024-01-15', 120, 110),
(1901, 6, '2024-01-15', 120, 111),
(1902, 4, '2024-01-15', 120, 112),
(1903, 2, '2024-01-15', 120, 113),
(1904, 34, '2024-01-15', 120, 114),
(1905, 11, '2024-01-15', 120, 115),
(1906, 27, '2024-01-15', 120, 116),
(1907, 26, '2024-01-15', 120, 117),
(1908, 9, '2024-01-15', 120, 118),
(1909, 6, '2024-01-15', 120, 119),
(1910, 4, '2024-01-15', 120, 121),
(1911, 38, '2024-01-15', 120, 122),
(1912, 21, '2024-01-15', 120, 123),
(1913, 32, '2024-01-15', 120, 124),
(1914, 16, '2024-01-15', 120, 125),
(1915, 22, '2024-01-15', 120, 126),
(1916, 25, '2024-01-15', 121, 104),
(1917, 17, '2024-01-15', 121, 105),
(1918, 9, '2024-01-15', 121, 106),
(1919, 33, '2024-01-15', 121, 107),
(1920, 21, '2024-01-15', 121, 108),
(1921, 6, '2024-01-15', 121, 109),
(1922, 6, '2024-01-15', 121, 110),
(1923, 12, '2024-01-15', 121, 111),
(1924, 2, '2024-01-15', 121, 112),
(1925, 12, '2024-01-15', 121, 113),
(1926, 16, '2024-01-15', 121, 114),
(1927, 3, '2024-01-15', 121, 115),
(1928, 5, '2024-01-15', 121, 116),
(1929, 16, '2024-01-15', 121, 117),
(1930, 25, '2024-01-15', 121, 118),
(1931, 38, '2024-01-15', 121, 119),
(1932, 35, '2024-01-15', 121, 120),
(1933, 21, '2024-01-15', 121, 122),
(1934, 2, '2024-01-15', 121, 123),
(1935, 25, '2024-01-15', 121, 124),
(1936, 1, '2024-01-15', 121, 125),
(1937, 9, '2024-01-15', 121, 126),
(1938, 39, '2024-01-15', 122, 104),
(1939, 12, '2024-01-15', 122, 105),
(1940, 21, '2024-01-15', 122, 106),
(1941, 31, '2024-01-15', 122, 107),
(1942, 14, '2024-01-15', 122, 108),
(1943, 12, '2024-01-15', 122, 109),
(1944, 21, '2024-01-15', 122, 110),
(1945, 27, '2024-01-15', 122, 111),
(1946, 31, '2024-01-15', 122, 112),
(1947, 38, '2024-01-15', 122, 113),
(1948, 18, '2024-01-15', 122, 114),
(1949, 15, '2024-01-15', 122, 115),
(1950, 20, '2024-01-15', 122, 116),
(1951, 14, '2024-01-15', 122, 117),
(1952, 12, '2024-01-15', 122, 118),
(1953, 17, '2024-01-15', 122, 119),
(1954, 8, '2024-01-15', 122, 120),
(1955, 29, '2024-01-15', 122, 121),
(1956, 1, '2024-01-15', 122, 123),
(1957, 37, '2024-01-15', 122, 124),
(1958, 27, '2024-01-15', 122, 125),
(1959, 21, '2024-01-15', 122, 126),
(1960, 25, '2024-01-15', 123, 104),
(1961, 23, '2024-01-15', 123, 105),
(1962, 38, '2024-01-15', 123, 106),
(1963, 4, '2024-01-15', 123, 107),
(1964, 23, '2024-01-15', 123, 108),
(1965, 24, '2024-01-15', 123, 109),
(1966, 13, '2024-01-15', 123, 110),
(1967, 32, '2024-01-15', 123, 111),
(1968, 2, '2024-01-15', 123, 112),
(1969, 29, '2024-01-15', 123, 113),
(1970, 22, '2024-01-15', 123, 114),
(1971, 24, '2024-01-15', 123, 115),
(1972, 14, '2024-01-15', 123, 116),
(1973, 36, '2024-01-15', 123, 117),
(1974, 21, '2024-01-15', 123, 118),
(1975, 34, '2024-01-15', 123, 119),
(1976, 30, '2024-01-15', 123, 120),
(1977, 6, '2024-01-15', 123, 121),
(1978, 21, '2024-01-15', 123, 122),
(1979, 6, '2024-01-15', 123, 124),
(1980, 8, '2024-01-15', 123, 125),
(1981, 20, '2024-01-15', 123, 126),
(1982, 38, '2024-01-15', 124, 104),
(1983, 11, '2024-01-15', 124, 105),
(1984, 20, '2024-01-15', 124, 106),
(1985, 28, '2024-01-15', 124, 107),
(1986, 38, '2024-01-15', 124, 108),
(1987, 30, '2024-01-15', 124, 109),
(1988, 33, '2024-01-15', 124, 110),
(1989, 36, '2024-01-15', 124, 111),
(1990, 3, '2024-01-15', 124, 112),
(1991, 23, '2024-01-15', 124, 113),
(1992, 29, '2024-01-15', 124, 114),
(1993, 34, '2024-01-15', 124, 115),
(1994, 7, '2024-01-15', 124, 116),
(1995, 9, '2024-01-15', 124, 117),
(1996, 26, '2024-01-15', 124, 118),
(1997, 23, '2024-01-15', 124, 119),
(1998, 37, '2024-01-15', 124, 120),
(1999, 35, '2024-01-15', 124, 121),
(2000, 26, '2024-01-15', 124, 122),
(2001, 25, '2024-01-15', 124, 123),
(2002, 8, '2024-01-15', 124, 125),
(2003, 1, '2024-01-15', 124, 126),
(2004, 21, '2024-01-15', 125, 104),
(2005, 24, '2024-01-15', 125, 105),
(2006, 18, '2024-01-15', 125, 106),
(2007, 15, '2024-01-15', 125, 107),
(2008, 23, '2024-01-15', 125, 108),
(2009, 31, '2024-01-15', 125, 109),
(2010, 7, '2024-01-15', 125, 110),
(2011, 19, '2024-01-15', 125, 111),
(2012, 34, '2024-01-15', 125, 112),
(2013, 33, '2024-01-15', 125, 113),
(2014, 27, '2024-01-15', 125, 114),
(2015, 34, '2024-01-15', 125, 115),
(2016, 10, '2024-01-15', 125, 116),
(2017, 26, '2024-01-15', 125, 117),
(2018, 23, '2024-01-15', 125, 118),
(2019, 37, '2024-01-15', 125, 119),
(2020, 37, '2024-01-15', 125, 120),
(2021, 32, '2024-01-15', 125, 121),
(2022, 12, '2024-01-15', 125, 122),
(2023, 3, '2024-01-15', 125, 123),
(2024, 15, '2024-01-15', 125, 124),
(2025, 28, '2024-01-15', 125, 126),
(2026, 17, '2024-01-15', 126, 104),
(2027, 38, '2024-01-15', 126, 105),
(2028, 22, '2024-01-15', 126, 106),
(2029, 33, '2024-01-15', 126, 107),
(2030, 21, '2024-01-15', 126, 108),
(2031, 5, '2024-01-15', 126, 109),
(2032, 39, '2024-01-15', 126, 110),
(2033, 24, '2024-01-15', 126, 111),
(2034, 4, '2024-01-15', 126, 112),
(2035, 26, '2024-01-15', 126, 113),
(2036, 37, '2024-01-15', 126, 114),
(2037, 32, '2024-01-15', 126, 115),
(2038, 6, '2024-01-15', 126, 116),
(2039, 14, '2024-01-15', 126, 117),
(2040, 11, '2024-01-15', 126, 118),
(2041, 12, '2024-01-15', 126, 119),
(2042, 26, '2024-01-15', 126, 120),
(2043, 16, '2024-01-15', 126, 121),
(2044, 4, '2024-01-15', 126, 122),
(2045, 8, '2024-01-15', 126, 123),
(2046, 27, '2024-01-15', 126, 124),
(2047, 33, '2024-01-15', 126, 125),
(2048, 5, '2024-01-15', 127, 128),
(2049, 4, '2024-01-15', 127, 129),
(2050, 2, '2024-01-15', 127, 130),
(2051, 1, '2024-01-15', 127, 131),
(2052, 35, '2024-01-15', 127, 132),
(2053, 18, '2024-01-15', 127, 133),
(2054, 23, '2024-01-15', 127, 134),
(2055, 21, '2024-01-15', 127, 135),
(2056, 37, '2024-01-15', 127, 136),
(2057, 5, '2024-01-15', 127, 137),
(2058, 31, '2024-01-15', 127, 138),
(2059, 20, '2024-01-15', 127, 139),
(2060, 7, '2024-01-15', 127, 140),
(2061, 13, '2024-01-15', 127, 141),
(2062, 3, '2024-01-15', 127, 142),
(2063, 17, '2024-01-15', 127, 143),
(2064, 35, '2024-01-15', 127, 144),
(2065, 6, '2024-01-15', 127, 145),
(2066, 2, '2024-01-15', 127, 146),
(2067, 30, '2024-01-15', 127, 147),
(2068, 26, '2024-01-15', 127, 148),
(2069, 2, '2024-01-15', 127, 149),
(2070, 8, '2024-01-15', 128, 127),
(2071, 34, '2024-01-15', 128, 129),
(2072, 28, '2024-01-15', 128, 130),
(2073, 39, '2024-01-15', 128, 131),
(2074, 32, '2024-01-15', 128, 132),
(2075, 4, '2024-01-15', 128, 133),
(2076, 38, '2024-01-15', 128, 134),
(2077, 23, '2024-01-15', 128, 135),
(2078, 38, '2024-01-15', 128, 136),
(2079, 4, '2024-01-15', 128, 137),
(2080, 24, '2024-01-15', 128, 138),
(2081, 30, '2024-01-15', 128, 139),
(2082, 38, '2024-01-15', 128, 140),
(2083, 22, '2024-01-15', 128, 141),
(2084, 34, '2024-01-15', 128, 142),
(2085, 24, '2024-01-15', 128, 143),
(2086, 17, '2024-01-15', 128, 144),
(2087, 14, '2024-01-15', 128, 145),
(2088, 20, '2024-01-15', 128, 146),
(2089, 16, '2024-01-15', 128, 147),
(2090, 18, '2024-01-15', 128, 148),
(2091, 5, '2024-01-15', 128, 149),
(2092, 9, '2024-01-15', 129, 127),
(2093, 31, '2024-01-15', 129, 128),
(2094, 11, '2024-01-15', 129, 130),
(2095, 39, '2024-01-15', 129, 131),
(2096, 5, '2024-01-15', 129, 132),
(2097, 25, '2024-01-15', 129, 133),
(2098, 30, '2024-01-15', 129, 134),
(2099, 36, '2024-01-15', 129, 135),
(2100, 14, '2024-01-15', 129, 136),
(2101, 37, '2024-01-15', 129, 137),
(2102, 27, '2024-01-15', 129, 138),
(2103, 22, '2024-01-15', 129, 139),
(2104, 31, '2024-01-15', 129, 140),
(2105, 10, '2024-01-15', 129, 141),
(2106, 32, '2024-01-15', 129, 142),
(2107, 14, '2024-01-15', 129, 143),
(2108, 14, '2024-01-15', 129, 144),
(2109, 28, '2024-01-15', 129, 145),
(2110, 20, '2024-01-15', 129, 146),
(2111, 15, '2024-01-15', 129, 147),
(2112, 13, '2024-01-15', 129, 148),
(2113, 21, '2024-01-15', 129, 149),
(2114, 24, '2024-01-15', 130, 127),
(2115, 20, '2024-01-15', 130, 128),
(2116, 25, '2024-01-15', 130, 129),
(2117, 28, '2024-01-15', 130, 131),
(2118, 26, '2024-01-15', 130, 132),
(2119, 5, '2024-01-15', 130, 133),
(2120, 23, '2024-01-15', 130, 134),
(2121, 23, '2024-01-15', 130, 135),
(2122, 5, '2024-01-15', 130, 136),
(2123, 36, '2024-01-15', 130, 137),
(2124, 7, '2024-01-15', 130, 138),
(2125, 7, '2024-01-15', 130, 139),
(2126, 10, '2024-01-15', 130, 140),
(2127, 31, '2024-01-15', 130, 141),
(2128, 9, '2024-01-15', 130, 142),
(2129, 27, '2024-01-15', 130, 143),
(2130, 30, '2024-01-15', 130, 144),
(2131, 30, '2024-01-15', 130, 145),
(2132, 22, '2024-01-15', 130, 146),
(2133, 18, '2024-01-15', 130, 147),
(2134, 26, '2024-01-15', 130, 148),
(2135, 33, '2024-01-15', 130, 149),
(2136, 10, '2024-01-15', 131, 127),
(2137, 27, '2024-01-15', 131, 128),
(2138, 29, '2024-01-15', 131, 129),
(2139, 25, '2024-01-15', 131, 130),
(2140, 38, '2024-01-15', 131, 132),
(2141, 36, '2024-01-15', 131, 133),
(2142, 27, '2024-01-15', 131, 134),
(2143, 26, '2024-01-15', 131, 135),
(2144, 9, '2024-01-15', 131, 136),
(2145, 4, '2024-01-15', 131, 137),
(2146, 32, '2024-01-15', 131, 138),
(2147, 32, '2024-01-15', 131, 139),
(2148, 24, '2024-01-15', 131, 140),
(2149, 22, '2024-01-15', 131, 141),
(2150, 39, '2024-01-15', 131, 142),
(2151, 10, '2024-01-15', 131, 143),
(2152, 10, '2024-01-15', 131, 144),
(2153, 21, '2024-01-15', 131, 145),
(2154, 34, '2024-01-15', 131, 146),
(2155, 30, '2024-01-15', 131, 147),
(2156, 7, '2024-01-15', 131, 148),
(2157, 25, '2024-01-15', 131, 149),
(2158, 25, '2024-01-15', 132, 127),
(2159, 12, '2024-01-15', 132, 128),
(2160, 22, '2024-01-15', 132, 129),
(2161, 35, '2024-01-15', 132, 130),
(2162, 30, '2024-01-15', 132, 131),
(2163, 4, '2024-01-15', 132, 133),
(2164, 9, '2024-01-15', 132, 134),
(2165, 33, '2024-01-15', 132, 135),
(2166, 19, '2024-01-15', 132, 136),
(2167, 35, '2024-01-15', 132, 137),
(2168, 38, '2024-01-15', 132, 138),
(2169, 7, '2024-01-15', 132, 139),
(2170, 38, '2024-01-15', 132, 140),
(2171, 11, '2024-01-15', 132, 141),
(2172, 19, '2024-01-15', 132, 142),
(2173, 25, '2024-01-15', 132, 143),
(2174, 25, '2024-01-15', 132, 144),
(2175, 11, '2024-01-15', 132, 145),
(2176, 21, '2024-01-15', 132, 146),
(2177, 32, '2024-01-15', 132, 147),
(2178, 19, '2024-01-15', 132, 148),
(2179, 35, '2024-01-15', 132, 149),
(2180, 2, '2024-01-15', 133, 127),
(2181, 20, '2024-01-15', 133, 128),
(2182, 18, '2024-01-15', 133, 129),
(2183, 26, '2024-01-15', 133, 130),
(2184, 1, '2024-01-15', 133, 131),
(2185, 1, '2024-01-15', 133, 132),
(2186, 5, '2024-01-15', 133, 134),
(2187, 21, '2024-01-15', 133, 135),
(2188, 9, '2024-01-15', 133, 136),
(2189, 21, '2024-01-15', 133, 137),
(2190, 1, '2024-01-15', 133, 138),
(2191, 19, '2024-01-15', 133, 139),
(2192, 15, '2024-01-15', 133, 140),
(2193, 15, '2024-01-15', 133, 141),
(2194, 32, '2024-01-15', 133, 142),
(2195, 33, '2024-01-15', 133, 143),
(2196, 33, '2024-01-15', 133, 144),
(2197, 26, '2024-01-15', 133, 145),
(2198, 32, '2024-01-15', 133, 146),
(2199, 39, '2024-01-15', 133, 147),
(2200, 23, '2024-01-15', 133, 148),
(2201, 36, '2024-01-15', 133, 149),
(2202, 31, '2024-01-15', 134, 127),
(2203, 8, '2024-01-15', 134, 128),
(2204, 25, '2024-01-15', 134, 129),
(2205, 24, '2024-01-15', 134, 130),
(2206, 3, '2024-01-15', 134, 131),
(2207, 22, '2024-01-15', 134, 132),
(2208, 23, '2024-01-15', 134, 133),
(2209, 10, '2024-01-15', 134, 135),
(2210, 18, '2024-01-15', 134, 136),
(2211, 23, '2024-01-15', 134, 137),
(2212, 19, '2024-01-15', 134, 138),
(2213, 27, '2024-01-15', 134, 139),
(2214, 37, '2024-01-15', 134, 140),
(2215, 26, '2024-01-15', 134, 141),
(2216, 19, '2024-01-15', 134, 142),
(2217, 16, '2024-01-15', 134, 143),
(2218, 22, '2024-01-15', 134, 144),
(2219, 24, '2024-01-15', 134, 145),
(2220, 13, '2024-01-15', 134, 146),
(2221, 30, '2024-01-15', 134, 147),
(2222, 34, '2024-01-15', 134, 148),
(2223, 39, '2024-01-15', 134, 149),
(2224, 16, '2024-01-15', 135, 127),
(2225, 1, '2024-01-15', 135, 128),
(2226, 35, '2024-01-15', 135, 129),
(2227, 15, '2024-01-15', 135, 130),
(2228, 9, '2024-01-15', 135, 131),
(2229, 39, '2024-01-15', 135, 132),
(2230, 10, '2024-01-15', 135, 133),
(2231, 11, '2024-01-15', 135, 134),
(2232, 24, '2024-01-15', 135, 136),
(2233, 10, '2024-01-15', 135, 137),
(2234, 17, '2024-01-15', 135, 138),
(2235, 14, '2024-01-15', 135, 139),
(2236, 19, '2024-01-15', 135, 140),
(2237, 14, '2024-01-15', 135, 141),
(2238, 12, '2024-01-15', 135, 142),
(2239, 17, '2024-01-15', 135, 143),
(2240, 12, '2024-01-15', 135, 144),
(2241, 6, '2024-01-15', 135, 145),
(2242, 35, '2024-01-15', 135, 146),
(2243, 37, '2024-01-15', 135, 147),
(2244, 1, '2024-01-15', 135, 148),
(2245, 12, '2024-01-15', 135, 149),
(2246, 18, '2024-01-15', 136, 127),
(2247, 12, '2024-01-15', 136, 128),
(2248, 8, '2024-01-15', 136, 129),
(2249, 1, '2024-01-15', 136, 130),
(2250, 20, '2024-01-15', 136, 131),
(2251, 18, '2024-01-15', 136, 132),
(2252, 32, '2024-01-15', 136, 133),
(2253, 26, '2024-01-15', 136, 134),
(2254, 34, '2024-01-15', 136, 135),
(2255, 12, '2024-01-15', 136, 137),
(2256, 39, '2024-01-15', 136, 138),
(2257, 38, '2024-01-15', 136, 139),
(2258, 33, '2024-01-15', 136, 140),
(2259, 12, '2024-01-15', 136, 141),
(2260, 37, '2024-01-15', 136, 142),
(2261, 33, '2024-01-15', 136, 143),
(2262, 15, '2024-01-15', 136, 144),
(2263, 16, '2024-01-15', 136, 145),
(2264, 31, '2024-01-15', 136, 146),
(2265, 31, '2024-01-15', 136, 147),
(2266, 21, '2024-01-15', 136, 148),
(2267, 14, '2024-01-15', 136, 149),
(2268, 5, '2024-01-15', 137, 127),
(2269, 20, '2024-01-15', 137, 128),
(2270, 6, '2024-01-15', 137, 129),
(2271, 11, '2024-01-15', 137, 130),
(2272, 34, '2024-01-15', 137, 131),
(2273, 19, '2024-01-15', 137, 132),
(2274, 31, '2024-01-15', 137, 133),
(2275, 20, '2024-01-15', 137, 134),
(2276, 6, '2024-01-15', 137, 135),
(2277, 9, '2024-01-15', 137, 136),
(2278, 27, '2024-01-15', 137, 138),
(2279, 28, '2024-01-15', 137, 139),
(2280, 19, '2024-01-15', 137, 140),
(2281, 11, '2024-01-15', 137, 141),
(2282, 36, '2024-01-15', 137, 142),
(2283, 28, '2024-01-15', 137, 143),
(2284, 33, '2024-01-15', 137, 144),
(2285, 3, '2024-01-15', 137, 145),
(2286, 31, '2024-01-15', 137, 146),
(2287, 31, '2024-01-15', 137, 147),
(2288, 21, '2024-01-15', 137, 148),
(2289, 11, '2024-01-15', 137, 149),
(2290, 31, '2024-01-15', 138, 127),
(2291, 4, '2024-01-15', 138, 128),
(2292, 5, '2024-01-15', 138, 129),
(2293, 13, '2024-01-15', 138, 130),
(2294, 12, '2024-01-15', 138, 131),
(2295, 18, '2024-01-15', 138, 132),
(2296, 17, '2024-01-15', 138, 133),
(2297, 29, '2024-01-15', 138, 134),
(2298, 16, '2024-01-15', 138, 135),
(2299, 32, '2024-01-15', 138, 136),
(2300, 34, '2024-01-15', 138, 137),
(2301, 33, '2024-01-15', 138, 139),
(2302, 22, '2024-01-15', 138, 140),
(2303, 13, '2024-01-15', 138, 141),
(2304, 38, '2024-01-15', 138, 142),
(2305, 33, '2024-01-15', 138, 143),
(2306, 12, '2024-01-15', 138, 144),
(2307, 1, '2024-01-15', 138, 145),
(2308, 4, '2024-01-15', 138, 146),
(2309, 18, '2024-01-15', 138, 147),
(2310, 38, '2024-01-15', 138, 148),
(2311, 19, '2024-01-15', 138, 149),
(2312, 21, '2024-01-15', 139, 127),
(2313, 6, '2024-01-15', 139, 128),
(2314, 7, '2024-01-15', 139, 129),
(2315, 17, '2024-01-15', 139, 130),
(2316, 24, '2024-01-15', 139, 131),
(2317, 30, '2024-01-15', 139, 132),
(2318, 38, '2024-01-15', 139, 133),
(2319, 19, '2024-01-15', 139, 134),
(2320, 23, '2024-01-15', 139, 135),
(2321, 19, '2024-01-15', 139, 136),
(2322, 25, '2024-01-15', 139, 137),
(2323, 27, '2024-01-15', 139, 138),
(2324, 23, '2024-01-15', 139, 140),
(2325, 34, '2024-01-15', 139, 141),
(2326, 20, '2024-01-15', 139, 142),
(2327, 37, '2024-01-15', 139, 143),
(2328, 8, '2024-01-15', 139, 144),
(2329, 6, '2024-01-15', 139, 145),
(2330, 4, '2024-01-15', 139, 146),
(2331, 4, '2024-01-15', 139, 147),
(2332, 8, '2024-01-15', 139, 148),
(2333, 28, '2024-01-15', 139, 149),
(2334, 35, '2024-01-15', 140, 127),
(2335, 13, '2024-01-15', 140, 128),
(2336, 37, '2024-01-15', 140, 129),
(2337, 28, '2024-01-15', 140, 130),
(2338, 28, '2024-01-15', 140, 131),
(2339, 16, '2024-01-15', 140, 132),
(2340, 37, '2024-01-15', 140, 133),
(2341, 17, '2024-01-15', 140, 134),
(2342, 14, '2024-01-15', 140, 135),
(2343, 19, '2024-01-15', 140, 136),
(2344, 14, '2024-01-15', 140, 137),
(2345, 12, '2024-01-15', 140, 138),
(2346, 16, '2024-01-15', 140, 139),
(2347, 7, '2024-01-15', 140, 141),
(2348, 25, '2024-01-15', 140, 142),
(2349, 26, '2024-01-15', 140, 143),
(2350, 13, '2024-01-15', 140, 144),
(2351, 28, '2024-01-15', 140, 145),
(2352, 23, '2024-01-15', 140, 146),
(2353, 29, '2024-01-15', 140, 147),
(2354, 37, '2024-01-15', 140, 148),
(2355, 21, '2024-01-15', 140, 149),
(2356, 32, '2024-01-15', 141, 127),
(2357, 16, '2024-01-15', 141, 128),
(2358, 24, '2024-01-15', 141, 129),
(2359, 33, '2024-01-15', 141, 130),
(2360, 15, '2024-01-15', 141, 131),
(2361, 16, '2024-01-15', 141, 132),
(2362, 33, '2024-01-15', 141, 133),
(2363, 36, '2024-01-15', 141, 134),
(2364, 6, '2024-01-15', 141, 135),
(2365, 38, '2024-01-15', 141, 136),
(2366, 16, '2024-01-15', 141, 137),
(2367, 5, '2024-01-15', 141, 138),
(2368, 17, '2024-01-15', 141, 139),
(2369, 27, '2024-01-15', 141, 140),
(2370, 6, '2024-01-15', 141, 142),
(2371, 28, '2024-01-15', 141, 143),
(2372, 5, '2024-01-15', 141, 144),
(2373, 20, '2024-01-15', 141, 145),
(2374, 3, '2024-01-15', 141, 146),
(2375, 36, '2024-01-15', 141, 147),
(2376, 12, '2024-01-15', 141, 148),
(2377, 32, '2024-01-15', 141, 149),
(2378, 4, '2024-01-15', 142, 127),
(2379, 2, '2024-01-15', 142, 128),
(2380, 37, '2024-01-15', 142, 129),
(2381, 22, '2024-01-15', 142, 130),
(2382, 39, '2024-01-15', 142, 131),
(2383, 12, '2024-01-15', 142, 132),
(2384, 19, '2024-01-15', 142, 133),
(2385, 19, '2024-01-15', 142, 134),
(2386, 1, '2024-01-15', 142, 135),
(2387, 22, '2024-01-15', 142, 136),
(2388, 32, '2024-01-15', 142, 137),
(2389, 14, '2024-01-15', 142, 138),
(2390, 12, '2024-01-15', 142, 139),
(2391, 18, '2024-01-15', 142, 140),
(2392, 14, '2024-01-15', 142, 141),
(2393, 16, '2024-01-15', 142, 143),
(2394, 38, '2024-01-15', 142, 144),
(2395, 22, '2024-01-15', 142, 145),
(2396, 37, '2024-01-15', 142, 146),
(2397, 1, '2024-01-15', 142, 147),
(2398, 11, '2024-01-15', 142, 148),
(2399, 12, '2024-01-15', 142, 149),
(2400, 25, '2024-01-15', 143, 127),
(2401, 14, '2024-01-15', 143, 128),
(2402, 30, '2024-01-15', 143, 129),
(2403, 31, '2024-01-15', 143, 130),
(2404, 25, '2024-01-15', 143, 131),
(2405, 33, '2024-01-15', 143, 132),
(2406, 11, '2024-01-15', 143, 133),
(2407, 35, '2024-01-15', 143, 134),
(2408, 24, '2024-01-15', 143, 135),
(2409, 13, '2024-01-15', 143, 136),
(2410, 31, '2024-01-15', 143, 137),
(2411, 36, '2024-01-15', 143, 138),
(2412, 12, '2024-01-15', 143, 139),
(2413, 28, '2024-01-15', 143, 140),
(2414, 27, '2024-01-15', 143, 141),
(2415, 12, '2024-01-15', 143, 142),
(2416, 17, '2024-01-15', 143, 144),
(2417, 9, '2024-01-15', 143, 145),
(2418, 31, '2024-01-15', 143, 146),
(2419, 11, '2024-01-15', 143, 147),
(2420, 1, '2024-01-15', 143, 148),
(2421, 11, '2024-01-15', 143, 149),
(2422, 12, '2024-01-15', 144, 127),
(2423, 27, '2024-01-15', 144, 128),
(2424, 21, '2024-01-15', 144, 129),
(2425, 25, '2024-01-15', 144, 130),
(2426, 21, '2024-01-15', 144, 131),
(2427, 28, '2024-01-15', 144, 132),
(2428, 1, '2024-01-15', 144, 133),
(2429, 38, '2024-01-15', 144, 134),
(2430, 29, '2024-01-15', 144, 135),
(2431, 29, '2024-01-15', 144, 136),
(2432, 20, '2024-01-15', 144, 137),
(2433, 10, '2024-01-15', 144, 138),
(2434, 32, '2024-01-15', 144, 139),
(2435, 12, '2024-01-15', 144, 140),
(2436, 2, '2024-01-15', 144, 141),
(2437, 12, '2024-01-15', 144, 142),
(2438, 16, '2024-01-15', 144, 143),
(2439, 2, '2024-01-15', 144, 145),
(2440, 1, '2024-01-15', 144, 146),
(2441, 1, '2024-01-15', 144, 147),
(2442, 38, '2024-01-15', 144, 148),
(2443, 30, '2024-01-15', 144, 149),
(2444, 36, '2024-01-15', 145, 127),
(2445, 13, '2024-01-15', 145, 128),
(2446, 32, '2024-01-15', 145, 129),
(2447, 4, '2024-01-15', 145, 130),
(2448, 2, '2024-01-15', 145, 131),
(2449, 37, '2024-01-15', 145, 132),
(2450, 22, '2024-01-15', 145, 133),
(2451, 36, '2024-01-15', 145, 134),
(2452, 36, '2024-01-15', 145, 135),
(2453, 31, '2024-01-15', 145, 136),
(2454, 10, '2024-01-15', 145, 137),
(2455, 34, '2024-01-15', 145, 138),
(2456, 23, '2024-01-15', 145, 139),
(2457, 13, '2024-01-15', 145, 140),
(2458, 35, '2024-01-15', 145, 141),
(2459, 16, '2024-01-15', 145, 142),
(2460, 13, '2024-01-15', 145, 143),
(2461, 19, '2024-01-15', 145, 144),
(2462, 14, '2024-01-15', 145, 146),
(2463, 13, '2024-01-15', 145, 147),
(2464, 23, '2024-01-15', 145, 148),
(2465, 35, '2024-01-15', 145, 149),
(2466, 27, '2024-01-15', 146, 127),
(2467, 32, '2024-01-15', 146, 128),
(2468, 39, '2024-01-15', 146, 129),
(2469, 20, '2024-01-15', 146, 130),
(2470, 21, '2024-01-15', 146, 131),
(2471, 8, '2024-01-15', 146, 132),
(2472, 13, '2024-01-15', 146, 133),
(2473, 2, '2024-01-15', 146, 134),
(2474, 8, '2024-01-15', 146, 135),
(2475, 33, '2024-01-15', 146, 136),
(2476, 26, '2024-01-15', 146, 137),
(2477, 28, '2024-01-15', 146, 138),
(2478, 23, '2024-01-15', 146, 139),
(2479, 30, '2024-01-15', 146, 140),
(2480, 2, '2024-01-15', 146, 141),
(2481, 36, '2024-01-15', 146, 142),
(2482, 20, '2024-01-15', 146, 143),
(2483, 28, '2024-01-15', 146, 144),
(2484, 4, '2024-01-15', 146, 145),
(2485, 10, '2024-01-15', 146, 147),
(2486, 2, '2024-01-15', 146, 148),
(2487, 17, '2024-01-15', 146, 149),
(2488, 1, '2024-01-15', 147, 127),
(2489, 33, '2024-01-15', 147, 128),
(2490, 4, '2024-01-15', 147, 129),
(2491, 39, '2024-01-15', 147, 130),
(2492, 27, '2024-01-15', 147, 131),
(2493, 17, '2024-01-15', 147, 132),
(2494, 2, '2024-01-15', 147, 133),
(2495, 37, '2024-01-15', 147, 134),
(2496, 23, '2024-01-15', 147, 135),
(2497, 3, '2024-01-15', 147, 136),
(2498, 25, '2024-01-15', 147, 137),
(2499, 37, '2024-01-15', 147, 138),
(2500, 29, '2024-01-15', 147, 139),
(2501, 37, '2024-01-15', 147, 140),
(2502, 17, '2024-01-15', 147, 141),
(2503, 14, '2024-01-15', 147, 142),
(2504, 20, '2024-01-15', 147, 143),
(2505, 15, '2024-01-15', 147, 144),
(2506, 17, '2024-01-15', 147, 145),
(2507, 1, '2024-01-15', 147, 146),
(2508, 29, '2024-01-15', 147, 148),
(2509, 27, '2024-01-15', 147, 149),
(2510, 9, '2024-01-15', 148, 127),
(2511, 3, '2024-01-15', 148, 128),
(2512, 25, '2024-01-15', 148, 129),
(2513, 38, '2024-01-15', 148, 130),
(2514, 35, '2024-01-15', 148, 131),
(2515, 24, '2024-01-15', 148, 132),
(2516, 14, '2024-01-15', 148, 133),
(2517, 38, '2024-01-15', 148, 134),
(2518, 30, '2024-01-15', 148, 135),
(2519, 36, '2024-01-15', 148, 136),
(2520, 9, '2024-01-15', 148, 137),
(2521, 16, '2024-01-15', 148, 138),
(2522, 15, '2024-01-15', 148, 139),
(2523, 27, '2024-01-15', 148, 140),
(2524, 11, '2024-01-15', 148, 141),
(2525, 12, '2024-01-15', 148, 142),
(2526, 25, '2024-01-15', 148, 143),
(2527, 13, '2024-01-15', 148, 144),
(2528, 29, '2024-01-15', 148, 145),
(2529, 26, '2024-01-15', 148, 146),
(2530, 3, '2024-01-15', 148, 147),
(2531, 13, '2024-01-15', 148, 149),
(2532, 19, '2024-01-15', 149, 127),
(2533, 18, '2024-01-15', 149, 128),
(2534, 30, '2024-01-15', 149, 129),
(2535, 19, '2024-01-15', 149, 130),
(2536, 4, '2024-01-15', 149, 131),
(2537, 3, '2024-01-15', 149, 132),
(2538, 3, '2024-01-15', 149, 133),
(2539, 5, '2024-01-15', 149, 134),
(2540, 16, '2024-01-15', 149, 135),
(2541, 27, '2024-01-15', 149, 136),
(2542, 6, '2024-01-15', 149, 137),
(2543, 26, '2024-01-15', 149, 138),
(2544, 34, '2024-01-15', 149, 139),
(2545, 15, '2024-01-15', 149, 140),
(2546, 9, '2024-01-15', 149, 141),
(2547, 2, '2024-01-15', 149, 142),
(2548, 19, '2024-01-15', 149, 143),
(2549, 10, '2024-01-15', 149, 144),
(2550, 33, '2024-01-15', 149, 145),
(2551, 18, '2024-01-15', 149, 146),
(2552, 27, '2024-01-15', 149, 147),
(2553, 4, '2024-01-15', 149, 148),
(2554, 16, '2024-01-15', 150, 151),
(2555, 29, '2024-01-15', 150, 152),
(2556, 17, '2024-01-15', 150, 153),
(2557, 37, '2024-01-15', 150, 154),
(2558, 17, '2024-01-15', 150, 155),
(2559, 11, '2024-01-15', 150, 156),
(2560, 5, '2024-01-15', 150, 157),
(2561, 28, '2024-01-15', 150, 158),
(2562, 9, '2024-01-15', 150, 159),
(2563, 1, '2024-01-15', 150, 160),
(2564, 15, '2024-01-15', 150, 161),
(2565, 34, '2024-01-15', 150, 162),
(2566, 6, '2024-01-15', 150, 163),
(2567, 7, '2024-01-15', 150, 164),
(2568, 15, '2024-01-15', 150, 165),
(2569, 17, '2024-01-15', 150, 166),
(2570, 37, '2024-01-15', 150, 167),
(2571, 17, '2024-01-15', 150, 168),
(2572, 14, '2024-01-15', 150, 169),
(2573, 16, '2024-01-15', 150, 170),
(2574, 39, '2024-01-15', 150, 171),
(2575, 31, '2024-01-15', 150, 172),
(2576, 35, '2024-01-15', 151, 150),
(2577, 3, '2024-01-15', 151, 152),
(2578, 28, '2024-01-15', 151, 153),
(2579, 12, '2024-01-15', 151, 154),
(2580, 15, '2024-01-15', 151, 155),
(2581, 39, '2024-01-15', 151, 156),
(2582, 31, '2024-01-15', 151, 157),
(2583, 1, '2024-01-15', 151, 158),
(2584, 25, '2024-01-15', 151, 159),
(2585, 8, '2024-01-15', 151, 160),
(2586, 1, '2024-01-15', 151, 161),
(2587, 21, '2024-01-15', 151, 162),
(2588, 24, '2024-01-15', 151, 163),
(2589, 15, '2024-01-15', 151, 164),
(2590, 5, '2024-01-15', 151, 165),
(2591, 18, '2024-01-15', 151, 166),
(2592, 36, '2024-01-15', 151, 167),
(2593, 8, '2024-01-15', 151, 168),
(2594, 10, '2024-01-15', 151, 169),
(2595, 27, '2024-01-15', 151, 170),
(2596, 23, '2024-01-15', 151, 171),
(2597, 37, '2024-01-15', 151, 172),
(2598, 36, '2024-01-15', 152, 150),
(2599, 30, '2024-01-15', 152, 151),
(2600, 2, '2024-01-15', 152, 153),
(2601, 36, '2024-01-15', 152, 154),
(2602, 19, '2024-01-15', 152, 155),
(2603, 24, '2024-01-15', 152, 156),
(2604, 24, '2024-01-15', 152, 157),
(2605, 11, '2024-01-15', 152, 158),
(2606, 18, '2024-01-15', 152, 159),
(2607, 20, '2024-01-15', 152, 160),
(2608, 6, '2024-01-15', 152, 161),
(2609, 9, '2024-01-15', 152, 162),
(2610, 26, '2024-01-15', 152, 163),
(2611, 24, '2024-01-15', 152, 164),
(2612, 1, '2024-01-15', 152, 165),
(2613, 11, '2024-01-15', 152, 166),
(2614, 15, '2024-01-15', 152, 167),
(2615, 1, '2024-01-15', 152, 168),
(2616, 39, '2024-01-15', 152, 169),
(2617, 35, '2024-01-15', 152, 170),
(2618, 18, '2024-01-15', 152, 171),
(2619, 22, '2024-01-15', 152, 172),
(2620, 17, '2024-01-15', 153, 150),
(2621, 18, '2024-01-15', 153, 151),
(2622, 38, '2024-01-15', 153, 152),
(2623, 20, '2024-01-15', 153, 154),
(2624, 26, '2024-01-15', 153, 155),
(2625, 28, '2024-01-15', 153, 156),
(2626, 21, '2024-01-15', 153, 157),
(2627, 23, '2024-01-15', 153, 158),
(2628, 12, '2024-01-15', 153, 159),
(2629, 31, '2024-01-15', 153, 160),
(2630, 2, '2024-01-15', 153, 161),
(2631, 31, '2024-01-15', 153, 162),
(2632, 34, '2024-01-15', 153, 163),
(2633, 38, '2024-01-15', 153, 164),
(2634, 7, '2024-01-15', 153, 165),
(2635, 39, '2024-01-15', 153, 166),
(2636, 17, '2024-01-15', 153, 167),
(2637, 7, '2024-01-15', 153, 168),
(2638, 20, '2024-01-15', 153, 169),
(2639, 4, '2024-01-15', 153, 170),
(2640, 35, '2024-01-15', 153, 171),
(2641, 9, '2024-01-15', 153, 172),
(2642, 17, '2024-01-15', 154, 150),
(2643, 17, '2024-01-15', 154, 151),
(2644, 34, '2024-01-15', 154, 152),
(2645, 3, '2024-01-15', 154, 153),
(2646, 27, '2024-01-15', 154, 155),
(2647, 11, '2024-01-15', 154, 156),
(2648, 11, '2024-01-15', 154, 157),
(2649, 23, '2024-01-15', 154, 158),
(2650, 1, '2024-01-15', 154, 159),
(2651, 15, '2024-01-15', 154, 160),
(2652, 34, '2024-01-15', 154, 161),
(2653, 5, '2024-01-15', 154, 162),
(2654, 38, '2024-01-15', 154, 163),
(2655, 22, '2024-01-15', 154, 164),
(2656, 34, '2024-01-15', 154, 165),
(2657, 26, '2024-01-15', 154, 166),
(2658, 25, '2024-01-15', 154, 167),
(2659, 10, '2024-01-15', 154, 168),
(2660, 12, '2024-01-15', 154, 169),
(2661, 28, '2024-01-15', 154, 170),
(2662, 26, '2024-01-15', 154, 171),
(2663, 8, '2024-01-15', 154, 172),
(2664, 39, '2024-01-15', 155, 150),
(2665, 13, '2024-01-15', 155, 151),
(2666, 27, '2024-01-15', 155, 152),
(2667, 17, '2024-01-15', 155, 153),
(2668, 4, '2024-01-15', 155, 154),
(2669, 7, '2024-01-15', 155, 156),
(2670, 21, '2024-01-15', 155, 157),
(2671, 6, '2024-01-15', 155, 158),
(2672, 5, '2024-01-15', 155, 159),
(2673, 9, '2024-01-15', 155, 160),
(2674, 27, '2024-01-15', 155, 161),
(2675, 28, '2024-01-15', 155, 162),
(2676, 23, '2024-01-15', 155, 163),
(2677, 28, '2024-01-15', 155, 164),
(2678, 31, '2024-01-15', 155, 165),
(2679, 33, '2024-01-15', 155, 166),
(2680, 33, '2024-01-15', 155, 167),
(2681, 27, '2024-01-15', 155, 168),
(2682, 36, '2024-01-15', 155, 169),
(2683, 19, '2024-01-15', 155, 170),
(2684, 28, '2024-01-15', 155, 171),
(2685, 3, '2024-01-15', 155, 172),
(2686, 7, '2024-01-15', 156, 150),
(2687, 26, '2024-01-15', 156, 151),
(2688, 31, '2024-01-15', 156, 152),
(2689, 36, '2024-01-15', 156, 153),
(2690, 10, '2024-01-15', 156, 154),
(2691, 18, '2024-01-15', 156, 155),
(2692, 20, '2024-01-15', 156, 157),
(2693, 7, '2024-01-15', 156, 158),
(2694, 16, '2024-01-15', 156, 159),
(2695, 17, '2024-01-15', 156, 160),
(2696, 37, '2024-01-15', 156, 161),
(2697, 15, '2024-01-15', 156, 162),
(2698, 2, '2024-01-15', 156, 163),
(2699, 6, '2024-01-15', 156, 164),
(2700, 23, '2024-01-15', 156, 165),
(2701, 19, '2024-01-15', 156, 166),
(2702, 26, '2024-01-15', 156, 167),
(2703, 32, '2024-01-15', 156, 168),
(2704, 4, '2024-01-15', 156, 169),
(2705, 1, '2024-01-15', 156, 170),
(2706, 33, '2024-01-15', 156, 171),
(2707, 5, '2024-01-15', 156, 172),
(2708, 4, '2024-01-15', 157, 150),
(2709, 4, '2024-01-15', 157, 151),
(2710, 7, '2024-01-15', 157, 152),
(2711, 24, '2024-01-15', 157, 153),
(2712, 19, '2024-01-15', 157, 154),
(2713, 24, '2024-01-15', 157, 155),
(2714, 22, '2024-01-15', 157, 156),
(2715, 37, '2024-01-15', 157, 158),
(2716, 4, '2024-01-15', 157, 159),
(2717, 23, '2024-01-15', 157, 160),
(2718, 27, '2024-01-15', 157, 161),
(2719, 25, '2024-01-15', 157, 162),
(2720, 3, '2024-01-15', 157, 163),
(2721, 18, '2024-01-15', 157, 164),
(2722, 3, '2024-01-15', 157, 165),
(2723, 38, '2024-01-15', 157, 166),
(2724, 26, '2024-01-15', 157, 167),
(2725, 14, '2024-01-15', 157, 168),
(2726, 30, '2024-01-15', 157, 169),
(2727, 31, '2024-01-15', 157, 170),
(2728, 23, '2024-01-15', 157, 171),
(2729, 23, '2024-01-15', 157, 172),
(2730, 5, '2024-01-15', 158, 150),
(2731, 35, '2024-01-15', 158, 151),
(2732, 5, '2024-01-15', 158, 152),
(2733, 33, '2024-01-15', 158, 153),
(2734, 36, '2024-01-15', 158, 154),
(2735, 38, '2024-01-15', 158, 155),
(2736, 7, '2024-01-15', 158, 156),
(2737, 34, '2024-01-15', 158, 157),
(2738, 35, '2024-01-15', 158, 159),
(2739, 33, '2024-01-15', 158, 160),
(2740, 18, '2024-01-15', 158, 161),
(2741, 30, '2024-01-15', 158, 162),
(2742, 18, '2024-01-15', 158, 163),
(2743, 38, '2024-01-15', 158, 164),
(2744, 20, '2024-01-15', 158, 165),
(2745, 24, '2024-01-15', 158, 166),
(2746, 20, '2024-01-15', 158, 167),
(2747, 26, '2024-01-15', 158, 168),
(2748, 33, '2024-01-15', 158, 169),
(2749, 9, '2024-01-15', 158, 170),
(2750, 25, '2024-01-15', 158, 171),
(2751, 16, '2024-01-15', 158, 172),
(2752, 6, '2024-01-15', 159, 150),
(2753, 20, '2024-01-15', 159, 151),
(2754, 6, '2024-01-15', 159, 152),
(2755, 6, '2024-01-15', 159, 153),
(2756, 11, '2024-01-15', 159, 154),
(2757, 39, '2024-01-15', 159, 155),
(2758, 3, '2024-01-15', 159, 156),
(2759, 14, '2024-01-15', 159, 157),
(2760, 21, '2024-01-15', 159, 158),
(2761, 26, '2024-01-15', 159, 160),
(2762, 27, '2024-01-15', 159, 161),
(2763, 16, '2024-01-15', 159, 162),
(2764, 1, '2024-01-15', 159, 163),
(2765, 31, '2024-01-15', 159, 164),
(2766, 37, '2024-01-15', 159, 165),
(2767, 13, '2024-01-15', 159, 166),
(2768, 31, '2024-01-15', 159, 167),
(2769, 39, '2024-01-15', 159, 168),
(2770, 23, '2024-01-15', 159, 169),
(2771, 37, '2024-01-15', 159, 170),
(2772, 37, '2024-01-15', 159, 171),
(2773, 36, '2024-01-15', 159, 172),
(2774, 27, '2024-01-15', 160, 150),
(2775, 28, '2024-01-15', 160, 151),
(2776, 18, '2024-01-15', 160, 152),
(2777, 7, '2024-01-15', 160, 153),
(2778, 20, '2024-01-15', 160, 154),
(2779, 38, '2024-01-15', 160, 155),
(2780, 13, '2024-01-15', 160, 156),
(2781, 30, '2024-01-15', 160, 157),
(2782, 30, '2024-01-15', 160, 158),
(2783, 22, '2024-01-15', 160, 159),
(2784, 20, '2024-01-15', 160, 161),
(2785, 31, '2024-01-15', 160, 162),
(2786, 19, '2024-01-15', 160, 163),
(2787, 38, '2024-01-15', 160, 164),
(2788, 16, '2024-01-15', 160, 165),
(2789, 4, '2024-01-15', 160, 166),
(2790, 9, '2024-01-15', 160, 167),
(2791, 36, '2024-01-15', 160, 168),
(2792, 34, '2024-01-15', 160, 169),
(2793, 21, '2024-01-15', 160, 170),
(2794, 2, '2024-01-15', 160, 171),
(2795, 26, '2024-01-15', 160, 172),
(2796, 4, '2024-01-15', 161, 150),
(2797, 22, '2024-01-15', 161, 151),
(2798, 17, '2024-01-15', 161, 152),
(2799, 20, '2024-01-15', 161, 153),
(2800, 9, '2024-01-15', 161, 154),
(2801, 22, '2024-01-15', 161, 155),
(2802, 7, '2024-01-15', 161, 156),
(2803, 8, '2024-01-15', 161, 157),
(2804, 17, '2024-01-15', 161, 158),
(2805, 23, '2024-01-15', 161, 159),
(2806, 22, '2024-01-15', 161, 160),
(2807, 3, '2024-01-15', 161, 162),
(2808, 27, '2024-01-15', 161, 163),
(2809, 7, '2024-01-15', 161, 164),
(2810, 31, '2024-01-15', 161, 165),
(2811, 19, '2024-01-15', 161, 166),
(2812, 2, '2024-01-15', 161, 167),
(2813, 30, '2024-01-15', 161, 168),
(2814, 25, '2024-01-15', 161, 169),
(2815, 37, '2024-01-15', 161, 170),
(2816, 30, '2024-01-15', 161, 171),
(2817, 39, '2024-01-15', 161, 172),
(2818, 28, '2024-01-15', 162, 150),
(2819, 22, '2024-01-15', 162, 151),
(2820, 24, '2024-01-15', 162, 152),
(2821, 16, '2024-01-15', 162, 153),
(2822, 5, '2024-01-15', 162, 154),
(2823, 16, '2024-01-15', 162, 155),
(2824, 26, '2024-01-15', 162, 156),
(2825, 4, '2024-01-15', 162, 157),
(2826, 21, '2024-01-15', 162, 158),
(2827, 14, '2024-01-15', 162, 159),
(2828, 7, '2024-01-15', 162, 160),
(2829, 30, '2024-01-15', 162, 161),
(2830, 12, '2024-01-15', 162, 163),
(2831, 8, '2024-01-15', 162, 164),
(2832, 3, '2024-01-15', 162, 165),
(2833, 29, '2024-01-15', 162, 166),
(2834, 20, '2024-01-15', 162, 167),
(2835, 12, '2024-01-15', 162, 168),
(2836, 39, '2024-01-15', 162, 169),
(2837, 2, '2024-01-15', 162, 170),
(2838, 8, '2024-01-15', 162, 171),
(2839, 37, '2024-01-15', 162, 172),
(2840, 1, '2024-01-15', 163, 150),
(2841, 12, '2024-01-15', 163, 151),
(2842, 18, '2024-01-15', 163, 152),
(2843, 14, '2024-01-15', 163, 153),
(2844, 16, '2024-01-15', 163, 154),
(2845, 37, '2024-01-15', 163, 155),
(2846, 21, '2024-01-15', 163, 156),
(2847, 31, '2024-01-15', 163, 157),
(2848, 16, '2024-01-15', 163, 158),
(2849, 22, '2024-01-15', 163, 159),
(2850, 25, '2024-01-15', 163, 160),
(2851, 21, '2024-01-15', 163, 161),
(2852, 27, '2024-01-15', 163, 162),
(2853, 32, '2024-01-15', 163, 164),
(2854, 1, '2024-01-15', 163, 165),
(2855, 24, '2024-01-15', 163, 166),
(2856, 39, '2024-01-15', 163, 167),
(2857, 8, '2024-01-15', 163, 168),
(2858, 38, '2024-01-15', 163, 169),
(2859, 11, '2024-01-15', 163, 170),
(2860, 17, '2024-01-15', 163, 171),
(2861, 14, '2024-01-15', 163, 172),
(2862, 16, '2024-01-15', 164, 150),
(2863, 39, '2024-01-15', 164, 151),
(2864, 29, '2024-01-15', 164, 152),
(2865, 27, '2024-01-15', 164, 153),
(2866, 10, '2024-01-15', 164, 154),
(2867, 5, '2024-01-15', 164, 155),
(2868, 34, '2024-01-15', 164, 156),
(2869, 39, '2024-01-15', 164, 157),
(2870, 16, '2024-01-15', 164, 158),
(2871, 38, '2024-01-15', 164, 159),
(2872, 23, '2024-01-15', 164, 160),
(2873, 3, '2024-01-15', 164, 161),
(2874, 25, '2024-01-15', 164, 162),
(2875, 36, '2024-01-15', 164, 163),
(2876, 25, '2024-01-15', 164, 165),
(2877, 17, '2024-01-15', 164, 166),
(2878, 12, '2024-01-15', 164, 167),
(2879, 5, '2024-01-15', 164, 168),
(2880, 29, '2024-01-15', 164, 169),
(2881, 11, '2024-01-15', 164, 170),
(2882, 8, '2024-01-15', 164, 171),
(2883, 6, '2024-01-15', 164, 172),
(2884, 4, '2024-01-15', 165, 150),
(2885, 3, '2024-01-15', 165, 151),
(2886, 4, '2024-01-15', 165, 152),
(2887, 8, '2024-01-15', 165, 153),
(2888, 27, '2024-01-15', 165, 154),
(2889, 34, '2024-01-15', 165, 155),
(2890, 11, '2024-01-15', 165, 156),
(2891, 28, '2024-01-15', 165, 157),
(2892, 32, '2024-01-15', 165, 158),
(2893, 34, '2024-01-15', 165, 159),
(2894, 35, '2024-01-15', 165, 160),
(2895, 34, '2024-01-15', 165, 161),
(2896, 26, '2024-01-15', 165, 162),
(2897, 26, '2024-01-15', 165, 163),
(2898, 12, '2024-01-15', 165, 164),
(2899, 23, '2024-01-15', 165, 166),
(2900, 36, '2024-01-15', 165, 167),
(2901, 36, '2024-01-15', 165, 168),
(2902, 29, '2024-01-15', 165, 169),
(2903, 39, '2024-01-15', 165, 170),
(2904, 28, '2024-01-15', 165, 171),
(2905, 21, '2024-01-15', 165, 172),
(2906, 24, '2024-01-15', 166, 150),
(2907, 14, '2024-01-15', 166, 151),
(2908, 1, '2024-01-15', 166, 152),
(2909, 37, '2024-01-15', 166, 153),
(2910, 29, '2024-01-15', 166, 154),
(2911, 31, '2024-01-15', 166, 155),
(2912, 30, '2024-01-15', 166, 156),
(2913, 16, '2024-01-15', 166, 157),
(2914, 29, '2024-01-15', 166, 158),
(2915, 20, '2024-01-15', 166, 159),
(2916, 12, '2024-01-15', 166, 160),
(2917, 39, '2024-01-15', 166, 161),
(2918, 2, '2024-01-15', 166, 162),
(2919, 10, '2024-01-15', 166, 163),
(2920, 2, '2024-01-15', 166, 164),
(2921, 22, '2024-01-15', 166, 165),
(2922, 24, '2024-01-15', 166, 167),
(2923, 16, '2024-01-15', 166, 168),
(2924, 7, '2024-01-15', 166, 169),
(2925, 24, '2024-01-15', 166, 170),
(2926, 21, '2024-01-15', 166, 171),
(2927, 34, '2024-01-15', 166, 172),
(2928, 29, '2024-01-15', 167, 150),
(2929, 3, '2024-01-15', 167, 151),
(2930, 4, '2024-01-15', 167, 152),
(2931, 13, '2024-01-15', 167, 153),
(2932, 13, '2024-01-15', 167, 154),
(2933, 25, '2024-01-15', 167, 155),
(2934, 7, '2024-01-15', 167, 156),
(2935, 37, '2024-01-15', 167, 157),
(2936, 10, '2024-01-15', 167, 158),
(2937, 13, '2024-01-15', 167, 159),
(2938, 38, '2024-01-15', 167, 160),
(2939, 30, '2024-01-15', 167, 161),
(2940, 37, '2024-01-15', 167, 162),
(2941, 17, '2024-01-15', 167, 163),
(2942, 12, '2024-01-15', 167, 164),
(2943, 6, '2024-01-15', 167, 165),
(2944, 36, '2024-01-15', 167, 166),
(2945, 6, '2024-01-15', 167, 168),
(2946, 36, '2024-01-15', 167, 169),
(2947, 6, '2024-01-15', 167, 170),
(2948, 38, '2024-01-15', 167, 171),
(2949, 15, '2024-01-15', 167, 172),
(2950, 2, '2024-01-15', 168, 150),
(2951, 2, '2024-01-15', 168, 151),
(2952, 3, '2024-01-15', 168, 152),
(2953, 9, '2024-01-15', 168, 153),
(2954, 34, '2024-01-15', 168, 154),
(2955, 26, '2024-01-15', 168, 155),
(2956, 27, '2024-01-15', 168, 156),
(2957, 20, '2024-01-15', 168, 157),
(2958, 15, '2024-01-15', 168, 158),
(2959, 17, '2024-01-15', 168, 159),
(2960, 2, '2024-01-15', 168, 160),
(2961, 34, '2024-01-15', 168, 161),
(2962, 10, '2024-01-15', 168, 162),
(2963, 24, '2024-01-15', 168, 163),
(2964, 13, '2024-01-15', 168, 164),
(2965, 30, '2024-01-15', 168, 165),
(2966, 32, '2024-01-15', 168, 166),
(2967, 32, '2024-01-15', 168, 167),
(2968, 26, '2024-01-15', 168, 169),
(2969, 31, '2024-01-15', 168, 170),
(2970, 39, '2024-01-15', 168, 171),
(2971, 25, '2024-01-15', 168, 172),
(2972, 6, '2024-01-15', 169, 150),
(2973, 34, '2024-01-15', 169, 151),
(2974, 33, '2024-01-15', 169, 152),
(2975, 24, '2024-01-15', 169, 153),
(2976, 22, '2024-01-15', 169, 154),
(2977, 37, '2024-01-15', 169, 155),
(2978, 2, '2024-01-15', 169, 156),
(2979, 15, '2024-01-15', 169, 157),
(2980, 29, '2024-01-15', 169, 158),
(2981, 22, '2024-01-15', 169, 159),
(2982, 23, '2024-01-15', 169, 160),
(2983, 10, '2024-01-15', 169, 161),
(2984, 20, '2024-01-15', 169, 162),
(2985, 30, '2024-01-15', 169, 163),
(2986, 10, '2024-01-15', 169, 164),
(2987, 36, '2024-01-15', 169, 165),
(2988, 36, '2024-01-15', 169, 166),
(2989, 33, '2024-01-15', 169, 167),
(2990, 14, '2024-01-15', 169, 168),
(2991, 12, '2024-01-15', 169, 170),
(2992, 17, '2024-01-15', 169, 171),
(2993, 11, '2024-01-15', 169, 172),
(2994, 2, '2024-01-15', 170, 150),
(2995, 17, '2024-01-15', 170, 151),
(2996, 38, '2024-01-15', 170, 152),
(2997, 21, '2024-01-15', 170, 153),
(2998, 31, '2024-01-15', 170, 154),
(2999, 11, '2024-01-15', 170, 155),
(3000, 2, '2024-01-15', 170, 156),
(3001, 15, '2024-01-15', 170, 157),
(3002, 31, '2024-01-15', 170, 158),
(3003, 31, '2024-01-15', 170, 159),
(3004, 24, '2024-01-15', 170, 160),
(3005, 25, '2024-01-15', 170, 161),
(3006, 12, '2024-01-15', 170, 162),
(3007, 23, '2024-01-15', 170, 163),
(3008, 3, '2024-01-15', 170, 164),
(3009, 25, '2024-01-15', 170, 165),
(3010, 34, '2024-01-15', 170, 166),
(3011, 16, '2024-01-15', 170, 167),
(3012, 20, '2024-01-15', 170, 168),
(3013, 9, '2024-01-15', 170, 169),
(3014, 26, '2024-01-15', 170, 171),
(3015, 25, '2024-01-15', 170, 172),
(3016, 7, '2024-01-15', 171, 150),
(3017, 37, '2024-01-15', 171, 151),
(3018, 7, '2024-01-15', 171, 152),
(3019, 2, '2024-01-15', 171, 153),
(3020, 28, '2024-01-15', 171, 154),
(3021, 16, '2024-01-15', 171, 155),
(3022, 35, '2024-01-15', 171, 156),
(3023, 8, '2024-01-15', 171, 157),
(3024, 12, '2024-01-15', 171, 158),
(3025, 38, '2024-01-15', 171, 159),
(3026, 37, '2024-01-15', 171, 160),
(3027, 30, '2024-01-15', 171, 161),
(3028, 2, '2024-01-15', 171, 162),
(3029, 33, '2024-01-15', 171, 163),
(3030, 4, '2024-01-15', 171, 164),
(3031, 36, '2024-01-15', 171, 165),
(3032, 15, '2024-01-15', 171, 166),
(3033, 2, '2024-01-15', 171, 167),
(3034, 4, '2024-01-15', 171, 168),
(3035, 13, '2024-01-15', 171, 169),
(3036, 14, '2024-01-15', 171, 170),
(3037, 30, '2024-01-15', 171, 172),
(3038, 32, '2024-01-15', 172, 150),
(3039, 27, '2024-01-15', 172, 151),
(3040, 3, '2024-01-15', 172, 152),
(3041, 9, '2024-01-15', 172, 153),
(3042, 36, '2024-01-15', 172, 154),
(3043, 36, '2024-01-15', 172, 155),
(3044, 33, '2024-01-15', 172, 156),
(3045, 19, '2024-01-15', 172, 157),
(3046, 33, '2024-01-15', 172, 158),
(3047, 31, '2024-01-15', 172, 159),
(3048, 15, '2024-01-15', 172, 160),
(3049, 21, '2024-01-15', 172, 161),
(3050, 20, '2024-01-15', 172, 162),
(3051, 37, '2024-01-15', 172, 163),
(3052, 6, '2024-01-15', 172, 164),
(3053, 34, '2024-01-15', 172, 165),
(3054, 38, '2024-01-15', 172, 166),
(3055, 7, '2024-01-15', 172, 167),
(3056, 39, '2024-01-15', 172, 168),
(3057, 16, '2024-01-15', 172, 169),
(3058, 4, '2024-01-15', 172, 170),
(3059, 8, '2024-01-15', 172, 171),
(3060, 30, '2024-01-15', 173, 174),
(3061, 8, '2024-01-15', 173, 175),
(3062, 26, '2024-01-15', 173, 176),
(3063, 30, '2024-01-15', 173, 177),
(3064, 30, '2024-01-15', 173, 178),
(3065, 21, '2024-01-15', 173, 179),
(3066, 14, '2024-01-15', 173, 180),
(3067, 7, '2024-01-15', 173, 181),
(3068, 33, '2024-01-15', 173, 182),
(3069, 25, '2024-01-15', 173, 183),
(3070, 26, '2024-01-15', 173, 184),
(3071, 17, '2024-01-15', 173, 185),
(3072, 3, '2024-01-15', 173, 186),
(3073, 6, '2024-01-15', 173, 187),
(3074, 17, '2024-01-15', 173, 188);
INSERT INTO `partido` (`ID_partido`, `Arbitro`, `Fecha`, `Local`, `Visitante`) VALUES
(3075, 30, '2024-01-15', 173, 189),
(3076, 19, '2024-01-15', 173, 190),
(3077, 7, '2024-01-15', 173, 191),
(3078, 15, '2024-01-15', 173, 192),
(3079, 13, '2024-01-15', 173, 193),
(3080, 22, '2024-01-15', 173, 194),
(3081, 30, '2024-01-15', 173, 195),
(3082, 7, '2024-01-15', 174, 173),
(3083, 20, '2024-01-15', 174, 175),
(3084, 2, '2024-01-15', 174, 176),
(3085, 28, '2024-01-15', 174, 177),
(3086, 17, '2024-01-15', 174, 178),
(3087, 39, '2024-01-15', 174, 179),
(3088, 28, '2024-01-15', 174, 180),
(3089, 19, '2024-01-15', 174, 181),
(3090, 13, '2024-01-15', 174, 182),
(3091, 8, '2024-01-15', 174, 183),
(3092, 37, '2024-01-15', 174, 184),
(3093, 6, '2024-01-15', 174, 185),
(3094, 35, '2024-01-15', 174, 186),
(3095, 2, '2024-01-15', 174, 187),
(3096, 22, '2024-01-15', 174, 188),
(3097, 23, '2024-01-15', 174, 189),
(3098, 9, '2024-01-15', 174, 190),
(3099, 14, '2024-01-15', 174, 191),
(3100, 5, '2024-01-15', 174, 192),
(3101, 22, '2024-01-15', 174, 193),
(3102, 16, '2024-01-15', 174, 194),
(3103, 12, '2024-01-15', 174, 195),
(3104, 13, '2024-01-15', 175, 173),
(3105, 30, '2024-01-15', 175, 174),
(3106, 30, '2024-01-15', 175, 176),
(3107, 23, '2024-01-15', 175, 177),
(3108, 23, '2024-01-15', 175, 178),
(3109, 5, '2024-01-15', 175, 179),
(3110, 34, '2024-01-15', 175, 180),
(3111, 38, '2024-01-15', 175, 181),
(3112, 9, '2024-01-15', 175, 182),
(3113, 9, '2024-01-15', 175, 183),
(3114, 18, '2024-01-15', 175, 184),
(3115, 22, '2024-01-15', 175, 185),
(3116, 15, '2024-01-15', 175, 186),
(3117, 12, '2024-01-15', 175, 187),
(3118, 13, '2024-01-15', 175, 188),
(3119, 31, '2024-01-15', 175, 189),
(3120, 34, '2024-01-15', 175, 190),
(3121, 1, '2024-01-15', 175, 191),
(3122, 19, '2024-01-15', 175, 192),
(3123, 12, '2024-01-15', 175, 193),
(3124, 2, '2024-01-15', 175, 194),
(3125, 15, '2024-01-15', 175, 195),
(3126, 29, '2024-01-15', 176, 173),
(3127, 19, '2024-01-15', 176, 174),
(3128, 11, '2024-01-15', 176, 175),
(3129, 34, '2024-01-15', 176, 177),
(3130, 20, '2024-01-15', 176, 178),
(3131, 36, '2024-01-15', 176, 179),
(3132, 3, '2024-01-15', 176, 180),
(3133, 24, '2024-01-15', 176, 181),
(3134, 33, '2024-01-15', 176, 182),
(3135, 14, '2024-01-15', 176, 183),
(3136, 10, '2024-01-15', 176, 184),
(3137, 6, '2024-01-15', 176, 185),
(3138, 1, '2024-01-15', 176, 186),
(3139, 26, '2024-01-15', 176, 187),
(3140, 8, '2024-01-15', 176, 188),
(3141, 39, '2024-01-15', 176, 189),
(3142, 13, '2024-01-15', 176, 190),
(3143, 29, '2024-01-15', 176, 191),
(3144, 25, '2024-01-15', 176, 192),
(3145, 1, '2024-01-15', 176, 193),
(3146, 5, '2024-01-15', 176, 194),
(3147, 21, '2024-01-15', 176, 195),
(3148, 15, '2024-01-15', 177, 173),
(3149, 8, '2024-01-15', 177, 174),
(3150, 34, '2024-01-15', 177, 175),
(3151, 28, '2024-01-15', 177, 176),
(3152, 36, '2024-01-15', 177, 178),
(3153, 20, '2024-01-15', 177, 179),
(3154, 30, '2024-01-15', 177, 180),
(3155, 13, '2024-01-15', 177, 181),
(3156, 11, '2024-01-15', 177, 182),
(3157, 18, '2024-01-15', 177, 183),
(3158, 18, '2024-01-15', 177, 184),
(3159, 35, '2024-01-15', 177, 185),
(3160, 4, '2024-01-15', 177, 186),
(3161, 31, '2024-01-15', 177, 187),
(3162, 24, '2024-01-15', 177, 188),
(3163, 26, '2024-01-15', 177, 189),
(3164, 18, '2024-01-15', 177, 190),
(3165, 14, '2024-01-15', 177, 191),
(3166, 13, '2024-01-15', 177, 192),
(3167, 26, '2024-01-15', 177, 193),
(3168, 9, '2024-01-15', 177, 194),
(3169, 8, '2024-01-15', 177, 195),
(3170, 11, '2024-01-15', 178, 173),
(3171, 33, '2024-01-15', 178, 174),
(3172, 11, '2024-01-15', 178, 175),
(3173, 36, '2024-01-15', 178, 176),
(3174, 30, '2024-01-15', 178, 177),
(3175, 39, '2024-01-15', 178, 179),
(3176, 28, '2024-01-15', 178, 180),
(3177, 21, '2024-01-15', 178, 181),
(3178, 23, '2024-01-15', 178, 182),
(3179, 9, '2024-01-15', 178, 183),
(3180, 18, '2024-01-15', 178, 184),
(3181, 22, '2024-01-15', 178, 185),
(3182, 17, '2024-01-15', 178, 186),
(3183, 16, '2024-01-15', 178, 187),
(3184, 31, '2024-01-15', 178, 188),
(3185, 26, '2024-01-15', 178, 189),
(3186, 39, '2024-01-15', 178, 190),
(3187, 36, '2024-01-15', 178, 191),
(3188, 23, '2024-01-15', 178, 192),
(3189, 6, '2024-01-15', 178, 193),
(3190, 39, '2024-01-15', 178, 194),
(3191, 19, '2024-01-15', 178, 195),
(3192, 19, '2024-01-15', 179, 173),
(3193, 38, '2024-01-15', 179, 174),
(3194, 17, '2024-01-15', 179, 175),
(3195, 6, '2024-01-15', 179, 176),
(3196, 19, '2024-01-15', 179, 177),
(3197, 36, '2024-01-15', 179, 178),
(3198, 8, '2024-01-15', 179, 180),
(3199, 10, '2024-01-15', 179, 181),
(3200, 25, '2024-01-15', 179, 182),
(3201, 15, '2024-01-15', 179, 183),
(3202, 2, '2024-01-15', 179, 184),
(3203, 1, '2024-01-15', 179, 185),
(3204, 37, '2024-01-15', 179, 186),
(3205, 28, '2024-01-15', 179, 187),
(3206, 26, '2024-01-15', 179, 188),
(3207, 8, '2024-01-15', 179, 189),
(3208, 39, '2024-01-15', 179, 190),
(3209, 14, '2024-01-15', 179, 191),
(3210, 33, '2024-01-15', 179, 192),
(3211, 4, '2024-01-15', 179, 193),
(3212, 37, '2024-01-15', 179, 194),
(3213, 15, '2024-01-15', 179, 195),
(3214, 5, '2024-01-15', 180, 173),
(3215, 16, '2024-01-15', 180, 174),
(3216, 26, '2024-01-15', 180, 175),
(3217, 3, '2024-01-15', 180, 176),
(3218, 13, '2024-01-15', 180, 177),
(3219, 18, '2024-01-15', 180, 178),
(3220, 12, '2024-01-15', 180, 179),
(3221, 5, '2024-01-15', 180, 181),
(3222, 29, '2024-01-15', 180, 182),
(3223, 13, '2024-01-15', 180, 183),
(3224, 16, '2024-01-15', 180, 184),
(3225, 1, '2024-01-15', 180, 185),
(3226, 36, '2024-01-15', 180, 186),
(3227, 21, '2024-01-15', 180, 187),
(3228, 35, '2024-01-15', 180, 188),
(3229, 34, '2024-01-15', 180, 189),
(3230, 26, '2024-01-15', 180, 190),
(3231, 26, '2024-01-15', 180, 191),
(3232, 14, '2024-01-15', 180, 192),
(3233, 28, '2024-01-15', 180, 193),
(3234, 21, '2024-01-15', 180, 194),
(3235, 19, '2024-01-15', 180, 195),
(3236, 31, '2024-01-15', 181, 173),
(3237, 19, '2024-01-15', 181, 174),
(3238, 39, '2024-01-15', 181, 175),
(3239, 24, '2024-01-15', 181, 176),
(3240, 1, '2024-01-15', 181, 177),
(3241, 12, '2024-01-15', 181, 178),
(3242, 17, '2024-01-15', 181, 179),
(3243, 10, '2024-01-15', 181, 180),
(3244, 35, '2024-01-15', 181, 182),
(3245, 29, '2024-01-15', 181, 183),
(3246, 1, '2024-01-15', 181, 184),
(3247, 33, '2024-01-15', 181, 185),
(3248, 4, '2024-01-15', 181, 186),
(3249, 2, '2024-01-15', 181, 187),
(3250, 36, '2024-01-15', 181, 188),
(3251, 16, '2024-01-15', 181, 189),
(3252, 11, '2024-01-15', 181, 190),
(3253, 6, '2024-01-15', 181, 191),
(3254, 37, '2024-01-15', 181, 192),
(3255, 8, '2024-01-15', 181, 193),
(3256, 9, '2024-01-15', 181, 194),
(3257, 18, '2024-01-15', 181, 195),
(3258, 23, '2024-01-15', 182, 173),
(3259, 23, '2024-01-15', 182, 174),
(3260, 8, '2024-01-15', 182, 175),
(3261, 6, '2024-01-15', 182, 176),
(3262, 9, '2024-01-15', 182, 177),
(3263, 24, '2024-01-15', 182, 178),
(3264, 15, '2024-01-15', 182, 179),
(3265, 1, '2024-01-15', 182, 180),
(3266, 39, '2024-01-15', 182, 181),
(3267, 37, '2024-01-15', 182, 183),
(3268, 26, '2024-01-15', 182, 184),
(3269, 21, '2024-01-15', 182, 185),
(3270, 24, '2024-01-15', 182, 186),
(3271, 17, '2024-01-15', 182, 187),
(3272, 12, '2024-01-15', 182, 188),
(3273, 8, '2024-01-15', 182, 189),
(3274, 5, '2024-01-15', 182, 190),
(3275, 38, '2024-01-15', 182, 191),
(3276, 18, '2024-01-15', 182, 192),
(3277, 15, '2024-01-15', 182, 193),
(3278, 21, '2024-01-15', 182, 194),
(3279, 19, '2024-01-15', 182, 195),
(3280, 30, '2024-01-15', 183, 173),
(3281, 18, '2024-01-15', 183, 174),
(3282, 36, '2024-01-15', 183, 175),
(3283, 9, '2024-01-15', 183, 176),
(3284, 15, '2024-01-15', 183, 177),
(3285, 8, '2024-01-15', 183, 178),
(3286, 35, '2024-01-15', 183, 179),
(3287, 32, '2024-01-15', 183, 180),
(3288, 17, '2024-01-15', 183, 181),
(3289, 26, '2024-01-15', 183, 182),
(3290, 1, '2024-01-15', 183, 184),
(3291, 3, '2024-01-15', 183, 185),
(3292, 11, '2024-01-15', 183, 186),
(3293, 7, '2024-01-15', 183, 187),
(3294, 2, '2024-01-15', 183, 188),
(3295, 28, '2024-01-15', 183, 189),
(3296, 15, '2024-01-15', 183, 190),
(3297, 31, '2024-01-15', 183, 191),
(3298, 33, '2024-01-15', 183, 192),
(3299, 30, '2024-01-15', 183, 193),
(3300, 12, '2024-01-15', 183, 194),
(3301, 7, '2024-01-15', 183, 195),
(3302, 1, '2024-01-15', 184, 173),
(3303, 20, '2024-01-15', 184, 174),
(3304, 21, '2024-01-15', 184, 175),
(3305, 4, '2024-01-15', 184, 176),
(3306, 34, '2024-01-15', 184, 177),
(3307, 1, '2024-01-15', 184, 178),
(3308, 22, '2024-01-15', 184, 179),
(3309, 27, '2024-01-15', 184, 180),
(3310, 32, '2024-01-15', 184, 181),
(3311, 36, '2024-01-15', 184, 182),
(3312, 8, '2024-01-15', 184, 183),
(3313, 9, '2024-01-15', 184, 185),
(3314, 22, '2024-01-15', 184, 186),
(3315, 5, '2024-01-15', 184, 187),
(3316, 34, '2024-01-15', 184, 188),
(3317, 37, '2024-01-15', 184, 189),
(3318, 7, '2024-01-15', 184, 190),
(3319, 39, '2024-01-15', 184, 191),
(3320, 16, '2024-01-15', 184, 192),
(3321, 2, '2024-01-15', 184, 193),
(3322, 39, '2024-01-15', 184, 194),
(3323, 32, '2024-01-15', 184, 195),
(3324, 3, '2024-01-15', 185, 173),
(3325, 38, '2024-01-15', 185, 174),
(3326, 22, '2024-01-15', 185, 175),
(3327, 35, '2024-01-15', 185, 176),
(3328, 31, '2024-01-15', 185, 177),
(3329, 12, '2024-01-15', 185, 178),
(3330, 6, '2024-01-15', 185, 179),
(3331, 30, '2024-01-15', 185, 180),
(3332, 15, '2024-01-15', 185, 181),
(3333, 24, '2024-01-15', 185, 182),
(3334, 37, '2024-01-15', 185, 183),
(3335, 35, '2024-01-15', 185, 184),
(3336, 25, '2024-01-15', 185, 186),
(3337, 18, '2024-01-15', 185, 187),
(3338, 14, '2024-01-15', 185, 188),
(3339, 17, '2024-01-15', 185, 189),
(3340, 2, '2024-01-15', 185, 190),
(3341, 36, '2024-01-15', 185, 191),
(3342, 17, '2024-01-15', 185, 192),
(3343, 18, '2024-01-15', 185, 193),
(3344, 36, '2024-01-15', 185, 194),
(3345, 10, '2024-01-15', 185, 195),
(3346, 19, '2024-01-15', 186, 173),
(3347, 25, '2024-01-15', 186, 174),
(3348, 28, '2024-01-15', 186, 175),
(3349, 27, '2024-01-15', 186, 176),
(3350, 12, '2024-01-15', 186, 177),
(3351, 17, '2024-01-15', 186, 178),
(3352, 8, '2024-01-15', 186, 179),
(3353, 29, '2024-01-15', 186, 180),
(3354, 3, '2024-01-15', 186, 181),
(3355, 6, '2024-01-15', 186, 182),
(3356, 21, '2024-01-15', 186, 183),
(3357, 9, '2024-01-15', 186, 184),
(3358, 21, '2024-01-15', 186, 185),
(3359, 37, '2024-01-15', 186, 187),
(3360, 4, '2024-01-15', 186, 188),
(3361, 25, '2024-01-15', 186, 189),
(3362, 33, '2024-01-15', 186, 190),
(3363, 14, '2024-01-15', 186, 191),
(3364, 9, '2024-01-15', 186, 192),
(3365, 1, '2024-01-15', 186, 193),
(3366, 19, '2024-01-15', 186, 194),
(3367, 14, '2024-01-15', 186, 195),
(3368, 11, '2024-01-15', 187, 173),
(3369, 11, '2024-01-15', 187, 174),
(3370, 23, '2024-01-15', 187, 175),
(3371, 3, '2024-01-15', 187, 176),
(3372, 23, '2024-01-15', 187, 177),
(3373, 29, '2024-01-15', 187, 178),
(3374, 36, '2024-01-15', 187, 179),
(3375, 13, '2024-01-15', 187, 180),
(3376, 37, '2024-01-15', 187, 181),
(3377, 27, '2024-01-15', 187, 182),
(3378, 25, '2024-01-15', 187, 183),
(3379, 3, '2024-01-15', 187, 184),
(3380, 16, '2024-01-15', 187, 185),
(3381, 34, '2024-01-15', 187, 186),
(3382, 4, '2024-01-15', 187, 188),
(3383, 36, '2024-01-15', 187, 189),
(3384, 11, '2024-01-15', 187, 190),
(3385, 24, '2024-01-15', 187, 191),
(3386, 7, '2024-01-15', 187, 192),
(3387, 4, '2024-01-15', 187, 193),
(3388, 36, '2024-01-15', 187, 194),
(3389, 10, '2024-01-15', 187, 195),
(3390, 20, '2024-01-15', 188, 173),
(3391, 31, '2024-01-15', 188, 174),
(3392, 19, '2024-01-15', 188, 175),
(3393, 37, '2024-01-15', 188, 176),
(3394, 11, '2024-01-15', 188, 177),
(3395, 23, '2024-01-15', 188, 178),
(3396, 1, '2024-01-15', 188, 179),
(3397, 14, '2024-01-15', 188, 180),
(3398, 29, '2024-01-15', 188, 181),
(3399, 23, '2024-01-15', 188, 182),
(3400, 27, '2024-01-15', 188, 183),
(3401, 28, '2024-01-15', 188, 184),
(3402, 21, '2024-01-15', 188, 185),
(3403, 19, '2024-01-15', 188, 186),
(3404, 34, '2024-01-15', 188, 187),
(3405, 31, '2024-01-15', 188, 189),
(3406, 13, '2024-01-15', 188, 190),
(3407, 14, '2024-01-15', 188, 191),
(3408, 28, '2024-01-15', 188, 192),
(3409, 20, '2024-01-15', 188, 193),
(3410, 14, '2024-01-15', 188, 194),
(3411, 12, '2024-01-15', 188, 195),
(3412, 18, '2024-01-15', 189, 173),
(3413, 14, '2024-01-15', 189, 174),
(3414, 16, '2024-01-15', 189, 175),
(3415, 38, '2024-01-15', 189, 176),
(3416, 24, '2024-01-15', 189, 177),
(3417, 4, '2024-01-15', 189, 178),
(3418, 26, '2024-01-15', 189, 179),
(3419, 1, '2024-01-15', 189, 180),
(3420, 5, '2024-01-15', 189, 181),
(3421, 19, '2024-01-15', 189, 182),
(3422, 3, '2024-01-15', 189, 183),
(3423, 36, '2024-01-15', 189, 184),
(3424, 13, '2024-01-15', 189, 185),
(3425, 34, '2024-01-15', 189, 186),
(3426, 14, '2024-01-15', 189, 187),
(3427, 6, '2024-01-15', 189, 188),
(3428, 28, '2024-01-15', 189, 190),
(3429, 3, '2024-01-15', 189, 191),
(3430, 8, '2024-01-15', 189, 192),
(3431, 29, '2024-01-15', 189, 193),
(3432, 7, '2024-01-15', 189, 194),
(3433, 23, '2024-01-15', 189, 195),
(3434, 16, '2024-01-15', 190, 173),
(3435, 13, '2024-01-15', 190, 174),
(3436, 13, '2024-01-15', 190, 175),
(3437, 27, '2024-01-15', 190, 176),
(3438, 15, '2024-01-15', 190, 177),
(3439, 35, '2024-01-15', 190, 178),
(3440, 13, '2024-01-15', 190, 179),
(3441, 37, '2024-01-15', 190, 180),
(3442, 29, '2024-01-15', 190, 181),
(3443, 31, '2024-01-15', 190, 182),
(3444, 32, '2024-01-15', 190, 183),
(3445, 25, '2024-01-15', 190, 184),
(3446, 27, '2024-01-15', 190, 185),
(3447, 24, '2024-01-15', 190, 186),
(3448, 36, '2024-01-15', 190, 187),
(3449, 31, '2024-01-15', 190, 188),
(3450, 7, '2024-01-15', 190, 189),
(3451, 21, '2024-01-15', 190, 191),
(3452, 5, '2024-01-15', 190, 192),
(3453, 39, '2024-01-15', 190, 193),
(3454, 25, '2024-01-15', 190, 194),
(3455, 7, '2024-01-15', 190, 195),
(3456, 35, '2024-01-15', 191, 173),
(3457, 39, '2024-01-15', 191, 174),
(3458, 12, '2024-01-15', 191, 175),
(3459, 20, '2024-01-15', 191, 176),
(3460, 25, '2024-01-15', 191, 177),
(3461, 26, '2024-01-15', 191, 178),
(3462, 16, '2024-01-15', 191, 179),
(3463, 1, '2024-01-15', 191, 180),
(3464, 33, '2024-01-15', 191, 181),
(3465, 7, '2024-01-15', 191, 182),
(3466, 14, '2024-01-15', 191, 183),
(3467, 8, '2024-01-15', 191, 184),
(3468, 36, '2024-01-15', 191, 185),
(3469, 39, '2024-01-15', 191, 186),
(3470, 8, '2024-01-15', 191, 187),
(3471, 3, '2024-01-15', 191, 188),
(3472, 28, '2024-01-15', 191, 189),
(3473, 13, '2024-01-15', 191, 190),
(3474, 22, '2024-01-15', 191, 192),
(3475, 29, '2024-01-15', 191, 193),
(3476, 2, '2024-01-15', 191, 194),
(3477, 37, '2024-01-15', 191, 195),
(3478, 25, '2024-01-15', 192, 173),
(3479, 13, '2024-01-15', 192, 174),
(3480, 29, '2024-01-15', 192, 175),
(3481, 27, '2024-01-15', 192, 176),
(3482, 9, '2024-01-15', 192, 177),
(3483, 3, '2024-01-15', 192, 178),
(3484, 27, '2024-01-15', 192, 179),
(3485, 9, '2024-01-15', 192, 180),
(3486, 39, '2024-01-15', 192, 181),
(3487, 11, '2024-01-15', 192, 182),
(3488, 15, '2024-01-15', 192, 183),
(3489, 4, '2024-01-15', 192, 184),
(3490, 13, '2024-01-15', 192, 185),
(3491, 13, '2024-01-15', 192, 186),
(3492, 25, '2024-01-15', 192, 187),
(3493, 10, '2024-01-15', 192, 188),
(3494, 11, '2024-01-15', 192, 189),
(3495, 27, '2024-01-15', 192, 190),
(3496, 21, '2024-01-15', 192, 191),
(3497, 25, '2024-01-15', 192, 193),
(3498, 21, '2024-01-15', 192, 194),
(3499, 29, '2024-01-15', 192, 195),
(3500, 4, '2024-01-15', 193, 173),
(3501, 11, '2024-01-15', 193, 174),
(3502, 2, '2024-01-15', 193, 175),
(3503, 16, '2024-01-15', 193, 176),
(3504, 36, '2024-01-15', 193, 177),
(3505, 12, '2024-01-15', 193, 178),
(3506, 30, '2024-01-15', 193, 179),
(3507, 34, '2024-01-15', 193, 180),
(3508, 3, '2024-01-15', 193, 181),
(3509, 29, '2024-01-15', 193, 182),
(3510, 18, '2024-01-15', 193, 183),
(3511, 4, '2024-01-15', 193, 184),
(3512, 3, '2024-01-15', 193, 185),
(3513, 4, '2024-01-15', 193, 186),
(3514, 11, '2024-01-15', 193, 187),
(3515, 2, '2024-01-15', 193, 188),
(3516, 17, '2024-01-15', 193, 189),
(3517, 1, '2024-01-15', 193, 190),
(3518, 32, '2024-01-15', 193, 191),
(3519, 1, '2024-01-15', 193, 192),
(3520, 27, '2024-01-15', 193, 194),
(3521, 11, '2024-01-15', 193, 195),
(3522, 13, '2024-01-15', 194, 173),
(3523, 30, '2024-01-15', 194, 174),
(3524, 33, '2024-01-15', 194, 175),
(3525, 38, '2024-01-15', 194, 176),
(3526, 10, '2024-01-15', 194, 177),
(3527, 13, '2024-01-15', 194, 178),
(3528, 37, '2024-01-15', 194, 179),
(3529, 26, '2024-01-15', 194, 180),
(3530, 19, '2024-01-15', 194, 181),
(3531, 16, '2024-01-15', 194, 182),
(3532, 22, '2024-01-15', 194, 183),
(3533, 25, '2024-01-15', 194, 184),
(3534, 19, '2024-01-15', 194, 185),
(3535, 17, '2024-01-15', 194, 186),
(3536, 30, '2024-01-15', 194, 187),
(3537, 20, '2024-01-15', 194, 188),
(3538, 8, '2024-01-15', 194, 189),
(3539, 17, '2024-01-15', 194, 190),
(3540, 25, '2024-01-15', 194, 191),
(3541, 32, '2024-01-15', 194, 192),
(3542, 8, '2024-01-15', 194, 193),
(3543, 22, '2024-01-15', 194, 195),
(3544, 7, '2024-01-15', 195, 173),
(3545, 6, '2024-01-15', 195, 174),
(3546, 11, '2024-01-15', 195, 175),
(3547, 37, '2024-01-15', 195, 176),
(3548, 32, '2024-01-15', 195, 177),
(3549, 10, '2024-01-15', 195, 178),
(3550, 31, '2024-01-15', 195, 179),
(3551, 9, '2024-01-15', 195, 180),
(3552, 29, '2024-01-15', 195, 181),
(3553, 38, '2024-01-15', 195, 182),
(3554, 25, '2024-01-15', 195, 183),
(3555, 11, '2024-01-15', 195, 184),
(3556, 19, '2024-01-15', 195, 185),
(3557, 21, '2024-01-15', 195, 186),
(3558, 11, '2024-01-15', 195, 187),
(3559, 28, '2024-01-15', 195, 188),
(3560, 30, '2024-01-15', 195, 189),
(3561, 26, '2024-01-15', 195, 190),
(3562, 39, '2024-01-15', 195, 191),
(3563, 39, '2024-01-15', 195, 192),
(3564, 39, '2024-01-15', 195, 193),
(3565, 38, '2024-01-15', 195, 194),
(3566, 34, '2024-01-15', 196, 197),
(3567, 15, '2024-01-15', 196, 198),
(3568, 11, '2024-01-15', 196, 199),
(3569, 10, '2024-01-15', 196, 200),
(3570, 17, '2024-01-15', 196, 201),
(3571, 16, '2024-01-15', 196, 202),
(3572, 27, '2024-01-15', 196, 203),
(3573, 9, '2024-01-15', 196, 204),
(3574, 3, '2024-01-15', 196, 205),
(3575, 24, '2024-01-15', 196, 206),
(3576, 36, '2024-01-15', 196, 207),
(3577, 28, '2024-01-15', 196, 208),
(3578, 31, '2024-01-15', 196, 209),
(3579, 31, '2024-01-15', 196, 210),
(3580, 23, '2024-01-15', 196, 211),
(3581, 23, '2024-01-15', 196, 212),
(3582, 4, '2024-01-15', 196, 213),
(3583, 28, '2024-01-15', 196, 214),
(3584, 10, '2024-01-15', 196, 215),
(3585, 4, '2024-01-15', 196, 216),
(3586, 29, '2024-01-15', 196, 217),
(3587, 14, '2024-01-15', 196, 218),
(3588, 23, '2024-01-15', 197, 196),
(3589, 33, '2024-01-15', 197, 198),
(3590, 17, '2024-01-15', 197, 199),
(3591, 26, '2024-01-15', 197, 200),
(3592, 39, '2024-01-15', 197, 201),
(3593, 38, '2024-01-15', 197, 202),
(3594, 35, '2024-01-15', 197, 203),
(3595, 21, '2024-01-15', 197, 204),
(3596, 1, '2024-01-15', 197, 205),
(3597, 19, '2024-01-15', 197, 206),
(3598, 14, '2024-01-15', 197, 207),
(3599, 12, '2024-01-15', 197, 208),
(3600, 18, '2024-01-15', 197, 209),
(3601, 13, '2024-01-15', 197, 210),
(3602, 12, '2024-01-15', 197, 211),
(3603, 20, '2024-01-15', 197, 212),
(3604, 26, '2024-01-15', 197, 213),
(3605, 30, '2024-01-15', 197, 214),
(3606, 32, '2024-01-15', 197, 215),
(3607, 29, '2024-01-15', 197, 216),
(3608, 12, '2024-01-15', 197, 217),
(3609, 11, '2024-01-15', 197, 218),
(3610, 19, '2024-01-15', 198, 196),
(3611, 22, '2024-01-15', 198, 197),
(3612, 13, '2024-01-15', 198, 199),
(3613, 38, '2024-01-15', 198, 200),
(3614, 33, '2024-01-15', 198, 201),
(3615, 12, '2024-01-15', 198, 202),
(3616, 1, '2024-01-15', 198, 203),
(3617, 6, '2024-01-15', 198, 204),
(3618, 26, '2024-01-15', 198, 205),
(3619, 32, '2024-01-15', 198, 206),
(3620, 5, '2024-01-15', 198, 207),
(3621, 6, '2024-01-15', 198, 208),
(3622, 13, '2024-01-15', 198, 209),
(3623, 8, '2024-01-15', 198, 210),
(3624, 2, '2024-01-15', 198, 211),
(3625, 26, '2024-01-15', 198, 212),
(3626, 3, '2024-01-15', 198, 213),
(3627, 16, '2024-01-15', 198, 214),
(3628, 30, '2024-01-15', 198, 215),
(3629, 22, '2024-01-15', 198, 216),
(3630, 23, '2024-01-15', 198, 217),
(3631, 10, '2024-01-15', 198, 218),
(3632, 17, '2024-01-15', 199, 196),
(3633, 15, '2024-01-15', 199, 197),
(3634, 25, '2024-01-15', 199, 198),
(3635, 3, '2024-01-15', 199, 200),
(3636, 15, '2024-01-15', 199, 201),
(3637, 28, '2024-01-15', 199, 202),
(3638, 17, '2024-01-15', 199, 203),
(3639, 38, '2024-01-15', 199, 204),
(3640, 23, '2024-01-15', 199, 205),
(3641, 39, '2024-01-15', 199, 206),
(3642, 8, '2024-01-15', 199, 207),
(3643, 39, '2024-01-15', 199, 208),
(3644, 17, '2024-01-15', 199, 209),
(3645, 4, '2024-01-15', 199, 210),
(3646, 10, '2024-01-15', 199, 211),
(3647, 36, '2024-01-15', 199, 212),
(3648, 33, '2024-01-15', 199, 213),
(3649, 19, '2024-01-15', 199, 214),
(3650, 34, '2024-01-15', 199, 215),
(3651, 35, '2024-01-15', 199, 216),
(3652, 31, '2024-01-15', 199, 217),
(3653, 13, '2024-01-15', 199, 218),
(3654, 8, '2024-01-15', 200, 196),
(3655, 2, '2024-01-15', 200, 197),
(3656, 24, '2024-01-15', 200, 198),
(3657, 36, '2024-01-15', 200, 199),
(3658, 29, '2024-01-15', 200, 201),
(3659, 37, '2024-01-15', 200, 202),
(3660, 19, '2024-01-15', 200, 203),
(3661, 22, '2024-01-15', 200, 204),
(3662, 15, '2024-01-15', 200, 205),
(3663, 7, '2024-01-15', 200, 206),
(3664, 30, '2024-01-15', 200, 207),
(3665, 11, '2024-01-15', 200, 208),
(3666, 2, '2024-01-15', 200, 209),
(3667, 15, '2024-01-15', 200, 210),
(3668, 28, '2024-01-15', 200, 211),
(3669, 20, '2024-01-15', 200, 212),
(3670, 14, '2024-01-15', 200, 213),
(3671, 12, '2024-01-15', 200, 214),
(3672, 14, '2024-01-15', 200, 215),
(3673, 36, '2024-01-15', 200, 216),
(3674, 19, '2024-01-15', 200, 217),
(3675, 27, '2024-01-15', 200, 218),
(3676, 37, '2024-01-15', 201, 196),
(3677, 26, '2024-01-15', 201, 197),
(3678, 17, '2024-01-15', 201, 198),
(3679, 6, '2024-01-15', 201, 199),
(3680, 19, '2024-01-15', 201, 200),
(3681, 39, '2024-01-15', 201, 202),
(3682, 19, '2024-01-15', 201, 203),
(3683, 19, '2024-01-15', 201, 204),
(3684, 34, '2024-01-15', 201, 205),
(3685, 37, '2024-01-15', 201, 206),
(3686, 6, '2024-01-15', 201, 207),
(3687, 32, '2024-01-15', 201, 208),
(3688, 26, '2024-01-15', 201, 209),
(3689, 34, '2024-01-15', 201, 210),
(3690, 15, '2024-01-15', 201, 211),
(3691, 8, '2024-01-15', 201, 212),
(3692, 37, '2024-01-15', 201, 213),
(3693, 2, '2024-01-15', 201, 214),
(3694, 14, '2024-01-15', 201, 215),
(3695, 27, '2024-01-15', 201, 216),
(3696, 15, '2024-01-15', 201, 217),
(3697, 33, '2024-01-15', 201, 218),
(3698, 1, '2024-01-15', 202, 196),
(3699, 25, '2024-01-15', 202, 197),
(3700, 2, '2024-01-15', 202, 198),
(3701, 12, '2024-01-15', 202, 199),
(3702, 17, '2024-01-15', 202, 200),
(3703, 7, '2024-01-15', 202, 201),
(3704, 23, '2024-01-15', 202, 203),
(3705, 14, '2024-01-15', 202, 204),
(3706, 2, '2024-01-15', 202, 205),
(3707, 5, '2024-01-15', 202, 206),
(3708, 21, '2024-01-15', 202, 207),
(3709, 11, '2024-01-15', 202, 208),
(3710, 30, '2024-01-15', 202, 209),
(3711, 36, '2024-01-15', 202, 210),
(3712, 15, '2024-01-15', 202, 211),
(3713, 6, '2024-01-15', 202, 212),
(3714, 22, '2024-01-15', 202, 213),
(3715, 15, '2024-01-15', 202, 214),
(3716, 8, '2024-01-15', 202, 215),
(3717, 33, '2024-01-15', 202, 216),
(3718, 22, '2024-01-15', 202, 217),
(3719, 12, '2024-01-15', 202, 218),
(3720, 34, '2024-01-15', 203, 196),
(3721, 16, '2024-01-15', 203, 197),
(3722, 16, '2024-01-15', 203, 198),
(3723, 33, '2024-01-15', 203, 199),
(3724, 38, '2024-01-15', 203, 200),
(3725, 12, '2024-01-15', 203, 201),
(3726, 24, '2024-01-15', 203, 202),
(3727, 7, '2024-01-15', 203, 204),
(3728, 1, '2024-01-15', 203, 205),
(3729, 22, '2024-01-15', 203, 206),
(3730, 28, '2024-01-15', 203, 207),
(3731, 34, '2024-01-15', 203, 208),
(3732, 9, '2024-01-15', 203, 209),
(3733, 18, '2024-01-15', 203, 210),
(3734, 24, '2024-01-15', 203, 211),
(3735, 28, '2024-01-15', 203, 212),
(3736, 28, '2024-01-15', 203, 213),
(3737, 16, '2024-01-15', 203, 214),
(3738, 36, '2024-01-15', 203, 215),
(3739, 15, '2024-01-15', 203, 216),
(3740, 3, '2024-01-15', 203, 217),
(3741, 8, '2024-01-15', 203, 218),
(3742, 31, '2024-01-15', 204, 196),
(3743, 15, '2024-01-15', 204, 197),
(3744, 22, '2024-01-15', 204, 198),
(3745, 23, '2024-01-15', 204, 199),
(3746, 10, '2024-01-15', 204, 200),
(3747, 19, '2024-01-15', 204, 201),
(3748, 25, '2024-01-15', 204, 202),
(3749, 30, '2024-01-15', 204, 203),
(3750, 34, '2024-01-15', 204, 205),
(3751, 3, '2024-01-15', 204, 206),
(3752, 27, '2024-01-15', 204, 207),
(3753, 10, '2024-01-15', 204, 208),
(3754, 9, '2024-01-15', 204, 209),
(3755, 12, '2024-01-15', 204, 210),
(3756, 32, '2024-01-15', 204, 211),
(3757, 6, '2024-01-15', 204, 212),
(3758, 13, '2024-01-15', 204, 213),
(3759, 7, '2024-01-15', 204, 214),
(3760, 34, '2024-01-15', 204, 215),
(3761, 31, '2024-01-15', 204, 216),
(3762, 16, '2024-01-15', 204, 217),
(3763, 24, '2024-01-15', 204, 218),
(3764, 31, '2024-01-15', 205, 196),
(3765, 5, '2024-01-15', 205, 197),
(3766, 11, '2024-01-15', 205, 198),
(3767, 38, '2024-01-15', 205, 199),
(3768, 3, '2024-01-15', 205, 200),
(3769, 16, '2024-01-15', 205, 201),
(3770, 31, '2024-01-15', 205, 202),
(3771, 29, '2024-01-15', 205, 203),
(3772, 13, '2024-01-15', 205, 204),
(3773, 17, '2024-01-15', 205, 206),
(3774, 8, '2024-01-15', 205, 207),
(3775, 24, '2024-01-15', 205, 208),
(3776, 21, '2024-01-15', 205, 209),
(3777, 31, '2024-01-15', 205, 210),
(3778, 15, '2024-01-15', 205, 211),
(3779, 18, '2024-01-15', 205, 212),
(3780, 8, '2024-01-15', 205, 213),
(3781, 24, '2024-01-15', 205, 214),
(3782, 16, '2024-01-15', 205, 215),
(3783, 7, '2024-01-15', 205, 216),
(3784, 25, '2024-01-15', 205, 217),
(3785, 26, '2024-01-15', 205, 218),
(3786, 14, '2024-01-15', 206, 196),
(3787, 32, '2024-01-15', 206, 197),
(3788, 38, '2024-01-15', 206, 198),
(3789, 17, '2024-01-15', 206, 199),
(3790, 7, '2024-01-15', 206, 200),
(3791, 25, '2024-01-15', 206, 201),
(3792, 26, '2024-01-15', 206, 202),
(3793, 16, '2024-01-15', 206, 203),
(3794, 2, '2024-01-15', 206, 204),
(3795, 37, '2024-01-15', 206, 205),
(3796, 23, '2024-01-15', 206, 207),
(3797, 3, '2024-01-15', 206, 208),
(3798, 26, '2024-01-15', 206, 209),
(3799, 2, '2024-01-15', 206, 210),
(3800, 9, '2024-01-15', 206, 211),
(3801, 39, '2024-01-15', 206, 212),
(3802, 12, '2024-01-15', 206, 213),
(3803, 18, '2024-01-15', 206, 214),
(3804, 17, '2024-01-15', 206, 215),
(3805, 30, '2024-01-15', 206, 216),
(3806, 19, '2024-01-15', 206, 217),
(3807, 5, '2024-01-15', 206, 218),
(3808, 5, '2024-01-15', 207, 196),
(3809, 11, '2024-01-15', 207, 197),
(3810, 2, '2024-01-15', 207, 198),
(3811, 12, '2024-01-15', 207, 199),
(3812, 17, '2024-01-15', 207, 200),
(3813, 9, '2024-01-15', 207, 201),
(3814, 33, '2024-01-15', 207, 202),
(3815, 20, '2024-01-15', 207, 203),
(3816, 1, '2024-01-15', 207, 204),
(3817, 22, '2024-01-15', 207, 205),
(3818, 28, '2024-01-15', 207, 206),
(3819, 35, '2024-01-15', 207, 208),
(3820, 14, '2024-01-15', 207, 209),
(3821, 4, '2024-01-15', 207, 210),
(3822, 15, '2024-01-15', 207, 211),
(3823, 25, '2024-01-15', 207, 212),
(3824, 38, '2024-01-15', 207, 213),
(3825, 36, '2024-01-15', 207, 214),
(3826, 26, '2024-01-15', 207, 215),
(3827, 21, '2024-01-15', 207, 216),
(3828, 28, '2024-01-15', 207, 217),
(3829, 39, '2024-01-15', 207, 218),
(3830, 30, '2024-01-15', 208, 196),
(3831, 32, '2024-01-15', 208, 197),
(3832, 30, '2024-01-15', 208, 198),
(3833, 15, '2024-01-15', 208, 199),
(3834, 24, '2024-01-15', 208, 200),
(3835, 36, '2024-01-15', 208, 201),
(3836, 30, '2024-01-15', 208, 202),
(3837, 2, '2024-01-15', 208, 203),
(3838, 36, '2024-01-15', 208, 204),
(3839, 17, '2024-01-15', 208, 205),
(3840, 16, '2024-01-15', 208, 206),
(3841, 29, '2024-01-15', 208, 207),
(3842, 20, '2024-01-15', 208, 209),
(3843, 10, '2024-01-15', 208, 210),
(3844, 31, '2024-01-15', 208, 211),
(3845, 6, '2024-01-15', 208, 212),
(3846, 13, '2024-01-15', 208, 213),
(3847, 10, '2024-01-15', 208, 214),
(3848, 9, '2024-01-15', 208, 215),
(3849, 14, '2024-01-15', 208, 216),
(3850, 3, '2024-01-15', 208, 217),
(3851, 12, '2024-01-15', 208, 218),
(3852, 11, '2024-01-15', 209, 196),
(3853, 21, '2024-01-15', 209, 197),
(3854, 32, '2024-01-15', 209, 198),
(3855, 17, '2024-01-15', 209, 199),
(3856, 26, '2024-01-15', 209, 200),
(3857, 2, '2024-01-15', 209, 201),
(3858, 10, '2024-01-15', 209, 202),
(3859, 6, '2024-01-15', 209, 203),
(3860, 38, '2024-01-15', 209, 204),
(3861, 16, '2024-01-15', 209, 205),
(3862, 5, '2024-01-15', 209, 206),
(3863, 16, '2024-01-15', 209, 207),
(3864, 23, '2024-01-15', 209, 208),
(3865, 30, '2024-01-15', 209, 210),
(3866, 3, '2024-01-15', 209, 211),
(3867, 39, '2024-01-15', 209, 212),
(3868, 32, '2024-01-15', 209, 213),
(3869, 2, '2024-01-15', 209, 214),
(3870, 31, '2024-01-15', 209, 215),
(3871, 31, '2024-01-15', 209, 216),
(3872, 23, '2024-01-15', 209, 217),
(3873, 23, '2024-01-15', 209, 218),
(3874, 5, '2024-01-15', 210, 196),
(3875, 34, '2024-01-15', 210, 197),
(3876, 39, '2024-01-15', 210, 198),
(3877, 14, '2024-01-15', 210, 199),
(3878, 28, '2024-01-15', 210, 200),
(3879, 22, '2024-01-15', 210, 201),
(3880, 24, '2024-01-15', 210, 202),
(3881, 14, '2024-01-15', 210, 203),
(3882, 37, '2024-01-15', 210, 204),
(3883, 26, '2024-01-15', 210, 205),
(3884, 16, '2024-01-15', 210, 206),
(3885, 4, '2024-01-15', 210, 207),
(3886, 12, '2024-01-15', 210, 208),
(3887, 5, '2024-01-15', 210, 209),
(3888, 30, '2024-01-15', 210, 211),
(3889, 15, '2024-01-15', 210, 212),
(3890, 26, '2024-01-15', 210, 213),
(3891, 6, '2024-01-15', 210, 214),
(3892, 28, '2024-01-15', 210, 215),
(3893, 5, '2024-01-15', 210, 216),
(3894, 19, '2024-01-15', 210, 217),
(3895, 39, '2024-01-15', 210, 218),
(3896, 22, '2024-01-15', 211, 196),
(3897, 29, '2024-01-15', 211, 197),
(3898, 2, '2024-01-15', 211, 198),
(3899, 1, '2024-01-15', 211, 199),
(3900, 37, '2024-01-15', 211, 200),
(3901, 26, '2024-01-15', 211, 201),
(3902, 19, '2024-01-15', 211, 202),
(3903, 15, '2024-01-15', 211, 203),
(3904, 17, '2024-01-15', 211, 204),
(3905, 2, '2024-01-15', 211, 205),
(3906, 37, '2024-01-15', 211, 206),
(3907, 24, '2024-01-15', 211, 207),
(3908, 5, '2024-01-15', 211, 208),
(3909, 33, '2024-01-15', 211, 209),
(3910, 34, '2024-01-15', 211, 210),
(3911, 29, '2024-01-15', 211, 212),
(3912, 4, '2024-01-15', 211, 213),
(3913, 11, '2024-01-15', 211, 214),
(3914, 2, '2024-01-15', 211, 215),
(3915, 16, '2024-01-15', 211, 216),
(3916, 36, '2024-01-15', 211, 217),
(3917, 15, '2024-01-15', 211, 218),
(3918, 3, '2024-01-15', 212, 196),
(3919, 9, '2024-01-15', 212, 197),
(3920, 37, '2024-01-15', 212, 198),
(3921, 39, '2024-01-15', 212, 199),
(3922, 5, '2024-01-15', 212, 200),
(3923, 26, '2024-01-15', 212, 201),
(3924, 37, '2024-01-15', 212, 202),
(3925, 27, '2024-01-15', 212, 203),
(3926, 22, '2024-01-15', 212, 204),
(3927, 31, '2024-01-15', 212, 205),
(3928, 10, '2024-01-15', 212, 206),
(3929, 34, '2024-01-15', 212, 207),
(3930, 25, '2024-01-15', 212, 208),
(3931, 19, '2024-01-15', 212, 209),
(3932, 21, '2024-01-15', 212, 210),
(3933, 10, '2024-01-15', 212, 211),
(3934, 25, '2024-01-15', 212, 213),
(3935, 14, '2024-01-15', 212, 214),
(3936, 35, '2024-01-15', 212, 215),
(3937, 18, '2024-01-15', 212, 216),
(3938, 20, '2024-01-15', 212, 217),
(3939, 7, '2024-01-15', 212, 218),
(3940, 15, '2024-01-15', 213, 196),
(3941, 14, '2024-01-15', 213, 197),
(3942, 23, '2024-01-15', 213, 198),
(3943, 35, '2024-01-15', 213, 199),
(3944, 27, '2024-01-15', 213, 200),
(3945, 30, '2024-01-15', 213, 201),
(3946, 27, '2024-01-15', 213, 202),
(3947, 9, '2024-01-15', 213, 203),
(3948, 39, '2024-01-15', 213, 204),
(3949, 12, '2024-01-15', 213, 205),
(3950, 21, '2024-01-15', 213, 206),
(3951, 28, '2024-01-15', 213, 207),
(3952, 1, '2024-01-15', 213, 208),
(3953, 38, '2024-01-15', 213, 209),
(3954, 29, '2024-01-15', 213, 210),
(3955, 29, '2024-01-15', 213, 211),
(3956, 22, '2024-01-15', 213, 212),
(3957, 20, '2024-01-15', 213, 214),
(3958, 36, '2024-01-15', 213, 215),
(3959, 39, '2024-01-15', 213, 216),
(3960, 7, '2024-01-15', 213, 217),
(3961, 38, '2024-01-15', 213, 218),
(3962, 12, '2024-01-15', 214, 196),
(3963, 24, '2024-01-15', 214, 197),
(3964, 6, '2024-01-15', 214, 198),
(3965, 36, '2024-01-15', 214, 199),
(3966, 5, '2024-01-15', 214, 200),
(3967, 33, '2024-01-15', 214, 201),
(3968, 31, '2024-01-15', 214, 202),
(3969, 18, '2024-01-15', 214, 203),
(3970, 37, '2024-01-15', 214, 204),
(3971, 12, '2024-01-15', 214, 205),
(3972, 26, '2024-01-15', 214, 206),
(3973, 17, '2024-01-15', 214, 207),
(3974, 4, '2024-01-15', 214, 208),
(3975, 7, '2024-01-15', 214, 209),
(3976, 25, '2024-01-15', 214, 210),
(3977, 23, '2024-01-15', 214, 211),
(3978, 1, '2024-01-15', 214, 212),
(3979, 13, '2024-01-15', 214, 213),
(3980, 25, '2024-01-15', 214, 215),
(3981, 6, '2024-01-15', 214, 216),
(3982, 32, '2024-01-15', 214, 217),
(3983, 23, '2024-01-15', 214, 218),
(3984, 22, '2024-01-15', 215, 196),
(3985, 38, '2024-01-15', 215, 197),
(3986, 7, '2024-01-15', 215, 198),
(3987, 37, '2024-01-15', 215, 199),
(3988, 6, '2024-01-15', 215, 200),
(3989, 38, '2024-01-15', 215, 201),
(3990, 13, '2024-01-15', 215, 202),
(3991, 29, '2024-01-15', 215, 203),
(3992, 28, '2024-01-15', 215, 204),
(3993, 14, '2024-01-15', 215, 205),
(3994, 24, '2024-01-15', 215, 206),
(3995, 37, '2024-01-15', 215, 207),
(3996, 35, '2024-01-15', 215, 208),
(3997, 23, '2024-01-15', 215, 209),
(3998, 11, '2024-01-15', 215, 210),
(3999, 26, '2024-01-15', 215, 211),
(4000, 16, '2024-01-15', 215, 212),
(4001, 4, '2024-01-15', 215, 213),
(4002, 10, '2024-01-15', 215, 214),
(4003, 36, '2024-01-15', 215, 216),
(4004, 33, '2024-01-15', 215, 217),
(4005, 17, '2024-01-15', 215, 218),
(4006, 26, '2024-01-15', 216, 196),
(4007, 37, '2024-01-15', 216, 197),
(4008, 30, '2024-01-15', 216, 198),
(4009, 1, '2024-01-15', 216, 199),
(4010, 30, '2024-01-15', 216, 200),
(4011, 31, '2024-01-15', 216, 201),
(4012, 26, '2024-01-15', 216, 202),
(4013, 36, '2024-01-15', 216, 203),
(4014, 24, '2024-01-15', 216, 204),
(4015, 9, '2024-01-15', 216, 205),
(4016, 12, '2024-01-15', 216, 206),
(4017, 34, '2024-01-15', 216, 207),
(4018, 15, '2024-01-15', 216, 208),
(4019, 13, '2024-01-15', 216, 209),
(4020, 20, '2024-01-15', 216, 210),
(4021, 22, '2024-01-15', 216, 211),
(4022, 9, '2024-01-15', 216, 212),
(4023, 17, '2024-01-15', 216, 213),
(4024, 19, '2024-01-15', 216, 214),
(4025, 5, '2024-01-15', 216, 215),
(4026, 7, '2024-01-15', 216, 217),
(4027, 19, '2024-01-15', 216, 218),
(4028, 34, '2024-01-15', 217, 196),
(4029, 34, '2024-01-15', 217, 197),
(4030, 30, '2024-01-15', 217, 198),
(4031, 7, '2024-01-15', 217, 199),
(4032, 23, '2024-01-15', 217, 200),
(4033, 16, '2024-01-15', 217, 201),
(4034, 11, '2024-01-15', 217, 202),
(4035, 8, '2024-01-15', 217, 203),
(4036, 5, '2024-01-15', 217, 204),
(4037, 2, '2024-01-15', 217, 205),
(4038, 33, '2024-01-15', 217, 206),
(4039, 2, '2024-01-15', 217, 207),
(4040, 28, '2024-01-15', 217, 208),
(4041, 18, '2024-01-15', 217, 209),
(4042, 2, '2024-01-15', 217, 210),
(4043, 36, '2024-01-15', 217, 211),
(4044, 18, '2024-01-15', 217, 212),
(4045, 18, '2024-01-15', 217, 213),
(4046, 37, '2024-01-15', 217, 214),
(4047, 15, '2024-01-15', 217, 215),
(4048, 1, '2024-01-15', 217, 216),
(4049, 36, '2024-01-15', 217, 218),
(4050, 23, '2024-01-15', 218, 196),
(4051, 5, '2024-01-15', 218, 197),
(4052, 33, '2024-01-15', 218, 198),
(4053, 33, '2024-01-15', 218, 199),
(4054, 26, '2024-01-15', 218, 200),
(4055, 31, '2024-01-15', 218, 201),
(4056, 38, '2024-01-15', 218, 202),
(4057, 17, '2024-01-15', 218, 203),
(4058, 10, '2024-01-15', 218, 204),
(4059, 38, '2024-01-15', 218, 205),
(4060, 1, '2024-01-15', 218, 206),
(4061, 10, '2024-01-15', 218, 207),
(4062, 6, '2024-01-15', 218, 208),
(4063, 2, '2024-01-15', 218, 209),
(4064, 28, '2024-01-15', 218, 210),
(4065, 18, '2024-01-15', 218, 211),
(4066, 5, '2024-01-15', 218, 212),
(4067, 9, '2024-01-15', 218, 213),
(4068, 28, '2024-01-15', 218, 214),
(4069, 36, '2024-01-15', 218, 215),
(4070, 19, '2024-01-15', 218, 216),
(4071, 25, '2024-01-15', 218, 217),
(4072, 27, '2024-01-15', 219, 220),
(4073, 21, '2024-01-15', 219, 221),
(4074, 24, '2024-01-15', 219, 222),
(4075, 17, '2024-01-15', 219, 223),
(4076, 12, '2024-01-15', 219, 224),
(4077, 11, '2024-01-15', 219, 225),
(4078, 16, '2024-01-15', 219, 226),
(4079, 10, '2024-01-15', 219, 227),
(4080, 1, '2024-01-15', 219, 228),
(4081, 14, '2024-01-15', 219, 229),
(4082, 27, '2024-01-15', 219, 230),
(4083, 15, '2024-01-15', 219, 231),
(4084, 31, '2024-01-15', 219, 232),
(4085, 32, '2024-01-15', 219, 233),
(4086, 26, '2024-01-15', 219, 234),
(4087, 33, '2024-01-15', 219, 235),
(4088, 11, '2024-01-15', 219, 236),
(4089, 35, '2024-01-15', 219, 237),
(4090, 22, '2024-01-15', 219, 238),
(4091, 3, '2024-01-15', 219, 239),
(4092, 28, '2024-01-15', 219, 240),
(4093, 12, '2024-01-15', 219, 241),
(4094, 15, '2024-01-15', 220, 219),
(4095, 37, '2024-01-15', 220, 221),
(4096, 23, '2024-01-15', 220, 222),
(4097, 4, '2024-01-15', 220, 223),
(4098, 30, '2024-01-15', 220, 224),
(4099, 20, '2024-01-15', 220, 225),
(4100, 10, '2024-01-15', 220, 226),
(4101, 27, '2024-01-15', 220, 227),
(4102, 29, '2024-01-15', 220, 228),
(4103, 24, '2024-01-15', 220, 229),
(4104, 32, '2024-01-15', 220, 230),
(4105, 11, '2024-01-15', 220, 231),
(4106, 34, '2024-01-15', 220, 232),
(4107, 19, '2024-01-15', 220, 233),
(4108, 32, '2024-01-15', 220, 234),
(4109, 25, '2024-01-15', 220, 235),
(4110, 30, '2024-01-15', 220, 236),
(4111, 35, '2024-01-15', 220, 237),
(4112, 8, '2024-01-15', 220, 238),
(4113, 9, '2024-01-15', 220, 239),
(4114, 23, '2024-01-15', 220, 240),
(4115, 8, '2024-01-15', 220, 241),
(4116, 8, '2024-01-15', 221, 219),
(4117, 18, '2024-01-15', 221, 220),
(4118, 25, '2024-01-15', 221, 222),
(4119, 34, '2024-01-15', 221, 223),
(4120, 14, '2024-01-15', 221, 224),
(4121, 7, '2024-01-15', 221, 225),
(4122, 32, '2024-01-15', 221, 226),
(4123, 20, '2024-01-15', 221, 227),
(4124, 6, '2024-01-15', 221, 228),
(4125, 9, '2024-01-15', 221, 229),
(4126, 26, '2024-01-15', 221, 230),
(4127, 23, '2024-01-15', 221, 231),
(4128, 36, '2024-01-15', 221, 232),
(4129, 33, '2024-01-15', 221, 233),
(4130, 17, '2024-01-15', 221, 234),
(4131, 26, '2024-01-15', 221, 235),
(4132, 1, '2024-01-15', 221, 236),
(4133, 4, '2024-01-15', 221, 237),
(4134, 15, '2024-01-15', 221, 238),
(4135, 24, '2024-01-15', 221, 239),
(4136, 36, '2024-01-15', 221, 240),
(4137, 28, '2024-01-15', 221, 241),
(4138, 33, '2024-01-15', 222, 219),
(4139, 4, '2024-01-15', 222, 220),
(4140, 35, '2024-01-15', 222, 221),
(4141, 6, '2024-01-15', 222, 223),
(4142, 5, '2024-01-15', 222, 224),
(4143, 4, '2024-01-15', 222, 225),
(4144, 3, '2024-01-15', 222, 226),
(4145, 6, '2024-01-15', 222, 227),
(4146, 21, '2024-01-15', 222, 228),
(4147, 6, '2024-01-15', 222, 229),
(4148, 8, '2024-01-15', 222, 230),
(4149, 20, '2024-01-15', 222, 231),
(4150, 36, '2024-01-15', 222, 232),
(4151, 4, '2024-01-15', 222, 233),
(4152, 27, '2024-01-15', 222, 234),
(4153, 6, '2024-01-15', 222, 235),
(4154, 26, '2024-01-15', 222, 236),
(4155, 33, '2024-01-15', 222, 237),
(4156, 9, '2024-01-15', 222, 238),
(4157, 25, '2024-01-15', 222, 239),
(4158, 18, '2024-01-15', 222, 240),
(4159, 17, '2024-01-15', 222, 241),
(4160, 28, '2024-01-15', 223, 219),
(4161, 11, '2024-01-15', 223, 220),
(4162, 10, '2024-01-15', 223, 221),
(4163, 15, '2024-01-15', 223, 222),
(4164, 8, '2024-01-15', 223, 224),
(4165, 34, '2024-01-15', 223, 225),
(4166, 28, '2024-01-15', 223, 226),
(4167, 35, '2024-01-15', 223, 227),
(4168, 14, '2024-01-15', 223, 228),
(4169, 3, '2024-01-15', 223, 229),
(4170, 10, '2024-01-15', 223, 230),
(4171, 2, '2024-01-15', 223, 231),
(4172, 18, '2024-01-15', 223, 232),
(4173, 7, '2024-01-15', 223, 233),
(4174, 20, '2024-01-15', 223, 234),
(4175, 39, '2024-01-15', 223, 235),
(4176, 19, '2024-01-15', 223, 236),
(4177, 15, '2024-01-15', 223, 237),
(4178, 17, '2024-01-15', 223, 238),
(4179, 2, '2024-01-15', 223, 239),
(4180, 38, '2024-01-15', 223, 240),
(4181, 24, '2024-01-15', 223, 241),
(4182, 8, '2024-01-15', 224, 219),
(4183, 5, '2024-01-15', 224, 220),
(4184, 3, '2024-01-15', 224, 221),
(4185, 37, '2024-01-15', 224, 222),
(4186, 21, '2024-01-15', 224, 223),
(4187, 30, '2024-01-15', 224, 225),
(4188, 10, '2024-01-15', 224, 226),
(4189, 38, '2024-01-15', 224, 227),
(4190, 3, '2024-01-15', 224, 228),
(4191, 16, '2024-01-15', 224, 229),
(4192, 33, '2024-01-15', 224, 230),
(4193, 37, '2024-01-15', 224, 231),
(4194, 9, '2024-01-15', 224, 232),
(4195, 9, '2024-01-15', 224, 233),
(4196, 19, '2024-01-15', 224, 234),
(4197, 28, '2024-01-15', 224, 235),
(4198, 5, '2024-01-15', 224, 236),
(4199, 20, '2024-01-15', 224, 237),
(4200, 7, '2024-01-15', 224, 238),
(4201, 11, '2024-01-15', 224, 239),
(4202, 32, '2024-01-15', 224, 240),
(4203, 13, '2024-01-15', 224, 241),
(4204, 5, '2024-01-15', 225, 219),
(4205, 25, '2024-01-15', 225, 220),
(4206, 33, '2024-01-15', 225, 221),
(4207, 10, '2024-01-15', 225, 222),
(4208, 30, '2024-01-15', 225, 223),
(4209, 2, '2024-01-15', 225, 224),
(4210, 36, '2024-01-15', 225, 226),
(4211, 19, '2024-01-15', 225, 227),
(4212, 24, '2024-01-15', 225, 228),
(4213, 23, '2024-01-15', 225, 229),
(4214, 5, '2024-01-15', 225, 230),
(4215, 32, '2024-01-15', 225, 231),
(4216, 28, '2024-01-15', 225, 232),
(4217, 6, '2024-01-15', 225, 233),
(4218, 21, '2024-01-15', 225, 234),
(4219, 8, '2024-01-15', 225, 235),
(4220, 16, '2024-01-15', 225, 236),
(4221, 17, '2024-01-15', 225, 237),
(4222, 37, '2024-01-15', 225, 238),
(4223, 18, '2024-01-15', 225, 239),
(4224, 14, '2024-01-15', 225, 240),
(4225, 17, '2024-01-15', 225, 241),
(4226, 5, '2024-01-15', 226, 219),
(4227, 10, '2024-01-15', 226, 220),
(4228, 33, '2024-01-15', 226, 221),
(4229, 21, '2024-01-15', 226, 222),
(4230, 5, '2024-01-15', 226, 223),
(4231, 39, '2024-01-15', 226, 224),
(4232, 22, '2024-01-15', 226, 225),
(4233, 34, '2024-01-15', 226, 227),
(4234, 25, '2024-01-15', 226, 228),
(4235, 20, '2024-01-15', 226, 229),
(4236, 26, '2024-01-15', 226, 230),
(4237, 31, '2024-01-15', 226, 231),
(4238, 35, '2024-01-15', 226, 232),
(4239, 5, '2024-01-15', 226, 233),
(4240, 38, '2024-01-15', 226, 234),
(4241, 19, '2024-01-15', 226, 235),
(4242, 17, '2024-01-15', 226, 236),
(4243, 30, '2024-01-15', 226, 237),
(4244, 21, '2024-01-15', 226, 238),
(4245, 13, '2024-01-15', 226, 239),
(4246, 2, '2024-01-15', 226, 240),
(4247, 9, '2024-01-15', 226, 241),
(4248, 38, '2024-01-15', 227, 219),
(4249, 6, '2024-01-15', 227, 220),
(4250, 34, '2024-01-15', 227, 221),
(4251, 33, '2024-01-15', 227, 222),
(4252, 24, '2024-01-15', 227, 223),
(4253, 23, '2024-01-15', 227, 224),
(4254, 39, '2024-01-15', 227, 225),
(4255, 9, '2024-01-15', 227, 226),
(4256, 7, '2024-01-15', 227, 228),
(4257, 7, '2024-01-15', 227, 229),
(4258, 15, '2024-01-15', 227, 230),
(4259, 13, '2024-01-15', 227, 231),
(4260, 21, '2024-01-15', 227, 232),
(4261, 26, '2024-01-15', 227, 233),
(4262, 27, '2024-01-15', 227, 234),
(4263, 18, '2024-01-15', 227, 235),
(4264, 7, '2024-01-15', 227, 236),
(4265, 21, '2024-01-15', 227, 237),
(4266, 5, '2024-01-15', 227, 238),
(4267, 39, '2024-01-15', 227, 239),
(4268, 26, '2024-01-15', 227, 240),
(4269, 11, '2024-01-15', 227, 241),
(4270, 16, '2024-01-15', 228, 219),
(4271, 7, '2024-01-15', 228, 220),
(4272, 27, '2024-01-15', 228, 221),
(4273, 34, '2024-01-15', 228, 222),
(4274, 9, '2024-01-15', 228, 223),
(4275, 21, '2024-01-15', 228, 224),
(4276, 2, '2024-01-15', 228, 225),
(4277, 23, '2024-01-15', 228, 226),
(4278, 29, '2024-01-15', 228, 227),
(4279, 36, '2024-01-15', 228, 229),
(4280, 14, '2024-01-15', 228, 230),
(4281, 39, '2024-01-15', 228, 231),
(4282, 36, '2024-01-15', 228, 232),
(4283, 23, '2024-01-15', 228, 233),
(4284, 9, '2024-01-15', 228, 234),
(4285, 13, '2024-01-15', 228, 235),
(4286, 37, '2024-01-15', 228, 236),
(4287, 30, '2024-01-15', 228, 237),
(4288, 38, '2024-01-15', 228, 238),
(4289, 22, '2024-01-15', 228, 239),
(4290, 34, '2024-01-15', 228, 240),
(4291, 24, '2024-01-15', 228, 241),
(4292, 21, '2024-01-15', 229, 219),
(4293, 29, '2024-01-15', 229, 220),
(4294, 5, '2024-01-15', 229, 221),
(4295, 14, '2024-01-15', 229, 222),
(4296, 17, '2024-01-15', 229, 223),
(4297, 2, '2024-01-15', 229, 224),
(4298, 39, '2024-01-15', 229, 225),
(4299, 31, '2024-01-15', 229, 226),
(4300, 37, '2024-01-15', 229, 227),
(4301, 13, '2024-01-15', 229, 228),
(4302, 33, '2024-01-15', 229, 230),
(4303, 10, '2024-01-15', 229, 231),
(4304, 26, '2024-01-15', 229, 232),
(4305, 21, '2024-01-15', 229, 233),
(4306, 25, '2024-01-15', 229, 234),
(4307, 26, '2024-01-15', 229, 235),
(4308, 14, '2024-01-15', 229, 236),
(4309, 31, '2024-01-15', 229, 237),
(4310, 35, '2024-01-15', 229, 238),
(4311, 2, '2024-01-15', 229, 239),
(4312, 23, '2024-01-15', 229, 240),
(4313, 32, '2024-01-15', 229, 241),
(4314, 10, '2024-01-15', 230, 219),
(4315, 34, '2024-01-15', 230, 220),
(4316, 21, '2024-01-15', 230, 221),
(4317, 1, '2024-01-15', 230, 222),
(4318, 19, '2024-01-15', 230, 223),
(4319, 14, '2024-01-15', 230, 224),
(4320, 14, '2024-01-15', 230, 225),
(4321, 25, '2024-01-15', 230, 226),
(4322, 6, '2024-01-15', 230, 227),
(4323, 33, '2024-01-15', 230, 228),
(4324, 29, '2024-01-15', 230, 229),
(4325, 5, '2024-01-15', 230, 231),
(4326, 18, '2024-01-15', 230, 232),
(4327, 36, '2024-01-15', 230, 233),
(4328, 7, '2024-01-15', 230, 234),
(4329, 5, '2024-01-15', 230, 235),
(4330, 5, '2024-01-15', 230, 236),
(4331, 10, '2024-01-15', 230, 237),
(4332, 34, '2024-01-15', 230, 238),
(4333, 20, '2024-01-15', 230, 239),
(4334, 1, '2024-01-15', 230, 240),
(4335, 21, '2024-01-15', 230, 241),
(4336, 22, '2024-01-15', 231, 219),
(4337, 11, '2024-01-15', 231, 220),
(4338, 24, '2024-01-15', 231, 221),
(4339, 12, '2024-01-15', 231, 222),
(4340, 23, '2024-01-15', 231, 223),
(4341, 3, '2024-01-15', 231, 224),
(4342, 21, '2024-01-15', 231, 225),
(4343, 20, '2024-01-15', 231, 226),
(4344, 34, '2024-01-15', 231, 227),
(4345, 34, '2024-01-15', 231, 228),
(4346, 27, '2024-01-15', 231, 229),
(4347, 31, '2024-01-15', 231, 230),
(4348, 37, '2024-01-15', 231, 232),
(4349, 11, '2024-01-15', 231, 233),
(4350, 24, '2024-01-15', 231, 234),
(4351, 6, '2024-01-15', 231, 235),
(4352, 35, '2024-01-15', 231, 236),
(4353, 3, '2024-01-15', 231, 237),
(4354, 24, '2024-01-15', 231, 238),
(4355, 33, '2024-01-15', 231, 239),
(4356, 14, '2024-01-15', 231, 240),
(4357, 11, '2024-01-15', 231, 241),
(4358, 10, '2024-01-15', 232, 219),
(4359, 18, '2024-01-15', 232, 220),
(4360, 21, '2024-01-15', 232, 221),
(4361, 11, '2024-01-15', 232, 222),
(4362, 32, '2024-01-15', 232, 223),
(4363, 7, '2024-01-15', 232, 224),
(4364, 18, '2024-01-15', 232, 225),
(4365, 31, '2024-01-15', 232, 226),
(4366, 21, '2024-01-15', 232, 227),
(4367, 12, '2024-01-15', 232, 228),
(4368, 37, '2024-01-15', 232, 229),
(4369, 29, '2024-01-15', 232, 230),
(4370, 33, '2024-01-15', 232, 231),
(4371, 39, '2024-01-15', 232, 233),
(4372, 18, '2024-01-15', 232, 234),
(4373, 14, '2024-01-15', 232, 235),
(4374, 12, '2024-01-15', 232, 236),
(4375, 17, '2024-01-15', 232, 237),
(4376, 12, '2024-01-15', 232, 238),
(4377, 6, '2024-01-15', 232, 239),
(4378, 32, '2024-01-15', 232, 240),
(4379, 26, '2024-01-15', 232, 241),
(4380, 33, '2024-01-15', 233, 219),
(4381, 9, '2024-01-15', 233, 220),
(4382, 22, '2024-01-15', 233, 221),
(4383, 4, '2024-01-15', 233, 222),
(4384, 32, '2024-01-15', 233, 223),
(4385, 31, '2024-01-15', 233, 224),
(4386, 19, '2024-01-15', 233, 225),
(4387, 4, '2024-01-15', 233, 226),
(4388, 38, '2024-01-15', 233, 227),
(4389, 23, '2024-01-15', 233, 228),
(4390, 2, '2024-01-15', 233, 229),
(4391, 17, '2024-01-15', 233, 230),
(4392, 38, '2024-01-15', 233, 231),
(4393, 22, '2024-01-15', 233, 232),
(4394, 36, '2024-01-15', 233, 234),
(4395, 35, '2024-01-15', 233, 235),
(4396, 26, '2024-01-15', 233, 236),
(4397, 25, '2024-01-15', 233, 237),
(4398, 9, '2024-01-15', 233, 238),
(4399, 8, '2024-01-15', 233, 239),
(4400, 13, '2024-01-15', 233, 240),
(4401, 39, '2024-01-15', 233, 241),
(4402, 39, '2024-01-15', 234, 219),
(4403, 2, '2024-01-15', 234, 220),
(4404, 7, '2024-01-15', 234, 221),
(4405, 29, '2024-01-15', 234, 222),
(4406, 5, '2024-01-15', 234, 223),
(4407, 15, '2024-01-15', 234, 224),
(4408, 22, '2024-01-15', 234, 225),
(4409, 24, '2024-01-15', 234, 226),
(4410, 15, '2024-01-15', 234, 227),
(4411, 1, '2024-01-15', 234, 228),
(4412, 37, '2024-01-15', 234, 229),
(4413, 28, '2024-01-15', 234, 230),
(4414, 29, '2024-01-15', 234, 231),
(4415, 22, '2024-01-15', 234, 232),
(4416, 22, '2024-01-15', 234, 233),
(4417, 4, '2024-01-15', 234, 235),
(4418, 33, '2024-01-15', 234, 236),
(4419, 35, '2024-01-15', 234, 237),
(4420, 37, '2024-01-15', 234, 238),
(4421, 1, '2024-01-15', 234, 239),
(4422, 8, '2024-01-15', 234, 240),
(4423, 1, '2024-01-15', 234, 241),
(4424, 16, '2024-01-15', 235, 219),
(4425, 2, '2024-01-15', 235, 220),
(4426, 36, '2024-01-15', 235, 221),
(4427, 21, '2024-01-15', 235, 222),
(4428, 34, '2024-01-15', 235, 223),
(4429, 28, '2024-01-15', 235, 224),
(4430, 39, '2024-01-15', 235, 225),
(4431, 32, '2024-01-15', 235, 226),
(4432, 4, '2024-01-15', 235, 227),
(4433, 3, '2024-01-15', 235, 228),
(4434, 2, '2024-01-15', 235, 229),
(4435, 38, '2024-01-15', 235, 230),
(4436, 28, '2024-01-15', 235, 231),
(4437, 24, '2024-01-15', 235, 232),
(4438, 36, '2024-01-15', 235, 233),
(4439, 32, '2024-01-15', 235, 234),
(4440, 11, '2024-01-15', 235, 236),
(4441, 38, '2024-01-15', 235, 237),
(4442, 38, '2024-01-15', 235, 238),
(4443, 35, '2024-01-15', 235, 239),
(4444, 25, '2024-01-15', 235, 240),
(4445, 17, '2024-01-15', 235, 241),
(4446, 9, '2024-01-15', 236, 219),
(4447, 33, '2024-01-15', 236, 220),
(4448, 22, '2024-01-15', 236, 221),
(4449, 8, '2024-01-15', 236, 222),
(4450, 14, '2024-01-15', 236, 223),
(4451, 6, '2024-01-15', 236, 224),
(4452, 28, '2024-01-15', 236, 225),
(4453, 5, '2024-01-15', 236, 226),
(4454, 16, '2024-01-15', 236, 227),
(4455, 28, '2024-01-15', 236, 228),
(4456, 13, '2024-01-15', 236, 229),
(4457, 17, '2024-01-15', 236, 230),
(4458, 8, '2024-01-15', 236, 231),
(4459, 28, '2024-01-15', 236, 232),
(4460, 38, '2024-01-15', 236, 233),
(4461, 28, '2024-01-15', 236, 234),
(4462, 27, '2024-01-15', 236, 235),
(4463, 8, '2024-01-15', 236, 237),
(4464, 39, '2024-01-15', 236, 238),
(4465, 15, '2024-01-15', 236, 239),
(4466, 34, '2024-01-15', 236, 240),
(4467, 9, '2024-01-15', 236, 241),
(4468, 19, '2024-01-15', 237, 219),
(4469, 28, '2024-01-15', 237, 220),
(4470, 5, '2024-01-15', 237, 221),
(4471, 19, '2024-01-15', 237, 222),
(4472, 3, '2024-01-15', 237, 223),
(4473, 35, '2024-01-15', 237, 224),
(4474, 7, '2024-01-15', 237, 225),
(4475, 11, '2024-01-15', 237, 226),
(4476, 30, '2024-01-15', 237, 227),
(4477, 1, '2024-01-15', 237, 228),
(4478, 32, '2024-01-15', 237, 229),
(4479, 39, '2024-01-15', 237, 230),
(4480, 20, '2024-01-15', 237, 231),
(4481, 24, '2024-01-15', 237, 232),
(4482, 18, '2024-01-15', 237, 233),
(4483, 20, '2024-01-15', 237, 234),
(4484, 4, '2024-01-15', 237, 235),
(4485, 36, '2024-01-15', 237, 236),
(4486, 15, '2024-01-15', 237, 238),
(4487, 3, '2024-01-15', 237, 239),
(4488, 9, '2024-01-15', 237, 240),
(4489, 37, '2024-01-15', 237, 241),
(4490, 39, '2024-01-15', 238, 219),
(4491, 6, '2024-01-15', 238, 220),
(4492, 31, '2024-01-15', 238, 221),
(4493, 19, '2024-01-15', 238, 222),
(4494, 39, '2024-01-15', 238, 223),
(4495, 20, '2024-01-15', 238, 224),
(4496, 23, '2024-01-15', 238, 225),
(4497, 14, '2024-01-15', 238, 226),
(4498, 3, '2024-01-15', 238, 227),
(4499, 9, '2024-01-15', 238, 228),
(4500, 37, '2024-01-15', 238, 229),
(4501, 38, '2024-01-15', 238, 230),
(4502, 2, '2024-01-15', 238, 231),
(4503, 11, '2024-01-15', 238, 232),
(4504, 12, '2024-01-15', 238, 233),
(4505, 27, '2024-01-15', 238, 234),
(4506, 20, '2024-01-15', 238, 235),
(4507, 18, '2024-01-15', 238, 236),
(4508, 31, '2024-01-15', 238, 237),
(4509, 21, '2024-01-15', 238, 239),
(4510, 13, '2024-01-15', 238, 240),
(4511, 39, '2024-01-15', 238, 241),
(4512, 39, '2024-01-15', 239, 219),
(4513, 39, '2024-01-15', 239, 220),
(4514, 39, '2024-01-15', 239, 221),
(4515, 37, '2024-01-15', 239, 222),
(4516, 29, '2024-01-15', 239, 223),
(4517, 33, '2024-01-15', 239, 224),
(4518, 38, '2024-01-15', 239, 225),
(4519, 13, '2024-01-15', 239, 226),
(4520, 29, '2024-01-15', 239, 227),
(4521, 29, '2024-01-15', 239, 228),
(4522, 16, '2024-01-15', 239, 229),
(4523, 33, '2024-01-15', 239, 230),
(4524, 1, '2024-01-15', 239, 231),
(4525, 21, '2024-01-15', 239, 232),
(4526, 23, '2024-01-15', 239, 233),
(4527, 13, '2024-01-15', 239, 234),
(4528, 35, '2024-01-15', 239, 235),
(4529, 18, '2024-01-15', 239, 236),
(4530, 24, '2024-01-15', 239, 237),
(4531, 26, '2024-01-15', 239, 238),
(4532, 19, '2024-01-15', 239, 240),
(4533, 15, '2024-01-15', 239, 241),
(4534, 17, '2024-01-15', 240, 219),
(4535, 3, '2024-01-15', 240, 220),
(4536, 2, '2024-01-15', 240, 221),
(4537, 39, '2024-01-15', 240, 222),
(4538, 33, '2024-01-15', 240, 223),
(4539, 9, '2024-01-15', 240, 224),
(4540, 25, '2024-01-15', 240, 225),
(4541, 18, '2024-01-15', 240, 226),
(4542, 15, '2024-01-15', 240, 227),
(4543, 21, '2024-01-15', 240, 228),
(4544, 22, '2024-01-15', 240, 229),
(4545, 5, '2024-01-15', 240, 230),
(4546, 37, '2024-01-15', 240, 231),
(4547, 12, '2024-01-15', 240, 232),
(4548, 27, '2024-01-15', 240, 233),
(4549, 22, '2024-01-15', 240, 234),
(4550, 26, '2024-01-15', 240, 235),
(4551, 26, '2024-01-15', 240, 236);
INSERT INTO `partido` (`ID_partido`, `Arbitro`, `Fecha`, `Local`, `Visitante`) VALUES
(4552, 13, '2024-01-15', 240, 237),
(4553, 27, '2024-01-15', 240, 238),
(4554, 15, '2024-01-15', 240, 239),
(4555, 32, '2024-01-15', 240, 241),
(4556, 37, '2024-01-15', 241, 219),
(4557, 10, '2024-01-15', 241, 220),
(4558, 19, '2024-01-15', 241, 221),
(4559, 24, '2024-01-15', 241, 222),
(4560, 23, '2024-01-15', 241, 223),
(4561, 4, '2024-01-15', 241, 224),
(4562, 29, '2024-01-15', 241, 225),
(4563, 14, '2024-01-15', 241, 226),
(4564, 24, '2024-01-15', 241, 227),
(4565, 36, '2024-01-15', 241, 228),
(4566, 29, '2024-01-15', 241, 229),
(4567, 36, '2024-01-15', 241, 230),
(4568, 14, '2024-01-15', 241, 231),
(4569, 39, '2024-01-15', 241, 232),
(4570, 35, '2024-01-15', 241, 233),
(4571, 18, '2024-01-15', 241, 234),
(4572, 26, '2024-01-15', 241, 235),
(4573, 35, '2024-01-15', 241, 236),
(4574, 18, '2024-01-15', 241, 237),
(4575, 23, '2024-01-15', 241, 238),
(4576, 21, '2024-01-15', 241, 239),
(4577, 37, '2024-01-15', 241, 240),
(4578, 5, '2024-01-15', 242, 243),
(4579, 31, '2024-01-15', 242, 244),
(4580, 20, '2024-01-15', 242, 245),
(4581, 9, '2024-01-15', 242, 246),
(4582, 22, '2024-01-15', 242, 247),
(4583, 4, '2024-01-15', 242, 248),
(4584, 30, '2024-01-15', 242, 249),
(4585, 24, '2024-01-15', 242, 250),
(4586, 28, '2024-01-15', 242, 251),
(4587, 29, '2024-01-15', 242, 252),
(4588, 21, '2024-01-15', 242, 253),
(4589, 16, '2024-01-15', 242, 254),
(4590, 18, '2024-01-15', 242, 255),
(4591, 1, '2024-01-15', 242, 256),
(4592, 28, '2024-01-15', 242, 257),
(4593, 22, '2024-01-15', 242, 258),
(4594, 26, '2024-01-15', 242, 259),
(4595, 21, '2024-01-15', 242, 260),
(4596, 30, '2024-01-15', 242, 261),
(4597, 8, '2024-01-15', 242, 262),
(4598, 27, '2024-01-15', 242, 263),
(4599, 33, '2024-01-15', 242, 264),
(4600, 6, '2024-01-15', 243, 242),
(4601, 7, '2024-01-15', 243, 244),
(4602, 17, '2024-01-15', 243, 245),
(4603, 24, '2024-01-15', 243, 246),
(4604, 30, '2024-01-15', 243, 247),
(4605, 39, '2024-01-15', 243, 248),
(4606, 28, '2024-01-15', 243, 249),
(4607, 21, '2024-01-15', 243, 250),
(4608, 19, '2024-01-15', 243, 251),
(4609, 33, '2024-01-15', 243, 252),
(4610, 30, '2024-01-15', 243, 253),
(4611, 11, '2024-01-15', 243, 254),
(4612, 5, '2024-01-15', 243, 255),
(4613, 31, '2024-01-15', 243, 256),
(4614, 21, '2024-01-15', 243, 257),
(4615, 10, '2024-01-15', 243, 258),
(4616, 28, '2024-01-15', 243, 259),
(4617, 30, '2024-01-15', 243, 260),
(4618, 27, '2024-01-15', 243, 261),
(4619, 3, '2024-01-15', 243, 262),
(4620, 15, '2024-01-15', 243, 263),
(4621, 25, '2024-01-15', 243, 264),
(4622, 2, '2024-01-15', 244, 242),
(4623, 11, '2024-01-15', 244, 243),
(4624, 11, '2024-01-15', 244, 245),
(4625, 23, '2024-01-15', 244, 246),
(4626, 39, '2024-01-15', 244, 247),
(4627, 11, '2024-01-15', 244, 248),
(4628, 13, '2024-01-15', 244, 249),
(4629, 34, '2024-01-15', 244, 250),
(4630, 13, '2024-01-15', 244, 251),
(4631, 39, '2024-01-15', 244, 252),
(4632, 39, '2024-01-15', 244, 253),
(4633, 37, '2024-01-15', 244, 254),
(4634, 29, '2024-01-15', 244, 255),
(4635, 34, '2024-01-15', 244, 256),
(4636, 4, '2024-01-15', 244, 257),
(4637, 35, '2024-01-15', 244, 258),
(4638, 7, '2024-01-15', 244, 259),
(4639, 8, '2024-01-15', 244, 260),
(4640, 19, '2024-01-15', 244, 261),
(4641, 31, '2024-01-15', 244, 262),
(4642, 20, '2024-01-15', 244, 263),
(4643, 4, '2024-01-15', 244, 264),
(4644, 39, '2024-01-15', 245, 242),
(4645, 26, '2024-01-15', 245, 243),
(4646, 14, '2024-01-15', 245, 244),
(4647, 30, '2024-01-15', 245, 246),
(4648, 29, '2024-01-15', 245, 247),
(4649, 14, '2024-01-15', 245, 248),
(4650, 21, '2024-01-15', 245, 249),
(4651, 24, '2024-01-15', 245, 250),
(4652, 17, '2024-01-15', 245, 251),
(4653, 11, '2024-01-15', 245, 252),
(4654, 5, '2024-01-15', 245, 253),
(4655, 31, '2024-01-15', 245, 254),
(4656, 23, '2024-01-15', 245, 255),
(4657, 22, '2024-01-15', 245, 256),
(4658, 2, '2024-01-15', 245, 257),
(4659, 19, '2024-01-15', 245, 258),
(4660, 11, '2024-01-15', 245, 259),
(4661, 35, '2024-01-15', 245, 260),
(4662, 26, '2024-01-15', 245, 261),
(4663, 26, '2024-01-15', 245, 262),
(4664, 11, '2024-01-15', 245, 263),
(4665, 18, '2024-01-15', 245, 264),
(4666, 14, '2024-01-15', 246, 242),
(4667, 18, '2024-01-15', 246, 243),
(4668, 8, '2024-01-15', 246, 244),
(4669, 24, '2024-01-15', 246, 245),
(4670, 18, '2024-01-15', 246, 247),
(4671, 16, '2024-01-15', 246, 248),
(4672, 26, '2024-01-15', 246, 249),
(4673, 4, '2024-01-15', 246, 250),
(4674, 18, '2024-01-15', 246, 251),
(4675, 39, '2024-01-15', 246, 252),
(4676, 25, '2024-01-15', 246, 253),
(4677, 8, '2024-01-15', 246, 254),
(4678, 1, '2024-01-15', 246, 255),
(4679, 20, '2024-01-15', 246, 256),
(4680, 19, '2024-01-15', 246, 257),
(4681, 35, '2024-01-15', 246, 258),
(4682, 2, '2024-01-15', 246, 259),
(4683, 20, '2024-01-15', 246, 260),
(4684, 16, '2024-01-15', 246, 261),
(4685, 19, '2024-01-15', 246, 262),
(4686, 9, '2024-01-15', 246, 263),
(4687, 24, '2024-01-15', 246, 264),
(4688, 15, '2024-01-15', 247, 242),
(4689, 1, '2024-01-15', 247, 243),
(4690, 1, '2024-01-15', 247, 244),
(4691, 39, '2024-01-15', 247, 245),
(4692, 38, '2024-01-15', 247, 246),
(4693, 33, '2024-01-15', 247, 248),
(4694, 9, '2024-01-15', 247, 249),
(4695, 25, '2024-01-15', 247, 250),
(4696, 20, '2024-01-15', 247, 251),
(4697, 24, '2024-01-15', 247, 252),
(4698, 19, '2024-01-15', 247, 253),
(4699, 23, '2024-01-15', 247, 254),
(4700, 21, '2024-01-15', 247, 255),
(4701, 32, '2024-01-15', 247, 256),
(4702, 19, '2024-01-15', 247, 257),
(4703, 1, '2024-01-15', 247, 258),
(4704, 25, '2024-01-15', 247, 259),
(4705, 5, '2024-01-15', 247, 260),
(4706, 28, '2024-01-15', 247, 261),
(4707, 6, '2024-01-15', 247, 262),
(4708, 23, '2024-01-15', 247, 263),
(4709, 20, '2024-01-15', 247, 264),
(4710, 29, '2024-01-15', 248, 242),
(4711, 7, '2024-01-15', 248, 243),
(4712, 25, '2024-01-15', 248, 244),
(4713, 25, '2024-01-15', 248, 245),
(4714, 9, '2024-01-15', 248, 246),
(4715, 11, '2024-01-15', 248, 247),
(4716, 25, '2024-01-15', 248, 249),
(4717, 15, '2024-01-15', 248, 250),
(4718, 37, '2024-01-15', 248, 251),
(4719, 21, '2024-01-15', 248, 252),
(4720, 36, '2024-01-15', 248, 253),
(4721, 36, '2024-01-15', 248, 254),
(4722, 32, '2024-01-15', 248, 255),
(4723, 14, '2024-01-15', 248, 256),
(4724, 13, '2024-01-15', 248, 257),
(4725, 23, '2024-01-15', 248, 258),
(4726, 34, '2024-01-15', 248, 259),
(4727, 23, '2024-01-15', 248, 260),
(4728, 11, '2024-01-15', 248, 261),
(4729, 25, '2024-01-15', 248, 262),
(4730, 15, '2024-01-15', 248, 263),
(4731, 38, '2024-01-15', 248, 264),
(4732, 26, '2024-01-15', 249, 242),
(4733, 16, '2024-01-15', 249, 243),
(4734, 2, '2024-01-15', 249, 244),
(4735, 37, '2024-01-15', 249, 245),
(4736, 26, '2024-01-15', 249, 246),
(4737, 16, '2024-01-15', 249, 247),
(4738, 3, '2024-01-15', 249, 248),
(4739, 4, '2024-01-15', 249, 250),
(4740, 11, '2024-01-15', 249, 251),
(4741, 4, '2024-01-15', 249, 252),
(4742, 24, '2024-01-15', 249, 253),
(4743, 29, '2024-01-15', 249, 254),
(4744, 33, '2024-01-15', 249, 255),
(4745, 2, '2024-01-15', 249, 256),
(4746, 25, '2024-01-15', 249, 257),
(4747, 1, '2024-01-15', 249, 258),
(4748, 10, '2024-01-15', 249, 259),
(4749, 8, '2024-01-15', 249, 260),
(4750, 10, '2024-01-15', 249, 261),
(4751, 24, '2024-01-15', 249, 262),
(4752, 13, '2024-01-15', 249, 263),
(4753, 29, '2024-01-15', 249, 264),
(4754, 29, '2024-01-15', 250, 242),
(4755, 18, '2024-01-15', 250, 243),
(4756, 1, '2024-01-15', 250, 244),
(4757, 31, '2024-01-15', 250, 245),
(4758, 34, '2024-01-15', 250, 246),
(4759, 39, '2024-01-15', 250, 247),
(4760, 13, '2024-01-15', 250, 248),
(4761, 26, '2024-01-15', 250, 249),
(4762, 13, '2024-01-15', 250, 251),
(4763, 25, '2024-01-15', 250, 252),
(4764, 5, '2024-01-15', 250, 253),
(4765, 31, '2024-01-15', 250, 254),
(4766, 22, '2024-01-15', 250, 255),
(4767, 14, '2024-01-15', 250, 256),
(4768, 5, '2024-01-15', 250, 257),
(4769, 20, '2024-01-15', 250, 258),
(4770, 7, '2024-01-15', 250, 259),
(4771, 14, '2024-01-15', 250, 260),
(4772, 9, '2024-01-15', 250, 261),
(4773, 2, '2024-01-15', 250, 262),
(4774, 21, '2024-01-15', 250, 263),
(4775, 22, '2024-01-15', 250, 264),
(4776, 6, '2024-01-15', 251, 242),
(4777, 3, '2024-01-15', 251, 243),
(4778, 35, '2024-01-15', 251, 244),
(4779, 10, '2024-01-15', 251, 245),
(4780, 22, '2024-01-15', 251, 246),
(4781, 3, '2024-01-15', 251, 247),
(4782, 25, '2024-01-15', 251, 248),
(4783, 38, '2024-01-15', 251, 249),
(4784, 37, '2024-01-15', 251, 250),
(4785, 31, '2024-01-15', 251, 252),
(4786, 3, '2024-01-15', 251, 253),
(4787, 2, '2024-01-15', 251, 254),
(4788, 38, '2024-01-15', 251, 255),
(4789, 27, '2024-01-15', 251, 256),
(4790, 22, '2024-01-15', 251, 257),
(4791, 26, '2024-01-15', 251, 258),
(4792, 25, '2024-01-15', 251, 259),
(4793, 9, '2024-01-15', 251, 260),
(4794, 10, '2024-01-15', 251, 261),
(4795, 21, '2024-01-15', 251, 262),
(4796, 34, '2024-01-15', 251, 263),
(4797, 30, '2024-01-15', 251, 264),
(4798, 10, '2024-01-15', 252, 242),
(4799, 37, '2024-01-15', 252, 243),
(4800, 39, '2024-01-15', 252, 244),
(4801, 3, '2024-01-15', 252, 245),
(4802, 16, '2024-01-15', 252, 246),
(4803, 33, '2024-01-15', 252, 247),
(4804, 36, '2024-01-15', 252, 248),
(4805, 3, '2024-01-15', 252, 249),
(4806, 24, '2024-01-15', 252, 250),
(4807, 32, '2024-01-15', 252, 251),
(4808, 8, '2024-01-15', 252, 253),
(4809, 23, '2024-01-15', 252, 254),
(4810, 11, '2024-01-15', 252, 255),
(4811, 24, '2024-01-15', 252, 256),
(4812, 12, '2024-01-15', 252, 257),
(4813, 23, '2024-01-15', 252, 258),
(4814, 2, '2024-01-15', 252, 259),
(4815, 18, '2024-01-15', 252, 260),
(4816, 5, '2024-01-15', 252, 261),
(4817, 8, '2024-01-15', 252, 262),
(4818, 25, '2024-01-15', 252, 263),
(4819, 25, '2024-01-15', 252, 264),
(4820, 8, '2024-01-15', 253, 242),
(4821, 4, '2024-01-15', 253, 243),
(4822, 34, '2024-01-15', 253, 244),
(4823, 1, '2024-01-15', 253, 245),
(4824, 19, '2024-01-15', 253, 246),
(4825, 15, '2024-01-15', 253, 247),
(4826, 16, '2024-01-15', 253, 248),
(4827, 35, '2024-01-15', 253, 249),
(4828, 8, '2024-01-15', 253, 250),
(4829, 15, '2024-01-15', 253, 251),
(4830, 13, '2024-01-15', 253, 252),
(4831, 16, '2024-01-15', 253, 254),
(4832, 4, '2024-01-15', 253, 255),
(4833, 8, '2024-01-15', 253, 256),
(4834, 28, '2024-01-15', 253, 257),
(4835, 1, '2024-01-15', 253, 258),
(4836, 35, '2024-01-15', 253, 259),
(4837, 15, '2024-01-15', 253, 260),
(4838, 10, '2024-01-15', 253, 261),
(4839, 2, '2024-01-15', 253, 262),
(4840, 21, '2024-01-15', 253, 263),
(4841, 19, '2024-01-15', 253, 264),
(4842, 30, '2024-01-15', 254, 242),
(4843, 18, '2024-01-15', 254, 243),
(4844, 37, '2024-01-15', 254, 244),
(4845, 12, '2024-01-15', 254, 245),
(4846, 29, '2024-01-15', 254, 246),
(4847, 28, '2024-01-15', 254, 247),
(4848, 15, '2024-01-15', 254, 248),
(4849, 30, '2024-01-15', 254, 249),
(4850, 26, '2024-01-15', 254, 250),
(4851, 39, '2024-01-15', 254, 251),
(4852, 1, '2024-01-15', 254, 252),
(4853, 5, '2024-01-15', 254, 253),
(4854, 21, '2024-01-15', 254, 255),
(4855, 11, '2024-01-15', 254, 256),
(4856, 32, '2024-01-15', 254, 257),
(4857, 9, '2024-01-15', 254, 258),
(4858, 27, '2024-01-15', 254, 259),
(4859, 27, '2024-01-15', 254, 260),
(4860, 17, '2024-01-15', 254, 261),
(4861, 4, '2024-01-15', 254, 262),
(4862, 9, '2024-01-15', 254, 263),
(4863, 29, '2024-01-15', 254, 264),
(4864, 2, '2024-01-15', 255, 242),
(4865, 39, '2024-01-15', 255, 243),
(4866, 33, '2024-01-15', 255, 244),
(4867, 9, '2024-01-15', 255, 245),
(4868, 21, '2024-01-15', 255, 246),
(4869, 2, '2024-01-15', 255, 247),
(4870, 22, '2024-01-15', 255, 248),
(4871, 29, '2024-01-15', 255, 249),
(4872, 37, '2024-01-15', 255, 250),
(4873, 18, '2024-01-15', 255, 251),
(4874, 20, '2024-01-15', 255, 252),
(4875, 7, '2024-01-15', 255, 253),
(4876, 12, '2024-01-15', 255, 254),
(4877, 38, '2024-01-15', 255, 256),
(4878, 36, '2024-01-15', 255, 257),
(4879, 29, '2024-01-15', 255, 258),
(4880, 34, '2024-01-15', 255, 259),
(4881, 5, '2024-01-15', 255, 260),
(4882, 39, '2024-01-15', 255, 261),
(4883, 23, '2024-01-15', 255, 262),
(4884, 39, '2024-01-15', 255, 263),
(4885, 8, '2024-01-15', 255, 264),
(4886, 39, '2024-01-15', 256, 242),
(4887, 17, '2024-01-15', 256, 243),
(4888, 3, '2024-01-15', 256, 244),
(4889, 5, '2024-01-15', 256, 245),
(4890, 13, '2024-01-15', 256, 246),
(4891, 12, '2024-01-15', 256, 247),
(4892, 21, '2024-01-15', 256, 248),
(4893, 27, '2024-01-15', 256, 249),
(4894, 34, '2024-01-15', 256, 250),
(4895, 12, '2024-01-15', 256, 251),
(4896, 35, '2024-01-15', 256, 252),
(4897, 22, '2024-01-15', 256, 253),
(4898, 3, '2024-01-15', 256, 254),
(4899, 29, '2024-01-15', 256, 255),
(4900, 17, '2024-01-15', 256, 257),
(4901, 35, '2024-01-15', 256, 258),
(4902, 6, '2024-01-15', 256, 259),
(4903, 3, '2024-01-15', 256, 260),
(4904, 37, '2024-01-15', 256, 261),
(4905, 17, '2024-01-15', 256, 262),
(4906, 15, '2024-01-15', 256, 263),
(4907, 23, '2024-01-15', 256, 264),
(4908, 31, '2024-01-15', 257, 242),
(4909, 6, '2024-01-15', 257, 243),
(4910, 15, '2024-01-15', 257, 244),
(4911, 17, '2024-01-15', 257, 245),
(4912, 39, '2024-01-15', 257, 246),
(4913, 27, '2024-01-15', 257, 247),
(4914, 17, '2024-01-15', 257, 248),
(4915, 5, '2024-01-15', 257, 249),
(4916, 10, '2024-01-15', 257, 250),
(4917, 35, '2024-01-15', 257, 251),
(4918, 26, '2024-01-15', 257, 252),
(4919, 27, '2024-01-15', 257, 253),
(4920, 18, '2024-01-15', 257, 254),
(4921, 8, '2024-01-15', 257, 255),
(4922, 26, '2024-01-15', 257, 256),
(4923, 28, '2024-01-15', 257, 258),
(4924, 20, '2024-01-15', 257, 259),
(4925, 17, '2024-01-15', 257, 260),
(4926, 26, '2024-01-15', 257, 261),
(4927, 38, '2024-01-15', 257, 262),
(4928, 35, '2024-01-15', 257, 263),
(4929, 22, '2024-01-15', 257, 264),
(4930, 3, '2024-01-15', 258, 242),
(4931, 29, '2024-01-15', 258, 243),
(4932, 17, '2024-01-15', 258, 244),
(4933, 36, '2024-01-15', 258, 245),
(4934, 10, '2024-01-15', 258, 246),
(4935, 21, '2024-01-15', 258, 247),
(4936, 37, '2024-01-15', 258, 248),
(4937, 3, '2024-01-15', 258, 249),
(4938, 20, '2024-01-15', 258, 250),
(4939, 14, '2024-01-15', 258, 251),
(4940, 9, '2024-01-15', 258, 252),
(4941, 4, '2024-01-15', 258, 253),
(4942, 30, '2024-01-15', 258, 254),
(4943, 20, '2024-01-15', 258, 255),
(4944, 11, '2024-01-15', 258, 256),
(4945, 33, '2024-01-15', 258, 257),
(4946, 13, '2024-01-15', 258, 259),
(4947, 7, '2024-01-15', 258, 260),
(4948, 36, '2024-01-15', 258, 261),
(4949, 38, '2024-01-15', 258, 262),
(4950, 4, '2024-01-15', 258, 263),
(4951, 22, '2024-01-15', 258, 264),
(4952, 19, '2024-01-15', 259, 242),
(4953, 30, '2024-01-15', 259, 243),
(4954, 13, '2024-01-15', 259, 244),
(4955, 15, '2024-01-15', 259, 245),
(4956, 35, '2024-01-15', 259, 246),
(4957, 12, '2024-01-15', 259, 247),
(4958, 32, '2024-01-15', 259, 248),
(4959, 6, '2024-01-15', 259, 249),
(4960, 11, '2024-01-15', 259, 250),
(4961, 36, '2024-01-15', 259, 251),
(4962, 32, '2024-01-15', 259, 252),
(4963, 13, '2024-01-15', 259, 253),
(4964, 5, '2024-01-15', 259, 254),
(4965, 25, '2024-01-15', 259, 255),
(4966, 30, '2024-01-15', 259, 256),
(4967, 38, '2024-01-15', 259, 257),
(4968, 19, '2024-01-15', 259, 258),
(4969, 20, '2024-01-15', 259, 260),
(4970, 2, '2024-01-15', 259, 261),
(4971, 30, '2024-01-15', 259, 262),
(4972, 24, '2024-01-15', 259, 263),
(4973, 31, '2024-01-15', 259, 264),
(4974, 4, '2024-01-15', 260, 242),
(4975, 5, '2024-01-15', 260, 243),
(4976, 13, '2024-01-15', 260, 244),
(4977, 11, '2024-01-15', 260, 245),
(4978, 16, '2024-01-15', 260, 246),
(4979, 6, '2024-01-15', 260, 247),
(4980, 21, '2024-01-15', 260, 248),
(4981, 8, '2024-01-15', 260, 249),
(4982, 16, '2024-01-15', 260, 250),
(4983, 15, '2024-01-15', 260, 251),
(4984, 28, '2024-01-15', 260, 252),
(4985, 15, '2024-01-15', 260, 253),
(4986, 29, '2024-01-15', 260, 254),
(4987, 24, '2024-01-15', 260, 255),
(4988, 33, '2024-01-15', 260, 256),
(4989, 15, '2024-01-15', 260, 257),
(4990, 12, '2024-01-15', 260, 258),
(4991, 17, '2024-01-15', 260, 259),
(4992, 10, '2024-01-15', 260, 261),
(4993, 35, '2024-01-15', 260, 262),
(4994, 30, '2024-01-15', 260, 263),
(4995, 6, '2024-01-15', 260, 264),
(4996, 17, '2024-01-15', 261, 242),
(4997, 25, '2024-01-15', 261, 243),
(4998, 37, '2024-01-15', 261, 244),
(4999, 33, '2024-01-15', 261, 245),
(5000, 12, '2024-01-15', 261, 246),
(5001, 37, '2024-01-15', 261, 247),
(5002, 33, '2024-01-15', 261, 248),
(5003, 15, '2024-01-15', 261, 249),
(5004, 14, '2024-01-15', 261, 250),
(5005, 25, '2024-01-15', 261, 251),
(5006, 3, '2024-01-15', 261, 252),
(5007, 17, '2024-01-15', 261, 253),
(5008, 37, '2024-01-15', 261, 254),
(5009, 17, '2024-01-15', 261, 255),
(5010, 11, '2024-01-15', 261, 256),
(5011, 4, '2024-01-15', 261, 257),
(5012, 24, '2024-01-15', 261, 258),
(5013, 32, '2024-01-15', 261, 259),
(5014, 8, '2024-01-15', 261, 260),
(5015, 20, '2024-01-15', 261, 262),
(5016, 39, '2024-01-15', 261, 263),
(5017, 18, '2024-01-15', 261, 264),
(5018, 11, '2024-01-15', 262, 242),
(5019, 39, '2024-01-15', 262, 243),
(5020, 5, '2024-01-15', 262, 244),
(5021, 24, '2024-01-15', 262, 245),
(5022, 25, '2024-01-15', 262, 246),
(5023, 16, '2024-01-15', 262, 247),
(5024, 3, '2024-01-15', 262, 248),
(5025, 7, '2024-01-15', 262, 249),
(5026, 25, '2024-01-15', 262, 250),
(5027, 26, '2024-01-15', 262, 251),
(5028, 16, '2024-01-15', 262, 252),
(5029, 1, '2024-01-15', 262, 253),
(5030, 34, '2024-01-15', 262, 254),
(5031, 12, '2024-01-15', 262, 255),
(5032, 33, '2024-01-15', 262, 256),
(5033, 14, '2024-01-15', 262, 257),
(5034, 9, '2024-01-15', 262, 258),
(5035, 3, '2024-01-15', 262, 259),
(5036, 27, '2024-01-15', 262, 260),
(5037, 7, '2024-01-15', 262, 261),
(5038, 34, '2024-01-15', 262, 263),
(5039, 29, '2024-01-15', 262, 264),
(5040, 5, '2024-01-15', 263, 242),
(5041, 13, '2024-01-15', 263, 243),
(5042, 11, '2024-01-15', 263, 244),
(5043, 17, '2024-01-15', 263, 245),
(5044, 13, '2024-01-15', 263, 246),
(5045, 13, '2024-01-15', 263, 247),
(5046, 23, '2024-01-15', 263, 248),
(5047, 1, '2024-01-15', 263, 249),
(5048, 13, '2024-01-15', 263, 250),
(5049, 22, '2024-01-15', 263, 251),
(5050, 32, '2024-01-15', 263, 252),
(5051, 17, '2024-01-15', 263, 253),
(5052, 25, '2024-01-15', 263, 254),
(5053, 36, '2024-01-15', 263, 255),
(5054, 27, '2024-01-15', 263, 256),
(5055, 24, '2024-01-15', 263, 257),
(5056, 1, '2024-01-15', 263, 258),
(5057, 10, '2024-01-15', 263, 259),
(5058, 6, '2024-01-15', 263, 260),
(5059, 39, '2024-01-15', 263, 261),
(5060, 21, '2024-01-15', 263, 262),
(5061, 26, '2024-01-15', 263, 264),
(5062, 29, '2024-01-15', 264, 242),
(5063, 26, '2024-01-15', 264, 243),
(5064, 5, '2024-01-15', 264, 244),
(5065, 22, '2024-01-15', 264, 245),
(5066, 18, '2024-01-15', 264, 246),
(5067, 25, '2024-01-15', 264, 247),
(5068, 30, '2024-01-15', 264, 248),
(5069, 36, '2024-01-15', 264, 249),
(5070, 13, '2024-01-15', 264, 250),
(5071, 34, '2024-01-15', 264, 251),
(5072, 12, '2024-01-15', 264, 252),
(5073, 35, '2024-01-15', 264, 253),
(5074, 23, '2024-01-15', 264, 254),
(5075, 8, '2024-01-15', 264, 255),
(5076, 9, '2024-01-15', 264, 256),
(5077, 22, '2024-01-15', 264, 257),
(5078, 3, '2024-01-15', 264, 258),
(5079, 26, '2024-01-15', 264, 259),
(5080, 4, '2024-01-15', 264, 260),
(5081, 18, '2024-01-15', 264, 261),
(5082, 3, '2024-01-15', 264, 262),
(5083, 36, '2024-01-15', 264, 263),
(5084, 14, '2024-01-15', 265, 266),
(5085, 2, '2024-01-15', 265, 267),
(5086, 7, '2024-01-15', 265, 268),
(5087, 29, '2024-01-15', 265, 269),
(5088, 5, '2024-01-15', 265, 270),
(5089, 14, '2024-01-15', 265, 271),
(5090, 18, '2024-01-15', 265, 272),
(5091, 6, '2024-01-15', 265, 273),
(5092, 17, '2024-01-15', 265, 274),
(5093, 28, '2024-01-15', 265, 275),
(5094, 11, '2024-01-15', 265, 276),
(5095, 8, '2024-01-15', 265, 277),
(5096, 7, '2024-01-15', 265, 278),
(5097, 9, '2024-01-15', 265, 279),
(5098, 27, '2024-01-15', 265, 280),
(5099, 26, '2024-01-15', 265, 281),
(5100, 10, '2024-01-15', 265, 282),
(5101, 9, '2024-01-15', 265, 283),
(5102, 16, '2024-01-15', 265, 284),
(5103, 15, '2024-01-15', 265, 285),
(5104, 26, '2024-01-15', 265, 286),
(5105, 7, '2024-01-15', 265, 287),
(5106, 33, '2024-01-15', 266, 265),
(5107, 27, '2024-01-15', 266, 267),
(5108, 35, '2024-01-15', 266, 268),
(5109, 16, '2024-01-15', 266, 269),
(5110, 13, '2024-01-15', 266, 270),
(5111, 19, '2024-01-15', 266, 271),
(5112, 14, '2024-01-15', 266, 272),
(5113, 13, '2024-01-15', 266, 273),
(5114, 22, '2024-01-15', 266, 274),
(5115, 32, '2024-01-15', 266, 275),
(5116, 17, '2024-01-15', 266, 276),
(5117, 24, '2024-01-15', 266, 277),
(5118, 33, '2024-01-15', 266, 278),
(5119, 13, '2024-01-15', 266, 279),
(5120, 5, '2024-01-15', 266, 280),
(5121, 24, '2024-01-15', 266, 281),
(5122, 25, '2024-01-15', 266, 282),
(5123, 13, '2024-01-15', 266, 283),
(5124, 31, '2024-01-15', 266, 284),
(5125, 35, '2024-01-15', 266, 285),
(5126, 4, '2024-01-15', 266, 286),
(5127, 31, '2024-01-15', 266, 287),
(5128, 27, '2024-01-15', 267, 265),
(5129, 4, '2024-01-15', 267, 266),
(5130, 15, '2024-01-15', 267, 268),
(5131, 22, '2024-01-15', 267, 269),
(5132, 28, '2024-01-15', 267, 270),
(5133, 36, '2024-01-15', 267, 271),
(5134, 14, '2024-01-15', 267, 272),
(5135, 2, '2024-01-15', 267, 273),
(5136, 7, '2024-01-15', 267, 274),
(5137, 28, '2024-01-15', 267, 275),
(5138, 4, '2024-01-15', 267, 276),
(5139, 10, '2024-01-15', 267, 277),
(5140, 1, '2024-01-15', 267, 278),
(5141, 12, '2024-01-15', 267, 279),
(5142, 17, '2024-01-15', 267, 280),
(5143, 11, '2024-01-15', 267, 281),
(5144, 1, '2024-01-15', 267, 282),
(5145, 12, '2024-01-15', 267, 283),
(5146, 17, '2024-01-15', 267, 284),
(5147, 11, '2024-01-15', 267, 285),
(5148, 2, '2024-01-15', 267, 286),
(5149, 14, '2024-01-15', 267, 287),
(5150, 26, '2024-01-15', 268, 265),
(5151, 10, '2024-01-15', 268, 266),
(5152, 10, '2024-01-15', 268, 267),
(5153, 18, '2024-01-15', 268, 269),
(5154, 20, '2024-01-15', 268, 270),
(5155, 8, '2024-01-15', 268, 271),
(5156, 17, '2024-01-15', 268, 272),
(5157, 22, '2024-01-15', 268, 273),
(5158, 19, '2024-01-15', 268, 274),
(5159, 28, '2024-01-15', 268, 275),
(5160, 6, '2024-01-15', 268, 276),
(5161, 22, '2024-01-15', 268, 277),
(5162, 16, '2024-01-15', 268, 278),
(5163, 13, '2024-01-15', 268, 279),
(5164, 15, '2024-01-15', 268, 280),
(5165, 37, '2024-01-15', 268, 281),
(5166, 21, '2024-01-15', 268, 282),
(5167, 33, '2024-01-15', 268, 283),
(5168, 25, '2024-01-15', 268, 284),
(5169, 25, '2024-01-15', 268, 285),
(5170, 9, '2024-01-15', 268, 286),
(5171, 9, '2024-01-15', 268, 287),
(5172, 19, '2024-01-15', 269, 265),
(5173, 29, '2024-01-15', 269, 266),
(5174, 11, '2024-01-15', 269, 267),
(5175, 3, '2024-01-15', 269, 268),
(5176, 21, '2024-01-15', 269, 270),
(5177, 20, '2024-01-15', 269, 271),
(5178, 36, '2024-01-15', 269, 272),
(5179, 39, '2024-01-15', 269, 273),
(5180, 9, '2024-01-15', 269, 274),
(5181, 6, '2024-01-15', 269, 275),
(5182, 4, '2024-01-15', 269, 276),
(5183, 39, '2024-01-15', 269, 277),
(5184, 27, '2024-01-15', 269, 278),
(5185, 15, '2024-01-15', 269, 279),
(5186, 35, '2024-01-15', 269, 280),
(5187, 13, '2024-01-15', 269, 281),
(5188, 38, '2024-01-15', 269, 282),
(5189, 32, '2024-01-15', 269, 283),
(5190, 7, '2024-01-15', 269, 284),
(5191, 18, '2024-01-15', 269, 285),
(5192, 30, '2024-01-15', 269, 286),
(5193, 17, '2024-01-15', 269, 287),
(5194, 32, '2024-01-15', 270, 265),
(5195, 33, '2024-01-15', 270, 266),
(5196, 26, '2024-01-15', 270, 267),
(5197, 34, '2024-01-15', 270, 268),
(5198, 10, '2024-01-15', 270, 269),
(5199, 29, '2024-01-15', 270, 271),
(5200, 34, '2024-01-15', 270, 272),
(5201, 5, '2024-01-15', 270, 273),
(5202, 38, '2024-01-15', 270, 274),
(5203, 18, '2024-01-15', 270, 275),
(5204, 17, '2024-01-15', 270, 276),
(5205, 31, '2024-01-15', 270, 277),
(5206, 24, '2024-01-15', 270, 278),
(5207, 26, '2024-01-15', 270, 279),
(5208, 18, '2024-01-15', 270, 280),
(5209, 13, '2024-01-15', 270, 281),
(5210, 12, '2024-01-15', 270, 282),
(5211, 18, '2024-01-15', 270, 283),
(5212, 17, '2024-01-15', 270, 284),
(5213, 28, '2024-01-15', 270, 285),
(5214, 11, '2024-01-15', 270, 286),
(5215, 9, '2024-01-15', 270, 287),
(5216, 14, '2024-01-15', 271, 265),
(5217, 39, '2024-01-15', 271, 266),
(5218, 37, '2024-01-15', 271, 267),
(5219, 28, '2024-01-15', 271, 268),
(5220, 31, '2024-01-15', 271, 269),
(5221, 28, '2024-01-15', 271, 270),
(5222, 10, '2024-01-15', 271, 272),
(5223, 4, '2024-01-15', 271, 273),
(5224, 30, '2024-01-15', 271, 274),
(5225, 18, '2024-01-15', 271, 275),
(5226, 2, '2024-01-15', 271, 276),
(5227, 30, '2024-01-15', 271, 277),
(5228, 30, '2024-01-15', 271, 278),
(5229, 17, '2024-01-15', 271, 279),
(5230, 36, '2024-01-15', 271, 280),
(5231, 9, '2024-01-15', 271, 281),
(5232, 15, '2024-01-15', 271, 282),
(5233, 10, '2024-01-15', 271, 283),
(5234, 2, '2024-01-15', 271, 284),
(5235, 22, '2024-01-15', 271, 285),
(5236, 22, '2024-01-15', 271, 286),
(5237, 6, '2024-01-15', 271, 287),
(5238, 3, '2024-01-15', 272, 265),
(5239, 35, '2024-01-15', 272, 266),
(5240, 11, '2024-01-15', 272, 267),
(5241, 26, '2024-01-15', 272, 268),
(5242, 21, '2024-01-15', 272, 269),
(5243, 24, '2024-01-15', 272, 270),
(5244, 17, '2024-01-15', 272, 271),
(5245, 14, '2024-01-15', 272, 273),
(5246, 18, '2024-01-15', 272, 274),
(5247, 7, '2024-01-15', 272, 275),
(5248, 19, '2024-01-15', 272, 276),
(5249, 35, '2024-01-15', 272, 277),
(5250, 39, '2024-01-15', 272, 278),
(5251, 12, '2024-01-15', 272, 279),
(5252, 20, '2024-01-15', 272, 280),
(5253, 27, '2024-01-15', 272, 281),
(5254, 33, '2024-01-15', 272, 282),
(5255, 5, '2024-01-15', 272, 283),
(5256, 6, '2024-01-15', 272, 284),
(5257, 14, '2024-01-15', 272, 285),
(5258, 12, '2024-01-15', 272, 286),
(5259, 17, '2024-01-15', 272, 287),
(5260, 8, '2024-01-15', 273, 265),
(5261, 28, '2024-01-15', 273, 266),
(5262, 37, '2024-01-15', 273, 267),
(5263, 23, '2024-01-15', 273, 268),
(5264, 5, '2024-01-15', 273, 269),
(5265, 31, '2024-01-15', 273, 270),
(5266, 23, '2024-01-15', 273, 271),
(5267, 22, '2024-01-15', 273, 272),
(5268, 39, '2024-01-15', 273, 274),
(5269, 13, '2024-01-15', 273, 275),
(5270, 26, '2024-01-15', 273, 276),
(5271, 11, '2024-01-15', 273, 277),
(5272, 17, '2024-01-15', 273, 278),
(5273, 11, '2024-01-15', 273, 279),
(5274, 5, '2024-01-15', 273, 280),
(5275, 30, '2024-01-15', 273, 281),
(5276, 18, '2024-01-15', 273, 282),
(5277, 38, '2024-01-15', 273, 283),
(5278, 18, '2024-01-15', 273, 284),
(5279, 16, '2024-01-15', 273, 285),
(5280, 27, '2024-01-15', 273, 286),
(5281, 6, '2024-01-15', 273, 287),
(5282, 29, '2024-01-15', 274, 265),
(5283, 6, '2024-01-15', 274, 266),
(5284, 24, '2024-01-15', 274, 267),
(5285, 22, '2024-01-15', 274, 268),
(5286, 39, '2024-01-15', 274, 269),
(5287, 9, '2024-01-15', 274, 270),
(5288, 5, '2024-01-15', 274, 271),
(5289, 36, '2024-01-15', 274, 272),
(5290, 8, '2024-01-15', 274, 273),
(5291, 11, '2024-01-15', 274, 275),
(5292, 30, '2024-01-15', 274, 276),
(5293, 39, '2024-01-15', 274, 277),
(5294, 25, '2024-01-15', 274, 278),
(5295, 9, '2024-01-15', 274, 279),
(5296, 9, '2024-01-15', 274, 280),
(5297, 18, '2024-01-15', 274, 281),
(5298, 23, '2024-01-15', 274, 282),
(5299, 22, '2024-01-15', 274, 283),
(5300, 39, '2024-01-15', 274, 284),
(5301, 14, '2024-01-15', 274, 285),
(5302, 29, '2024-01-15', 274, 286),
(5303, 25, '2024-01-15', 274, 287),
(5304, 38, '2024-01-15', 275, 265),
(5305, 34, '2024-01-15', 275, 266),
(5306, 20, '2024-01-15', 275, 267),
(5307, 34, '2024-01-15', 275, 268),
(5308, 34, '2024-01-15', 275, 269),
(5309, 25, '2024-01-15', 275, 270),
(5310, 25, '2024-01-15', 275, 271),
(5311, 10, '2024-01-15', 275, 272),
(5312, 12, '2024-01-15', 275, 273),
(5313, 32, '2024-01-15', 275, 274),
(5314, 5, '2024-01-15', 275, 276),
(5315, 6, '2024-01-15', 275, 277),
(5316, 14, '2024-01-15', 275, 278),
(5317, 14, '2024-01-15', 275, 279),
(5318, 28, '2024-01-15', 275, 280),
(5319, 18, '2024-01-15', 275, 281),
(5320, 5, '2024-01-15', 275, 282),
(5321, 8, '2024-01-15', 275, 283),
(5322, 27, '2024-01-15', 275, 284),
(5323, 30, '2024-01-15', 275, 285),
(5324, 31, '2024-01-15', 275, 286),
(5325, 26, '2024-01-15', 275, 287),
(5326, 37, '2024-01-15', 276, 265),
(5327, 27, '2024-01-15', 276, 266),
(5328, 23, '2024-01-15', 276, 267),
(5329, 32, '2024-01-15', 276, 268),
(5330, 15, '2024-01-15', 276, 269),
(5331, 17, '2024-01-15', 276, 270),
(5332, 38, '2024-01-15', 276, 271),
(5333, 24, '2024-01-15', 276, 272),
(5334, 4, '2024-01-15', 276, 273),
(5335, 27, '2024-01-15', 276, 274),
(5336, 4, '2024-01-15', 276, 275),
(5337, 18, '2024-01-15', 276, 277),
(5338, 38, '2024-01-15', 276, 278),
(5339, 19, '2024-01-15', 276, 279),
(5340, 21, '2024-01-15', 276, 280),
(5341, 6, '2024-01-15', 276, 281),
(5342, 7, '2024-01-15', 276, 282),
(5343, 14, '2024-01-15', 276, 283),
(5344, 12, '2024-01-15', 276, 284),
(5345, 15, '2024-01-15', 276, 285),
(5346, 1, '2024-01-15', 276, 286),
(5347, 37, '2024-01-15', 276, 287),
(5348, 26, '2024-01-15', 277, 265),
(5349, 17, '2024-01-15', 277, 266),
(5350, 9, '2024-01-15', 277, 267),
(5351, 31, '2024-01-15', 277, 268),
(5352, 10, '2024-01-15', 277, 269),
(5353, 34, '2024-01-15', 277, 270),
(5354, 21, '2024-01-15', 277, 271),
(5355, 5, '2024-01-15', 277, 272),
(5356, 38, '2024-01-15', 277, 273),
(5357, 17, '2024-01-15', 277, 274),
(5358, 11, '2024-01-15', 277, 275),
(5359, 3, '2024-01-15', 277, 276),
(5360, 21, '2024-01-15', 277, 278),
(5361, 19, '2024-01-15', 277, 279),
(5362, 30, '2024-01-15', 277, 280),
(5363, 16, '2024-01-15', 277, 281),
(5364, 29, '2024-01-15', 277, 282),
(5365, 18, '2024-01-15', 277, 283),
(5366, 3, '2024-01-15', 277, 284),
(5367, 38, '2024-01-15', 277, 285),
(5368, 23, '2024-01-15', 277, 286),
(5369, 2, '2024-01-15', 277, 287),
(5370, 16, '2024-01-15', 278, 265),
(5371, 37, '2024-01-15', 278, 266),
(5372, 20, '2024-01-15', 278, 267),
(5373, 27, '2024-01-15', 278, 268),
(5374, 35, '2024-01-15', 278, 269),
(5375, 14, '2024-01-15', 278, 270),
(5376, 5, '2024-01-15', 278, 271),
(5377, 20, '2024-01-15', 278, 272),
(5378, 5, '2024-01-15', 278, 273),
(5379, 6, '2024-01-15', 278, 274),
(5380, 16, '2024-01-15', 278, 275),
(5381, 20, '2024-01-15', 278, 276),
(5382, 14, '2024-01-15', 278, 277),
(5383, 8, '2024-01-15', 278, 279),
(5384, 38, '2024-01-15', 278, 280),
(5385, 10, '2024-01-15', 278, 281),
(5386, 13, '2024-01-15', 278, 282),
(5387, 35, '2024-01-15', 278, 283),
(5388, 19, '2024-01-15', 278, 284),
(5389, 27, '2024-01-15', 278, 285),
(5390, 39, '2024-01-15', 278, 286),
(5391, 37, '2024-01-15', 278, 287),
(5392, 25, '2024-01-15', 279, 265),
(5393, 17, '2024-01-15', 279, 266),
(5394, 9, '2024-01-15', 279, 267),
(5395, 33, '2024-01-15', 279, 268),
(5396, 21, '2024-01-15', 279, 269),
(5397, 4, '2024-01-15', 279, 270),
(5398, 36, '2024-01-15', 279, 271),
(5399, 9, '2024-01-15', 279, 272),
(5400, 18, '2024-01-15', 279, 273),
(5401, 20, '2024-01-15', 279, 274),
(5402, 7, '2024-01-15', 279, 275),
(5403, 16, '2024-01-15', 279, 276),
(5404, 18, '2024-01-15', 279, 277),
(5405, 5, '2024-01-15', 279, 278),
(5406, 6, '2024-01-15', 279, 280),
(5407, 16, '2024-01-15', 279, 281),
(5408, 23, '2024-01-15', 279, 282),
(5409, 27, '2024-01-15', 279, 283),
(5410, 25, '2024-01-15', 279, 284),
(5411, 5, '2024-01-15', 279, 285),
(5412, 29, '2024-01-15', 279, 286),
(5413, 11, '2024-01-15', 279, 287),
(5414, 7, '2024-01-15', 280, 265),
(5415, 39, '2024-01-15', 280, 266),
(5416, 18, '2024-01-15', 280, 267),
(5417, 12, '2024-01-15', 280, 268),
(5418, 4, '2024-01-15', 280, 269),
(5419, 23, '2024-01-15', 280, 270),
(5420, 26, '2024-01-15', 280, 271),
(5421, 20, '2024-01-15', 280, 272),
(5422, 21, '2024-01-15', 280, 273),
(5423, 8, '2024-01-15', 280, 274),
(5424, 14, '2024-01-15', 280, 275),
(5425, 5, '2024-01-15', 280, 276),
(5426, 22, '2024-01-15', 280, 277),
(5427, 18, '2024-01-15', 280, 278),
(5428, 21, '2024-01-15', 280, 279),
(5429, 13, '2024-01-15', 280, 281),
(5430, 1, '2024-01-15', 280, 282),
(5431, 3, '2024-01-15', 280, 283),
(5432, 15, '2024-01-15', 280, 284),
(5433, 24, '2024-01-15', 280, 285),
(5434, 36, '2024-01-15', 280, 286),
(5435, 32, '2024-01-15', 280, 287),
(5436, 9, '2024-01-15', 281, 265),
(5437, 26, '2024-01-15', 281, 266),
(5438, 28, '2024-01-15', 281, 267),
(5439, 19, '2024-01-15', 281, 268),
(5440, 14, '2024-01-15', 281, 269),
(5441, 10, '2024-01-15', 281, 270),
(5442, 9, '2024-01-15', 281, 271),
(5443, 14, '2024-01-15', 281, 272),
(5444, 4, '2024-01-15', 281, 273),
(5445, 16, '2024-01-15', 281, 274),
(5446, 29, '2024-01-15', 281, 275),
(5447, 20, '2024-01-15', 281, 276),
(5448, 10, '2024-01-15', 281, 277),
(5449, 29, '2024-01-15', 281, 278),
(5450, 38, '2024-01-15', 281, 279),
(5451, 22, '2024-01-15', 281, 280),
(5452, 37, '2024-01-15', 281, 282),
(5453, 1, '2024-01-15', 281, 283),
(5454, 10, '2024-01-15', 281, 284),
(5455, 6, '2024-01-15', 281, 285),
(5456, 1, '2024-01-15', 281, 286),
(5457, 26, '2024-01-15', 281, 287),
(5458, 8, '2024-01-15', 282, 265),
(5459, 1, '2024-01-15', 282, 266),
(5460, 19, '2024-01-15', 282, 267),
(5461, 15, '2024-01-15', 282, 268),
(5462, 16, '2024-01-15', 282, 269),
(5463, 35, '2024-01-15', 282, 270),
(5464, 8, '2024-01-15', 282, 271),
(5465, 12, '2024-01-15', 282, 272),
(5466, 39, '2024-01-15', 282, 273),
(5467, 38, '2024-01-15', 282, 274),
(5468, 36, '2024-01-15', 282, 275),
(5469, 25, '2024-01-15', 282, 276),
(5470, 17, '2024-01-15', 282, 277),
(5471, 11, '2024-01-15', 282, 278),
(5472, 1, '2024-01-15', 282, 279),
(5473, 11, '2024-01-15', 282, 280),
(5474, 12, '2024-01-15', 282, 281),
(5475, 28, '2024-01-15', 282, 283),
(5476, 26, '2024-01-15', 282, 284),
(5477, 4, '2024-01-15', 282, 285),
(5478, 21, '2024-01-15', 282, 286),
(5479, 16, '2024-01-15', 282, 287),
(5480, 16, '2024-01-15', 283, 265),
(5481, 32, '2024-01-15', 283, 266),
(5482, 32, '2024-01-15', 283, 267),
(5483, 24, '2024-01-15', 283, 268),
(5484, 25, '2024-01-15', 283, 269),
(5485, 14, '2024-01-15', 283, 270),
(5486, 31, '2024-01-15', 283, 271),
(5487, 34, '2024-01-15', 283, 272),
(5488, 1, '2024-01-15', 283, 273),
(5489, 17, '2024-01-15', 283, 274),
(5490, 5, '2024-01-15', 283, 275),
(5491, 12, '2024-01-15', 283, 276),
(5492, 4, '2024-01-15', 283, 277),
(5493, 25, '2024-01-15', 283, 278),
(5494, 32, '2024-01-15', 283, 279),
(5495, 6, '2024-01-15', 283, 280),
(5496, 11, '2024-01-15', 283, 281),
(5497, 36, '2024-01-15', 283, 282),
(5498, 30, '2024-01-15', 283, 284),
(5499, 2, '2024-01-15', 283, 285),
(5500, 36, '2024-01-15', 283, 286),
(5501, 19, '2024-01-15', 283, 287),
(5502, 24, '2024-01-15', 284, 265),
(5503, 24, '2024-01-15', 284, 266),
(5504, 9, '2024-01-15', 284, 267),
(5505, 13, '2024-01-15', 284, 268),
(5506, 35, '2024-01-15', 284, 269),
(5507, 20, '2024-01-15', 284, 270),
(5508, 32, '2024-01-15', 284, 271),
(5509, 21, '2024-01-15', 284, 272),
(5510, 10, '2024-01-15', 284, 273),
(5511, 24, '2024-01-15', 284, 274),
(5512, 10, '2024-01-15', 284, 275),
(5513, 19, '2024-01-15', 284, 276),
(5514, 24, '2024-01-15', 284, 277),
(5515, 23, '2024-01-15', 284, 278),
(5516, 6, '2024-01-15', 284, 279),
(5517, 36, '2024-01-15', 284, 280),
(5518, 4, '2024-01-15', 284, 281),
(5519, 31, '2024-01-15', 284, 282),
(5520, 27, '2024-01-15', 284, 283),
(5521, 1, '2024-01-15', 284, 285),
(5522, 3, '2024-01-15', 284, 286),
(5523, 11, '2024-01-15', 284, 287),
(5524, 5, '2024-01-15', 285, 265),
(5525, 29, '2024-01-15', 285, 266),
(5526, 15, '2024-01-15', 285, 267),
(5527, 26, '2024-01-15', 285, 268),
(5528, 6, '2024-01-15', 285, 269),
(5529, 30, '2024-01-15', 285, 270),
(5530, 14, '2024-01-15', 285, 271),
(5531, 19, '2024-01-15', 285, 272),
(5532, 13, '2024-01-15', 285, 273),
(5533, 7, '2024-01-15', 285, 274),
(5534, 36, '2024-01-15', 285, 275),
(5535, 2, '2024-01-15', 285, 276),
(5536, 20, '2024-01-15', 285, 277),
(5537, 14, '2024-01-15', 285, 278),
(5538, 10, '2024-01-15', 285, 279),
(5539, 6, '2024-01-15', 285, 280),
(5540, 39, '2024-01-15', 285, 281),
(5541, 19, '2024-01-15', 285, 282),
(5542, 19, '2024-01-15', 285, 283),
(5543, 37, '2024-01-15', 285, 284),
(5544, 10, '2024-01-15', 285, 286),
(5545, 15, '2024-01-15', 285, 287),
(5546, 9, '2024-01-15', 286, 265),
(5547, 36, '2024-01-15', 286, 266),
(5548, 34, '2024-01-15', 286, 267),
(5549, 25, '2024-01-15', 286, 268),
(5550, 23, '2024-01-15', 286, 269),
(5551, 2, '2024-01-15', 286, 270),
(5552, 15, '2024-01-15', 286, 271),
(5553, 33, '2024-01-15', 286, 272),
(5554, 38, '2024-01-15', 286, 273),
(5555, 16, '2024-01-15', 286, 274),
(5556, 2, '2024-01-15', 286, 275),
(5557, 3, '2024-01-15', 286, 276),
(5558, 8, '2024-01-15', 286, 277),
(5559, 31, '2024-01-15', 286, 278),
(5560, 12, '2024-01-15', 286, 279),
(5561, 8, '2024-01-15', 286, 280),
(5562, 1, '2024-01-15', 286, 281),
(5563, 18, '2024-01-15', 286, 282),
(5564, 11, '2024-01-15', 286, 283),
(5565, 39, '2024-01-15', 286, 284),
(5566, 7, '2024-01-15', 286, 285),
(5567, 33, '2024-01-15', 286, 287),
(5568, 26, '2024-01-15', 287, 265),
(5569, 29, '2024-01-15', 287, 266),
(5570, 29, '2024-01-15', 287, 267),
(5571, 19, '2024-01-15', 287, 268),
(5572, 8, '2024-01-15', 287, 269),
(5573, 19, '2024-01-15', 287, 270),
(5574, 34, '2024-01-15', 287, 271),
(5575, 33, '2024-01-15', 287, 272),
(5576, 23, '2024-01-15', 287, 273),
(5577, 15, '2024-01-15', 287, 274),
(5578, 6, '2024-01-15', 287, 275),
(5579, 25, '2024-01-15', 287, 276),
(5580, 29, '2024-01-15', 287, 277),
(5581, 31, '2024-01-15', 287, 278),
(5582, 26, '2024-01-15', 287, 279),
(5583, 39, '2024-01-15', 287, 280),
(5584, 39, '2024-01-15', 287, 281),
(5585, 36, '2024-01-15', 287, 282),
(5586, 26, '2024-01-15', 287, 283),
(5587, 21, '2024-01-15', 287, 284),
(5588, 25, '2024-01-15', 287, 285),
(5589, 24, '2024-01-15', 287, 286),
(5590, 4, '2024-01-15', 288, 289),
(5591, 26, '2024-01-15', 288, 290),
(5592, 38, '2024-01-15', 288, 291),
(5593, 35, '2024-01-15', 288, 292),
(5594, 21, '2024-01-15', 288, 293),
(5595, 1, '2024-01-15', 288, 294),
(5596, 21, '2024-01-15', 288, 295),
(5597, 20, '2024-01-15', 288, 296),
(5598, 38, '2024-01-15', 288, 297),
(5599, 14, '2024-01-15', 288, 298),
(5600, 31, '2024-01-15', 288, 299),
(5601, 37, '2024-01-15', 288, 300),
(5602, 14, '2024-01-15', 288, 301),
(5603, 34, '2024-01-15', 288, 302),
(5604, 11, '2024-01-15', 288, 303),
(5605, 33, '2024-01-15', 288, 304),
(5606, 11, '2024-01-15', 288, 305),
(5607, 36, '2024-01-15', 288, 306),
(5608, 29, '2024-01-15', 288, 307),
(5609, 36, '2024-01-15', 288, 308),
(5610, 14, '2024-01-15', 288, 309),
(5611, 39, '2024-01-15', 288, 310),
(5612, 37, '2024-01-15', 289, 288),
(5613, 29, '2024-01-15', 289, 290),
(5614, 31, '2024-01-15', 289, 291),
(5615, 31, '2024-01-15', 289, 292),
(5616, 20, '2024-01-15', 289, 293),
(5617, 8, '2024-01-15', 289, 294),
(5618, 16, '2024-01-15', 289, 295),
(5619, 19, '2024-01-15', 289, 296),
(5620, 7, '2024-01-15', 289, 297),
(5621, 15, '2024-01-15', 289, 298),
(5622, 15, '2024-01-15', 289, 299),
(5623, 29, '2024-01-15', 289, 300),
(5624, 22, '2024-01-15', 289, 301),
(5625, 22, '2024-01-15', 289, 302),
(5626, 3, '2024-01-15', 289, 303),
(5627, 29, '2024-01-15', 289, 304),
(5628, 16, '2024-01-15', 289, 305),
(5629, 32, '2024-01-15', 289, 306),
(5630, 34, '2024-01-15', 289, 307),
(5631, 35, '2024-01-15', 289, 308),
(5632, 35, '2024-01-15', 289, 309),
(5633, 28, '2024-01-15', 289, 310),
(5634, 33, '2024-01-15', 290, 288),
(5635, 5, '2024-01-15', 290, 289),
(5636, 5, '2024-01-15', 290, 291),
(5637, 6, '2024-01-15', 290, 292),
(5638, 17, '2024-01-15', 290, 293),
(5639, 27, '2024-01-15', 290, 294),
(5640, 3, '2024-01-15', 290, 295),
(5641, 15, '2024-01-15', 290, 296),
(5642, 24, '2024-01-15', 290, 297),
(5643, 35, '2024-01-15', 290, 298),
(5644, 27, '2024-01-15', 290, 299),
(5645, 29, '2024-01-15', 290, 300),
(5646, 23, '2024-01-15', 290, 301),
(5647, 27, '2024-01-15', 290, 302),
(5648, 27, '2024-01-15', 290, 303),
(5649, 15, '2024-01-15', 290, 304),
(5650, 33, '2024-01-15', 290, 305),
(5651, 2, '2024-01-15', 290, 306),
(5652, 28, '2024-01-15', 290, 307),
(5653, 15, '2024-01-15', 290, 308),
(5654, 31, '2024-01-15', 290, 309),
(5655, 31, '2024-01-15', 290, 310),
(5656, 22, '2024-01-15', 291, 288),
(5657, 15, '2024-01-15', 291, 289),
(5658, 9, '2024-01-15', 291, 290),
(5659, 39, '2024-01-15', 291, 292),
(5660, 14, '2024-01-15', 291, 293),
(5661, 27, '2024-01-15', 291, 294),
(5662, 16, '2024-01-15', 291, 295),
(5663, 37, '2024-01-15', 291, 296),
(5664, 21, '2024-01-15', 291, 297),
(5665, 33, '2024-01-15', 291, 298),
(5666, 22, '2024-01-15', 291, 299),
(5667, 11, '2024-01-15', 291, 300),
(5668, 29, '2024-01-15', 291, 301),
(5669, 33, '2024-01-15', 291, 302),
(5670, 39, '2024-01-15', 291, 303),
(5671, 15, '2024-01-15', 291, 304),
(5672, 38, '2024-01-15', 291, 305),
(5673, 27, '2024-01-15', 291, 306),
(5674, 20, '2024-01-15', 291, 307),
(5675, 18, '2024-01-15', 291, 308),
(5676, 32, '2024-01-15', 291, 309),
(5677, 24, '2024-01-15', 291, 310),
(5678, 26, '2024-01-15', 292, 288),
(5679, 18, '2024-01-15', 292, 289),
(5680, 11, '2024-01-15', 292, 290),
(5681, 3, '2024-01-15', 292, 291),
(5682, 18, '2024-01-15', 292, 293),
(5683, 5, '2024-01-15', 292, 294),
(5684, 8, '2024-01-15', 292, 295),
(5685, 24, '2024-01-15', 292, 296),
(5686, 18, '2024-01-15', 292, 297),
(5687, 18, '2024-01-15', 292, 298),
(5688, 35, '2024-01-15', 292, 299),
(5689, 4, '2024-01-15', 292, 300),
(5690, 32, '2024-01-15', 292, 301),
(5691, 29, '2024-01-15', 292, 302),
(5692, 10, '2024-01-15', 292, 303),
(5693, 39, '2024-01-15', 292, 304),
(5694, 8, '2024-01-15', 292, 305),
(5695, 2, '2024-01-15', 292, 306),
(5696, 22, '2024-01-15', 292, 307),
(5697, 28, '2024-01-15', 292, 308),
(5698, 35, '2024-01-15', 292, 309),
(5699, 13, '2024-01-15', 292, 310),
(5700, 38, '2024-01-15', 293, 288),
(5701, 31, '2024-01-15', 293, 289),
(5702, 4, '2024-01-15', 293, 290),
(5703, 5, '2024-01-15', 293, 291),
(5704, 12, '2024-01-15', 293, 292),
(5705, 7, '2024-01-15', 293, 294),
(5706, 36, '2024-01-15', 293, 295),
(5707, 3, '2024-01-15', 293, 296),
(5708, 22, '2024-01-15', 293, 297),
(5709, 25, '2024-01-15', 293, 298),
(5710, 18, '2024-01-15', 293, 299),
(5711, 14, '2024-01-15', 293, 300),
(5712, 16, '2024-01-15', 293, 301),
(5713, 36, '2024-01-15', 293, 302),
(5714, 16, '2024-01-15', 293, 303),
(5715, 9, '2024-01-15', 293, 304),
(5716, 36, '2024-01-15', 293, 305),
(5717, 37, '2024-01-15', 293, 306),
(5718, 38, '2024-01-15', 293, 307),
(5719, 39, '2024-01-15', 293, 308),
(5720, 39, '2024-01-15', 293, 309),
(5721, 1, '2024-01-15', 293, 310),
(5722, 5, '2024-01-15', 294, 288),
(5723, 23, '2024-01-15', 294, 289),
(5724, 21, '2024-01-15', 294, 290),
(5725, 33, '2024-01-15', 294, 291),
(5726, 25, '2024-01-15', 294, 292),
(5727, 25, '2024-01-15', 294, 293),
(5728, 12, '2024-01-15', 294, 295),
(5729, 24, '2024-01-15', 294, 296),
(5730, 5, '2024-01-15', 294, 297),
(5731, 28, '2024-01-15', 294, 298),
(5732, 10, '2024-01-15', 294, 299),
(5733, 6, '2024-01-15', 294, 300),
(5734, 36, '2024-01-15', 294, 301),
(5735, 4, '2024-01-15', 294, 302),
(5736, 32, '2024-01-15', 294, 303),
(5737, 28, '2024-01-15', 294, 304),
(5738, 7, '2024-01-15', 294, 305),
(5739, 28, '2024-01-15', 294, 306),
(5740, 2, '2024-01-15', 294, 307),
(5741, 2, '2024-01-15', 294, 308),
(5742, 2, '2024-01-15', 294, 309),
(5743, 7, '2024-01-15', 294, 310),
(5744, 26, '2024-01-15', 295, 288),
(5745, 31, '2024-01-15', 295, 289),
(5746, 36, '2024-01-15', 295, 290),
(5747, 10, '2024-01-15', 295, 291),
(5748, 20, '2024-01-15', 295, 292),
(5749, 29, '2024-01-15', 295, 293),
(5750, 7, '2024-01-15', 295, 294),
(5751, 27, '2024-01-15', 295, 296),
(5752, 33, '2024-01-15', 295, 297),
(5753, 8, '2024-01-15', 295, 298),
(5754, 19, '2024-01-15', 295, 299),
(5755, 29, '2024-01-15', 295, 300),
(5756, 12, '2024-01-15', 295, 301),
(5757, 10, '2024-01-15', 295, 302),
(5758, 14, '2024-01-15', 295, 303),
(5759, 38, '2024-01-15', 295, 304),
(5760, 31, '2024-01-15', 295, 305),
(5761, 39, '2024-01-15', 295, 306),
(5762, 26, '2024-01-15', 295, 307),
(5763, 11, '2024-01-15', 295, 308),
(5764, 14, '2024-01-15', 295, 309),
(5765, 37, '2024-01-15', 295, 310),
(5766, 26, '2024-01-15', 296, 288),
(5767, 19, '2024-01-15', 296, 289),
(5768, 15, '2024-01-15', 296, 290),
(5769, 20, '2024-01-15', 296, 291),
(5770, 16, '2024-01-15', 296, 292),
(5771, 18, '2024-01-15', 296, 293),
(5772, 3, '2024-01-15', 296, 294),
(5773, 1, '2024-01-15', 296, 295),
(5774, 32, '2024-01-15', 296, 297),
(5775, 2, '2024-01-15', 296, 298),
(5776, 30, '2024-01-15', 296, 299),
(5777, 29, '2024-01-15', 296, 300),
(5778, 12, '2024-01-15', 296, 301),
(5779, 15, '2024-01-15', 296, 302),
(5780, 36, '2024-01-15', 296, 303),
(5781, 16, '2024-01-15', 296, 304),
(5782, 13, '2024-01-15', 296, 305),
(5783, 15, '2024-01-15', 296, 306),
(5784, 34, '2024-01-15', 296, 307),
(5785, 9, '2024-01-15', 296, 308),
(5786, 21, '2024-01-15', 296, 309),
(5787, 37, '2024-01-15', 296, 310),
(5788, 7, '2024-01-15', 297, 288),
(5789, 1, '2024-01-15', 297, 289),
(5790, 21, '2024-01-15', 297, 290),
(5791, 22, '2024-01-15', 297, 291),
(5792, 10, '2024-01-15', 297, 292),
(5793, 23, '2024-01-15', 297, 293),
(5794, 7, '2024-01-15', 297, 294),
(5795, 1, '2024-01-15', 297, 295),
(5796, 26, '2024-01-15', 297, 296),
(5797, 9, '2024-01-15', 297, 298),
(5798, 6, '2024-01-15', 297, 299),
(5799, 3, '2024-01-15', 297, 300),
(5800, 33, '2024-01-15', 297, 301),
(5801, 39, '2024-01-15', 297, 302),
(5802, 20, '2024-01-15', 297, 303),
(5803, 20, '2024-01-15', 297, 304),
(5804, 1, '2024-01-15', 297, 305),
(5805, 20, '2024-01-15', 297, 306),
(5806, 22, '2024-01-15', 297, 307),
(5807, 8, '2024-01-15', 297, 308),
(5808, 13, '2024-01-15', 297, 309),
(5809, 39, '2024-01-15', 297, 310),
(5810, 2, '2024-01-15', 298, 288),
(5811, 7, '2024-01-15', 298, 289),
(5812, 29, '2024-01-15', 298, 290),
(5813, 7, '2024-01-15', 298, 291),
(5814, 24, '2024-01-15', 298, 292),
(5815, 21, '2024-01-15', 298, 293),
(5816, 31, '2024-01-15', 298, 294),
(5817, 15, '2024-01-15', 298, 295),
(5818, 21, '2024-01-15', 298, 296),
(5819, 20, '2024-01-15', 298, 297),
(5820, 37, '2024-01-15', 298, 299),
(5821, 7, '2024-01-15', 298, 300),
(5822, 3, '2024-01-15', 298, 301),
(5823, 31, '2024-01-15', 298, 302),
(5824, 31, '2024-01-15', 298, 303),
(5825, 21, '2024-01-15', 298, 304),
(5826, 10, '2024-01-15', 298, 305),
(5827, 25, '2024-01-15', 298, 306),
(5828, 17, '2024-01-15', 298, 307),
(5829, 8, '2024-01-15', 298, 308),
(5830, 30, '2024-01-15', 298, 309),
(5831, 9, '2024-01-15', 298, 310),
(5832, 32, '2024-01-15', 299, 288),
(5833, 16, '2024-01-15', 299, 289),
(5834, 21, '2024-01-15', 299, 290),
(5835, 16, '2024-01-15', 299, 291),
(5836, 18, '2024-01-15', 299, 292),
(5837, 4, '2024-01-15', 299, 293),
(5838, 2, '2024-01-15', 299, 294),
(5839, 36, '2024-01-15', 299, 295),
(5840, 17, '2024-01-15', 299, 296),
(5841, 15, '2024-01-15', 299, 297),
(5842, 24, '2024-01-15', 299, 298),
(5843, 34, '2024-01-15', 299, 300),
(5844, 20, '2024-01-15', 299, 301),
(5845, 38, '2024-01-15', 299, 302),
(5846, 12, '2024-01-15', 299, 303),
(5847, 25, '2024-01-15', 299, 304),
(5848, 10, '2024-01-15', 299, 305),
(5849, 15, '2024-01-15', 299, 306),
(5850, 4, '2024-01-15', 299, 307),
(5851, 15, '2024-01-15', 299, 308),
(5852, 23, '2024-01-15', 299, 309),
(5853, 29, '2024-01-15', 299, 310),
(5854, 39, '2024-01-15', 300, 288),
(5855, 30, '2024-01-15', 300, 289),
(5856, 33, '2024-01-15', 300, 290),
(5857, 33, '2024-01-15', 300, 291),
(5858, 28, '2024-01-15', 300, 292),
(5859, 38, '2024-01-15', 300, 293),
(5860, 31, '2024-01-15', 300, 294),
(5861, 39, '2024-01-15', 300, 295),
(5862, 23, '2024-01-15', 300, 296),
(5863, 38, '2024-01-15', 300, 297),
(5864, 2, '2024-01-15', 300, 298),
(5865, 13, '2024-01-15', 300, 299),
(5866, 20, '2024-01-15', 300, 301),
(5867, 23, '2024-01-15', 300, 302),
(5868, 13, '2024-01-15', 300, 303),
(5869, 34, '2024-01-15', 300, 304),
(5870, 14, '2024-01-15', 300, 305),
(5871, 8, '2024-01-15', 300, 306),
(5872, 35, '2024-01-15', 300, 307),
(5873, 34, '2024-01-15', 300, 308),
(5874, 25, '2024-01-15', 300, 309),
(5875, 23, '2024-01-15', 300, 310),
(5876, 38, '2024-01-15', 301, 288),
(5877, 5, '2024-01-15', 301, 289),
(5878, 28, '2024-01-15', 301, 290),
(5879, 6, '2024-01-15', 301, 291),
(5880, 26, '2024-01-15', 301, 292),
(5881, 32, '2024-01-15', 301, 293),
(5882, 5, '2024-01-15', 301, 294),
(5883, 5, '2024-01-15', 301, 295),
(5884, 8, '2024-01-15', 301, 296),
(5885, 26, '2024-01-15', 301, 297),
(5886, 29, '2024-01-15', 301, 298),
(5887, 27, '2024-01-15', 301, 299),
(5888, 8, '2024-01-15', 301, 300),
(5889, 37, '2024-01-15', 301, 302),
(5890, 6, '2024-01-15', 301, 303),
(5891, 36, '2024-01-15', 301, 304),
(5892, 3, '2024-01-15', 301, 305),
(5893, 23, '2024-01-15', 301, 306),
(5894, 29, '2024-01-15', 301, 307),
(5895, 37, '2024-01-15', 301, 308),
(5896, 20, '2024-01-15', 301, 309),
(5897, 25, '2024-01-15', 301, 310),
(5898, 26, '2024-01-15', 302, 288),
(5899, 16, '2024-01-15', 302, 289),
(5900, 4, '2024-01-15', 302, 290),
(5901, 7, '2024-01-15', 302, 291),
(5902, 22, '2024-01-15', 302, 292),
(5903, 13, '2024-01-15', 302, 293),
(5904, 38, '2024-01-15', 302, 294),
(5905, 33, '2024-01-15', 302, 295),
(5906, 9, '2024-01-15', 302, 296),
(5907, 27, '2024-01-15', 302, 297),
(5908, 29, '2024-01-15', 302, 298),
(5909, 22, '2024-01-15', 302, 299),
(5910, 23, '2024-01-15', 302, 300),
(5911, 9, '2024-01-15', 302, 301),
(5912, 17, '2024-01-15', 302, 303),
(5913, 18, '2024-01-15', 302, 304),
(5914, 38, '2024-01-15', 302, 305),
(5915, 20, '2024-01-15', 302, 306),
(5916, 23, '2024-01-15', 302, 307),
(5917, 16, '2024-01-15', 302, 308),
(5918, 11, '2024-01-15', 302, 309),
(5919, 4, '2024-01-15', 302, 310),
(5920, 27, '2024-01-15', 303, 288),
(5921, 5, '2024-01-15', 303, 289),
(5922, 21, '2024-01-15', 303, 290),
(5923, 13, '2024-01-15', 303, 291),
(5924, 38, '2024-01-15', 303, 292),
(5925, 36, '2024-01-15', 303, 293),
(5926, 26, '2024-01-15', 303, 294),
(5927, 21, '2024-01-15', 303, 295),
(5928, 25, '2024-01-15', 303, 296),
(5929, 23, '2024-01-15', 303, 297),
(5930, 3, '2024-01-15', 303, 298),
(5931, 22, '2024-01-15', 303, 299),
(5932, 21, '2024-01-15', 303, 300),
(5933, 39, '2024-01-15', 303, 301),
(5934, 14, '2024-01-15', 303, 302),
(5935, 32, '2024-01-15', 303, 304),
(5936, 38, '2024-01-15', 303, 305),
(5937, 18, '2024-01-15', 303, 306),
(5938, 11, '2024-01-15', 303, 307),
(5939, 3, '2024-01-15', 303, 308),
(5940, 18, '2024-01-15', 303, 309),
(5941, 5, '2024-01-15', 303, 310),
(5942, 11, '2024-01-15', 304, 288),
(5943, 36, '2024-01-15', 304, 289),
(5944, 32, '2024-01-15', 304, 290),
(5945, 10, '2024-01-15', 304, 291),
(5946, 32, '2024-01-15', 304, 292),
(5947, 11, '2024-01-15', 304, 293),
(5948, 1, '2024-01-15', 304, 294),
(5949, 7, '2024-01-15', 304, 295),
(5950, 35, '2024-01-15', 304, 296),
(5951, 35, '2024-01-15', 304, 297),
(5952, 29, '2024-01-15', 304, 298),
(5953, 2, '2024-01-15', 304, 299),
(5954, 2, '2024-01-15', 304, 300),
(5955, 4, '2024-01-15', 304, 301),
(5956, 11, '2024-01-15', 304, 302),
(5957, 4, '2024-01-15', 304, 303),
(5958, 27, '2024-01-15', 304, 305),
(5959, 4, '2024-01-15', 304, 306),
(5960, 17, '2024-01-15', 304, 307),
(5961, 34, '2024-01-15', 304, 308),
(5962, 3, '2024-01-15', 304, 309),
(5963, 27, '2024-01-15', 304, 310),
(5964, 7, '2024-01-15', 305, 288),
(5965, 35, '2024-01-15', 305, 289),
(5966, 34, '2024-01-15', 305, 290),
(5967, 26, '2024-01-15', 305, 291),
(5968, 27, '2024-01-15', 305, 292),
(5969, 19, '2024-01-15', 305, 293),
(5970, 13, '2024-01-15', 305, 294),
(5971, 7, '2024-01-15', 305, 295),
(5972, 33, '2024-01-15', 305, 296),
(5973, 26, '2024-01-15', 305, 297),
(5974, 33, '2024-01-15', 305, 298),
(5975, 8, '2024-01-15', 305, 299),
(5976, 16, '2024-01-15', 305, 300),
(5977, 20, '2024-01-15', 305, 301),
(5978, 12, '2024-01-15', 305, 302),
(5979, 36, '2024-01-15', 305, 303),
(5980, 29, '2024-01-15', 305, 304),
(5981, 38, '2024-01-15', 305, 306),
(5982, 21, '2024-01-15', 305, 307),
(5983, 31, '2024-01-15', 305, 308),
(5984, 15, '2024-01-15', 305, 309),
(5985, 20, '2024-01-15', 305, 310),
(5986, 13, '2024-01-15', 306, 288),
(5987, 7, '2024-01-15', 306, 289),
(5988, 35, '2024-01-15', 306, 290),
(5989, 35, '2024-01-15', 306, 291),
(5990, 31, '2024-01-15', 306, 292),
(5991, 10, '2024-01-15', 306, 293),
(5992, 37, '2024-01-15', 306, 294),
(5993, 35, '2024-01-15', 306, 295),
(5994, 23, '2024-01-15', 306, 296),
(5995, 11, '2024-01-15', 306, 297),
(5996, 26, '2024-01-15', 306, 298),
(5997, 18, '2024-01-15', 306, 299),
(5998, 9, '2024-01-15', 306, 300),
(5999, 32, '2024-01-15', 306, 301),
(6000, 14, '2024-01-15', 306, 302),
(6001, 14, '2024-01-15', 306, 303),
(6002, 29, '2024-01-15', 306, 304),
(6003, 22, '2024-01-15', 306, 305),
(6004, 24, '2024-01-15', 306, 307),
(6005, 13, '2024-01-15', 306, 308),
(6006, 30, '2024-01-15', 306, 309),
(6007, 34, '2024-01-15', 306, 310),
(6008, 2, '2024-01-15', 307, 288),
(6009, 25, '2024-01-15', 307, 289),
(6010, 1, '2024-01-15', 307, 290),
(6011, 5, '2024-01-15', 307, 291),
(6012, 25, '2024-01-15', 307, 292),
(6013, 28, '2024-01-15', 307, 293),
(6014, 28, '2024-01-15', 307, 294),
(6015, 16, '2024-01-15', 307, 295),
(6016, 36, '2024-01-15', 307, 296),
(6017, 15, '2024-01-15', 307, 297),
(6018, 4, '2024-01-15', 307, 298),
(6019, 13, '2024-01-15', 307, 299),
(6020, 12, '2024-01-15', 307, 300),
(6021, 23, '2024-01-15', 307, 301),
(6022, 37, '2024-01-15', 307, 302),
(6023, 2, '2024-01-15', 307, 303),
(6024, 12, '2024-01-15', 307, 304),
(6025, 17, '2024-01-15', 307, 305),
(6026, 7, '2024-01-15', 307, 306),
(6027, 24, '2024-01-15', 307, 308),
(6028, 19, '2024-01-15', 307, 309);
INSERT INTO `partido` (`ID_partido`, `Arbitro`, `Fecha`, `Local`, `Visitante`) VALUES
(6029, 23, '2024-01-15', 307, 310),
(6030, 17, '2024-01-15', 308, 288),
(6031, 16, '2024-01-15', 308, 289),
(6032, 31, '2024-01-15', 308, 290),
(6033, 27, '2024-01-15', 308, 291),
(6034, 4, '2024-01-15', 308, 292),
(6035, 16, '2024-01-15', 308, 293),
(6036, 27, '2024-01-15', 308, 294),
(6037, 10, '2024-01-15', 308, 295),
(6038, 8, '2024-01-15', 308, 296),
(6039, 7, '2024-01-15', 308, 297),
(6040, 13, '2024-01-15', 308, 298),
(6041, 2, '2024-01-15', 308, 299),
(6042, 10, '2024-01-15', 308, 300),
(6043, 6, '2024-01-15', 308, 301),
(6044, 39, '2024-01-15', 308, 302),
(6045, 19, '2024-01-15', 308, 303),
(6046, 16, '2024-01-15', 308, 304),
(6047, 25, '2024-01-15', 308, 305),
(6048, 35, '2024-01-15', 308, 306),
(6049, 21, '2024-01-15', 308, 307),
(6050, 1, '2024-01-15', 308, 309),
(6051, 21, '2024-01-15', 308, 310),
(6052, 20, '2024-01-15', 309, 288),
(6053, 38, '2024-01-15', 309, 289),
(6054, 14, '2024-01-15', 309, 290),
(6055, 31, '2024-01-15', 309, 291),
(6056, 35, '2024-01-15', 309, 292),
(6057, 2, '2024-01-15', 309, 293),
(6058, 24, '2024-01-15', 309, 294),
(6059, 34, '2024-01-15', 309, 295),
(6060, 18, '2024-01-15', 309, 296),
(6061, 29, '2024-01-15', 309, 297),
(6062, 14, '2024-01-15', 309, 298),
(6063, 19, '2024-01-15', 309, 299),
(6064, 13, '2024-01-15', 309, 300),
(6065, 10, '2024-01-15', 309, 301),
(6066, 8, '2024-01-15', 309, 302),
(6067, 10, '2024-01-15', 309, 303),
(6068, 26, '2024-01-15', 309, 304),
(6069, 20, '2024-01-15', 309, 305),
(6070, 23, '2024-01-15', 309, 306),
(6071, 16, '2024-01-15', 309, 307),
(6072, 11, '2024-01-15', 309, 308),
(6073, 7, '2024-01-15', 309, 310),
(6074, 39, '2024-01-15', 310, 288),
(6075, 18, '2024-01-15', 310, 289),
(6076, 10, '2024-01-15', 310, 290),
(6077, 36, '2024-01-15', 310, 291),
(6078, 30, '2024-01-15', 310, 292),
(6079, 6, '2024-01-15', 310, 293),
(6080, 16, '2024-01-15', 310, 294),
(6081, 20, '2024-01-15', 310, 295),
(6082, 16, '2024-01-15', 310, 296),
(6083, 20, '2024-01-15', 310, 297),
(6084, 12, '2024-01-15', 310, 298),
(6085, 38, '2024-01-15', 310, 299),
(6086, 35, '2024-01-15', 310, 300),
(6087, 23, '2024-01-15', 310, 301),
(6088, 11, '2024-01-15', 310, 302),
(6089, 21, '2024-01-15', 310, 303),
(6090, 36, '2024-01-15', 310, 304),
(6091, 36, '2024-01-15', 310, 305),
(6092, 32, '2024-01-15', 310, 306),
(6093, 14, '2024-01-15', 310, 307),
(6094, 11, '2024-01-15', 310, 308),
(6095, 15, '2024-01-15', 310, 309),
(6096, 39, '2024-01-15', 311, 312),
(6097, 35, '2024-01-15', 311, 313),
(6098, 16, '2024-01-15', 311, 314),
(6099, 17, '2024-01-15', 311, 315),
(6100, 33, '2024-01-15', 311, 316),
(6101, 37, '2024-01-15', 311, 317),
(6102, 7, '2024-01-15', 311, 318),
(6103, 3, '2024-01-15', 311, 319),
(6104, 31, '2024-01-15', 311, 320),
(6105, 29, '2024-01-15', 311, 321),
(6106, 11, '2024-01-15', 311, 322),
(6107, 9, '2024-01-15', 311, 323),
(6108, 8, '2024-01-15', 311, 324),
(6109, 16, '2024-01-15', 311, 325),
(6110, 17, '2024-01-15', 311, 326),
(6111, 33, '2024-01-15', 311, 327),
(6112, 38, '2024-01-15', 311, 328),
(6113, 13, '2024-01-15', 311, 329),
(6114, 29, '2024-01-15', 311, 330),
(6115, 26, '2024-01-15', 311, 331),
(6116, 3, '2024-01-15', 311, 332),
(6117, 15, '2024-01-15', 311, 333),
(6118, 29, '2024-01-15', 312, 311),
(6119, 18, '2024-01-15', 312, 313),
(6120, 2, '2024-01-15', 312, 314),
(6121, 36, '2024-01-15', 312, 315),
(6122, 18, '2024-01-15', 312, 316),
(6123, 21, '2024-01-15', 312, 317),
(6124, 8, '2024-01-15', 312, 318),
(6125, 19, '2024-01-15', 312, 319),
(6126, 30, '2024-01-15', 312, 320),
(6127, 16, '2024-01-15', 312, 321),
(6128, 26, '2024-01-15', 312, 322),
(6129, 6, '2024-01-15', 312, 323),
(6130, 30, '2024-01-15', 312, 324),
(6131, 14, '2024-01-15', 312, 325),
(6132, 18, '2024-01-15', 312, 326),
(6133, 9, '2024-01-15', 312, 327),
(6134, 29, '2024-01-15', 312, 328),
(6135, 3, '2024-01-15', 312, 329),
(6136, 3, '2024-01-15', 312, 330),
(6137, 5, '2024-01-15', 312, 331),
(6138, 16, '2024-01-15', 312, 332),
(6139, 26, '2024-01-15', 312, 333),
(6140, 4, '2024-01-15', 313, 311),
(6141, 20, '2024-01-15', 313, 312),
(6142, 10, '2024-01-15', 313, 314),
(6143, 27, '2024-01-15', 313, 315),
(6144, 25, '2024-01-15', 313, 316),
(6145, 7, '2024-01-15', 313, 317),
(6146, 38, '2024-01-15', 313, 318),
(6147, 13, '2024-01-15', 313, 319),
(6148, 29, '2024-01-15', 313, 320),
(6149, 27, '2024-01-15', 313, 321),
(6150, 7, '2024-01-15', 313, 322),
(6151, 33, '2024-01-15', 313, 323),
(6152, 25, '2024-01-15', 313, 324),
(6153, 27, '2024-01-15', 313, 325),
(6154, 20, '2024-01-15', 313, 326),
(6155, 17, '2024-01-15', 313, 327),
(6156, 25, '2024-01-15', 313, 328),
(6157, 34, '2024-01-15', 313, 329),
(6158, 18, '2024-01-15', 313, 330),
(6159, 28, '2024-01-15', 313, 331),
(6160, 6, '2024-01-15', 313, 332),
(6161, 23, '2024-01-15', 313, 333),
(6162, 21, '2024-01-15', 314, 311),
(6163, 33, '2024-01-15', 314, 312),
(6164, 24, '2024-01-15', 314, 313),
(6165, 22, '2024-01-15', 314, 315),
(6166, 36, '2024-01-15', 314, 316),
(6167, 37, '2024-01-15', 314, 317),
(6168, 36, '2024-01-15', 314, 318),
(6169, 30, '2024-01-15', 314, 319),
(6170, 3, '2024-01-15', 314, 320),
(6171, 39, '2024-01-15', 314, 321),
(6172, 32, '2024-01-15', 314, 322),
(6173, 3, '2024-01-15', 314, 323),
(6174, 34, '2024-01-15', 314, 324),
(6175, 7, '2024-01-15', 314, 325),
(6176, 9, '2024-01-15', 314, 326),
(6177, 25, '2024-01-15', 314, 327),
(6178, 20, '2024-01-15', 314, 328),
(6179, 22, '2024-01-15', 314, 329),
(6180, 10, '2024-01-15', 314, 330),
(6181, 25, '2024-01-15', 314, 331),
(6182, 14, '2024-01-15', 314, 332),
(6183, 34, '2024-01-15', 314, 333),
(6184, 10, '2024-01-15', 315, 311),
(6185, 25, '2024-01-15', 315, 312),
(6186, 17, '2024-01-15', 315, 313),
(6187, 8, '2024-01-15', 315, 314),
(6188, 30, '2024-01-15', 315, 316),
(6189, 7, '2024-01-15', 315, 317),
(6190, 21, '2024-01-15', 315, 318),
(6191, 9, '2024-01-15', 315, 319),
(6192, 17, '2024-01-15', 315, 320),
(6193, 19, '2024-01-15', 315, 321),
(6194, 6, '2024-01-15', 315, 322),
(6195, 12, '2024-01-15', 315, 323),
(6196, 4, '2024-01-15', 315, 324),
(6197, 20, '2024-01-15', 315, 325),
(6198, 8, '2024-01-15', 315, 326),
(6199, 22, '2024-01-15', 315, 327),
(6200, 5, '2024-01-15', 315, 328),
(6201, 37, '2024-01-15', 315, 329),
(6202, 16, '2024-01-15', 315, 330),
(6203, 4, '2024-01-15', 315, 331),
(6204, 14, '2024-01-15', 315, 332),
(6205, 16, '2024-01-15', 315, 333),
(6206, 38, '2024-01-15', 316, 311),
(6207, 26, '2024-01-15', 316, 312),
(6208, 12, '2024-01-15', 316, 313),
(6209, 24, '2024-01-15', 316, 314),
(6210, 4, '2024-01-15', 316, 315),
(6211, 26, '2024-01-15', 316, 317),
(6212, 1, '2024-01-15', 316, 318),
(6213, 5, '2024-01-15', 316, 319),
(6214, 21, '2024-01-15', 316, 320),
(6215, 12, '2024-01-15', 316, 321),
(6216, 33, '2024-01-15', 316, 322),
(6217, 14, '2024-01-15', 316, 323),
(6218, 11, '2024-01-15', 316, 324),
(6219, 10, '2024-01-15', 316, 325),
(6220, 16, '2024-01-15', 316, 326),
(6221, 13, '2024-01-15', 316, 327),
(6222, 13, '2024-01-15', 316, 328),
(6223, 28, '2024-01-15', 316, 329),
(6224, 22, '2024-01-15', 316, 330),
(6225, 26, '2024-01-15', 316, 331),
(6226, 22, '2024-01-15', 316, 332),
(6227, 35, '2024-01-15', 316, 333),
(6228, 28, '2024-01-15', 317, 311),
(6229, 35, '2024-01-15', 317, 312),
(6230, 13, '2024-01-15', 317, 313),
(6231, 39, '2024-01-15', 317, 314),
(6232, 38, '2024-01-15', 317, 315),
(6233, 32, '2024-01-15', 317, 316),
(6234, 8, '2024-01-15', 317, 318),
(6235, 23, '2024-01-15', 317, 319),
(6236, 9, '2024-01-15', 317, 320),
(6237, 18, '2024-01-15', 317, 321),
(6238, 21, '2024-01-15', 317, 322),
(6239, 13, '2024-01-15', 317, 323),
(6240, 39, '2024-01-15', 317, 324),
(6241, 39, '2024-01-15', 317, 325),
(6242, 2, '2024-01-15', 317, 326),
(6243, 6, '2024-01-15', 317, 327),
(6244, 25, '2024-01-15', 317, 328),
(6245, 27, '2024-01-15', 317, 329),
(6246, 22, '2024-01-15', 317, 330),
(6247, 27, '2024-01-15', 317, 331),
(6248, 31, '2024-01-15', 317, 332),
(6249, 35, '2024-01-15', 317, 333),
(6250, 2, '2024-01-15', 318, 311),
(6251, 23, '2024-01-15', 318, 312),
(6252, 30, '2024-01-15', 318, 313),
(6253, 1, '2024-01-15', 318, 314),
(6254, 33, '2024-01-15', 318, 315),
(6255, 4, '2024-01-15', 318, 316),
(6256, 1, '2024-01-15', 318, 317),
(6257, 30, '2024-01-15', 318, 319),
(6258, 32, '2024-01-15', 318, 320),
(6259, 27, '2024-01-15', 318, 321),
(6260, 1, '2024-01-15', 318, 322),
(6261, 1, '2024-01-15', 318, 323),
(6262, 2, '2024-01-15', 318, 324),
(6263, 5, '2024-01-15', 318, 325),
(6264, 21, '2024-01-15', 318, 326),
(6265, 11, '2024-01-15', 318, 327),
(6266, 31, '2024-01-15', 318, 328),
(6267, 5, '2024-01-15', 318, 329),
(6268, 11, '2024-01-15', 318, 330),
(6269, 37, '2024-01-15', 318, 331),
(6270, 34, '2024-01-15', 318, 332),
(6271, 22, '2024-01-15', 318, 333),
(6272, 6, '2024-01-15', 319, 311),
(6273, 4, '2024-01-15', 319, 312),
(6274, 2, '2024-01-15', 319, 313),
(6275, 37, '2024-01-15', 319, 314),
(6276, 23, '2024-01-15', 319, 315),
(6277, 3, '2024-01-15', 319, 316),
(6278, 25, '2024-01-15', 319, 317),
(6279, 36, '2024-01-15', 319, 318),
(6280, 26, '2024-01-15', 319, 320),
(6281, 22, '2024-01-15', 319, 321),
(6282, 32, '2024-01-15', 319, 322),
(6283, 14, '2024-01-15', 319, 323),
(6284, 15, '2024-01-15', 319, 324),
(6285, 30, '2024-01-15', 319, 325),
(6286, 26, '2024-01-15', 319, 326),
(6287, 39, '2024-01-15', 319, 327),
(6288, 2, '2024-01-15', 319, 328),
(6289, 6, '2024-01-15', 319, 329),
(6290, 27, '2024-01-15', 319, 330),
(6291, 37, '2024-01-15', 319, 331),
(6292, 25, '2024-01-15', 319, 332),
(6293, 14, '2024-01-15', 319, 333),
(6294, 33, '2024-01-15', 320, 311),
(6295, 5, '2024-01-15', 320, 312),
(6296, 6, '2024-01-15', 320, 313),
(6297, 11, '2024-01-15', 320, 314),
(6298, 38, '2024-01-15', 320, 315),
(6299, 2, '2024-01-15', 320, 316),
(6300, 14, '2024-01-15', 320, 317),
(6301, 21, '2024-01-15', 320, 318),
(6302, 23, '2024-01-15', 320, 319),
(6303, 14, '2024-01-15', 320, 321),
(6304, 2, '2024-01-15', 320, 322),
(6305, 3, '2024-01-15', 320, 323),
(6306, 11, '2024-01-15', 320, 324),
(6307, 8, '2024-01-15', 320, 325),
(6308, 4, '2024-01-15', 320, 326),
(6309, 36, '2024-01-15', 320, 327),
(6310, 13, '2024-01-15', 320, 328),
(6311, 32, '2024-01-15', 320, 329),
(6312, 2, '2024-01-15', 320, 330),
(6313, 34, '2024-01-15', 320, 331),
(6314, 4, '2024-01-15', 320, 332),
(6315, 37, '2024-01-15', 320, 333),
(6316, 17, '2024-01-15', 321, 311),
(6317, 12, '2024-01-15', 321, 312),
(6318, 10, '2024-01-15', 321, 313),
(6319, 13, '2024-01-15', 321, 314),
(6320, 33, '2024-01-15', 321, 315),
(6321, 11, '2024-01-15', 321, 316),
(6322, 33, '2024-01-15', 321, 317),
(6323, 13, '2024-01-15', 321, 318),
(6324, 7, '2024-01-15', 321, 319),
(6325, 31, '2024-01-15', 321, 320),
(6326, 19, '2024-01-15', 321, 322),
(6327, 39, '2024-01-15', 321, 323),
(6328, 22, '2024-01-15', 321, 324),
(6329, 33, '2024-01-15', 321, 325),
(6330, 17, '2024-01-15', 321, 326),
(6331, 26, '2024-01-15', 321, 327),
(6332, 1, '2024-01-15', 321, 328),
(6333, 5, '2024-01-15', 321, 329),
(6334, 21, '2024-01-15', 321, 330),
(6335, 12, '2024-01-15', 321, 331),
(6336, 34, '2024-01-15', 321, 332),
(6337, 18, '2024-01-15', 321, 333),
(6338, 25, '2024-01-15', 322, 311),
(6339, 32, '2024-01-15', 322, 312),
(6340, 6, '2024-01-15', 322, 313),
(6341, 13, '2024-01-15', 322, 314),
(6342, 9, '2024-01-15', 322, 315),
(6343, 3, '2024-01-15', 322, 316),
(6344, 29, '2024-01-15', 322, 317),
(6345, 15, '2024-01-15', 322, 318),
(6346, 30, '2024-01-15', 322, 319),
(6347, 24, '2024-01-15', 322, 320),
(6348, 31, '2024-01-15', 322, 321),
(6349, 3, '2024-01-15', 322, 323),
(6350, 2, '2024-01-15', 322, 324),
(6351, 38, '2024-01-15', 322, 325),
(6352, 27, '2024-01-15', 322, 326),
(6353, 21, '2024-01-15', 322, 327),
(6354, 25, '2024-01-15', 322, 328),
(6355, 21, '2024-01-15', 322, 329),
(6356, 30, '2024-01-15', 322, 330),
(6357, 9, '2024-01-15', 322, 331),
(6358, 32, '2024-01-15', 322, 332),
(6359, 16, '2024-01-15', 322, 333),
(6360, 20, '2024-01-15', 323, 311),
(6361, 16, '2024-01-15', 323, 312),
(6362, 17, '2024-01-15', 323, 313),
(6363, 39, '2024-01-15', 323, 314),
(6364, 27, '2024-01-15', 323, 315),
(6365, 14, '2024-01-15', 323, 316),
(6366, 31, '2024-01-15', 323, 317),
(6367, 33, '2024-01-15', 323, 318),
(6368, 34, '2024-01-15', 323, 319),
(6369, 30, '2024-01-15', 323, 320),
(6370, 9, '2024-01-15', 323, 321),
(6371, 31, '2024-01-15', 323, 322),
(6372, 13, '2024-01-15', 323, 324),
(6373, 10, '2024-01-15', 323, 325),
(6374, 10, '2024-01-15', 323, 326),
(6375, 22, '2024-01-15', 323, 327),
(6376, 37, '2024-01-15', 323, 328),
(6377, 1, '2024-01-15', 323, 329),
(6378, 14, '2024-01-15', 323, 330),
(6379, 25, '2024-01-15', 323, 331),
(6380, 5, '2024-01-15', 323, 332),
(6381, 26, '2024-01-15', 323, 333),
(6382, 38, '2024-01-15', 324, 311),
(6383, 35, '2024-01-15', 324, 312),
(6384, 20, '2024-01-15', 324, 313),
(6385, 34, '2024-01-15', 324, 314),
(6386, 30, '2024-01-15', 324, 315),
(6387, 9, '2024-01-15', 324, 316),
(6388, 31, '2024-01-15', 324, 317),
(6389, 10, '2024-01-15', 324, 318),
(6390, 37, '2024-01-15', 324, 319),
(6391, 35, '2024-01-15', 324, 320),
(6392, 24, '2024-01-15', 324, 321),
(6393, 16, '2024-01-15', 324, 322),
(6394, 9, '2024-01-15', 324, 323),
(6395, 35, '2024-01-15', 324, 325),
(6396, 29, '2024-01-15', 324, 326),
(6397, 38, '2024-01-15', 324, 327),
(6398, 27, '2024-01-15', 324, 328),
(6399, 19, '2024-01-15', 324, 329),
(6400, 16, '2024-01-15', 324, 330),
(6401, 21, '2024-01-15', 324, 331),
(6402, 16, '2024-01-15', 324, 332),
(6403, 19, '2024-01-15', 324, 333),
(6404, 6, '2024-01-15', 325, 311),
(6405, 13, '2024-01-15', 325, 312),
(6406, 8, '2024-01-15', 325, 313),
(6407, 39, '2024-01-15', 325, 314),
(6408, 15, '2024-01-15', 325, 315),
(6409, 36, '2024-01-15', 325, 316),
(6410, 16, '2024-01-15', 325, 317),
(6411, 13, '2024-01-15', 325, 318),
(6412, 15, '2024-01-15', 325, 319),
(6413, 35, '2024-01-15', 325, 320),
(6414, 14, '2024-01-15', 325, 321),
(6415, 1, '2024-01-15', 325, 322),
(6416, 3, '2024-01-15', 325, 323),
(6417, 11, '2024-01-15', 325, 324),
(6418, 7, '2024-01-15', 325, 326),
(6419, 2, '2024-01-15', 325, 327),
(6420, 26, '2024-01-15', 325, 328),
(6421, 6, '2024-01-15', 325, 329),
(6422, 32, '2024-01-15', 325, 330),
(6423, 24, '2024-01-15', 325, 331),
(6424, 23, '2024-01-15', 325, 332),
(6425, 4, '2024-01-15', 325, 333),
(6426, 30, '2024-01-15', 326, 311),
(6427, 20, '2024-01-15', 326, 312),
(6428, 8, '2024-01-15', 326, 313),
(6429, 18, '2024-01-15', 326, 314),
(6430, 28, '2024-01-15', 326, 315),
(6431, 7, '2024-01-15', 326, 316),
(6432, 27, '2024-01-15', 326, 317),
(6433, 38, '2024-01-15', 326, 318),
(6434, 30, '2024-01-15', 326, 319),
(6435, 35, '2024-01-15', 326, 320),
(6436, 8, '2024-01-15', 326, 321),
(6437, 10, '2024-01-15', 326, 322),
(6438, 28, '2024-01-15', 326, 323),
(6439, 29, '2024-01-15', 326, 324),
(6440, 25, '2024-01-15', 326, 325),
(6441, 34, '2024-01-15', 326, 327),
(6442, 17, '2024-01-15', 326, 328),
(6443, 22, '2024-01-15', 326, 329),
(6444, 20, '2024-01-15', 326, 330),
(6445, 33, '2024-01-15', 326, 331),
(6446, 27, '2024-01-15', 326, 332),
(6447, 37, '2024-01-15', 326, 333),
(6448, 23, '2024-01-15', 327, 311),
(6449, 3, '2024-01-15', 327, 312),
(6450, 26, '2024-01-15', 327, 313),
(6451, 4, '2024-01-15', 327, 314),
(6452, 21, '2024-01-15', 327, 315),
(6453, 11, '2024-01-15', 327, 316),
(6454, 31, '2024-01-15', 327, 317),
(6455, 3, '2024-01-15', 327, 318),
(6456, 1, '2024-01-15', 327, 319),
(6457, 35, '2024-01-15', 327, 320),
(6458, 17, '2024-01-15', 327, 321),
(6459, 15, '2024-01-15', 327, 322),
(6460, 25, '2024-01-15', 327, 323),
(6461, 2, '2024-01-15', 327, 324),
(6462, 14, '2024-01-15', 327, 325),
(6463, 23, '2024-01-15', 327, 326),
(6464, 34, '2024-01-15', 327, 328),
(6465, 20, '2024-01-15', 327, 329),
(6466, 39, '2024-01-15', 327, 330),
(6467, 16, '2024-01-15', 327, 331),
(6468, 3, '2024-01-15', 327, 332),
(6469, 5, '2024-01-15', 327, 333),
(6470, 17, '2024-01-15', 328, 311),
(6471, 30, '2024-01-15', 328, 312),
(6472, 19, '2024-01-15', 328, 313),
(6473, 3, '2024-01-15', 328, 314),
(6474, 39, '2024-01-15', 328, 315),
(6475, 28, '2024-01-15', 328, 316),
(6476, 22, '2024-01-15', 328, 317),
(6477, 24, '2024-01-15', 328, 318),
(6478, 15, '2024-01-15', 328, 319),
(6479, 3, '2024-01-15', 328, 320),
(6480, 7, '2024-01-15', 328, 321),
(6481, 26, '2024-01-15', 328, 322),
(6482, 30, '2024-01-15', 328, 323),
(6483, 34, '2024-01-15', 328, 324),
(6484, 1, '2024-01-15', 328, 325),
(6485, 19, '2024-01-15', 328, 326),
(6486, 13, '2024-01-15', 328, 327),
(6487, 6, '2024-01-15', 328, 329),
(6488, 33, '2024-01-15', 328, 330),
(6489, 27, '2024-01-15', 328, 331),
(6490, 38, '2024-01-15', 328, 332),
(6491, 31, '2024-01-15', 328, 333),
(6492, 38, '2024-01-15', 329, 311),
(6493, 20, '2024-01-15', 329, 312),
(6494, 23, '2024-01-15', 329, 313),
(6495, 18, '2024-01-15', 329, 314),
(6496, 18, '2024-01-15', 329, 315),
(6497, 35, '2024-01-15', 329, 316),
(6498, 5, '2024-01-15', 329, 317),
(6499, 35, '2024-01-15', 329, 318),
(6500, 3, '2024-01-15', 329, 319),
(6501, 29, '2024-01-15', 329, 320),
(6502, 15, '2024-01-15', 329, 321),
(6503, 29, '2024-01-15', 329, 322),
(6504, 22, '2024-01-15', 329, 323),
(6505, 23, '2024-01-15', 329, 324),
(6506, 10, '2024-01-15', 329, 325),
(6507, 18, '2024-01-15', 329, 326),
(6508, 21, '2024-01-15', 329, 327),
(6509, 9, '2024-01-15', 329, 328),
(6510, 24, '2024-01-15', 329, 330),
(6511, 12, '2024-01-15', 329, 331),
(6512, 26, '2024-01-15', 329, 332),
(6513, 17, '2024-01-15', 329, 333),
(6514, 6, '2024-01-15', 330, 311),
(6515, 17, '2024-01-15', 330, 312),
(6516, 27, '2024-01-15', 330, 313),
(6517, 5, '2024-01-15', 330, 314),
(6518, 23, '2024-01-15', 330, 315),
(6519, 22, '2024-01-15', 330, 316),
(6520, 39, '2024-01-15', 330, 317),
(6521, 12, '2024-01-15', 330, 318),
(6522, 21, '2024-01-15', 330, 319),
(6523, 30, '2024-01-15', 330, 320),
(6524, 6, '2024-01-15', 330, 321),
(6525, 20, '2024-01-15', 330, 322),
(6526, 1, '2024-01-15', 330, 323),
(6527, 24, '2024-01-15', 330, 324),
(6528, 39, '2024-01-15', 330, 325),
(6529, 7, '2024-01-15', 330, 326),
(6530, 32, '2024-01-15', 330, 327),
(6531, 20, '2024-01-15', 330, 328),
(6532, 6, '2024-01-15', 330, 329),
(6533, 8, '2024-01-15', 330, 331),
(6534, 22, '2024-01-15', 330, 332),
(6535, 7, '2024-01-15', 330, 333),
(6536, 8, '2024-01-15', 331, 311),
(6537, 18, '2024-01-15', 331, 312),
(6538, 28, '2024-01-15', 331, 313),
(6539, 6, '2024-01-15', 331, 314),
(6540, 22, '2024-01-15', 331, 315),
(6541, 17, '2024-01-15', 331, 316),
(6542, 15, '2024-01-15', 331, 317),
(6543, 27, '2024-01-15', 331, 318),
(6544, 8, '2024-01-15', 331, 319),
(6545, 38, '2024-01-15', 331, 320),
(6546, 11, '2024-01-15', 331, 321),
(6547, 16, '2024-01-15', 331, 322),
(6548, 9, '2024-01-15', 331, 323),
(6549, 35, '2024-01-15', 331, 324),
(6550, 29, '2024-01-15', 331, 325),
(6551, 1, '2024-01-15', 331, 326),
(6552, 37, '2024-01-15', 331, 327),
(6553, 22, '2024-01-15', 331, 328),
(6554, 39, '2024-01-15', 331, 329),
(6555, 13, '2024-01-15', 331, 330),
(6556, 26, '2024-01-15', 331, 332),
(6557, 11, '2024-01-15', 331, 333),
(6558, 16, '2024-01-15', 332, 311),
(6559, 9, '2024-01-15', 332, 312),
(6560, 33, '2024-01-15', 332, 313),
(6561, 23, '2024-01-15', 332, 314),
(6562, 13, '2024-01-15', 332, 315),
(6563, 37, '2024-01-15', 332, 316),
(6564, 29, '2024-01-15', 332, 317),
(6565, 31, '2024-01-15', 332, 318),
(6566, 29, '2024-01-15', 332, 319),
(6567, 14, '2024-01-15', 332, 320),
(6568, 21, '2024-01-15', 332, 321),
(6569, 23, '2024-01-15', 332, 322),
(6570, 11, '2024-01-15', 332, 323),
(6571, 24, '2024-01-15', 332, 324),
(6572, 12, '2024-01-15', 332, 325),
(6573, 24, '2024-01-15', 332, 326),
(6574, 6, '2024-01-15', 332, 327),
(6575, 34, '2024-01-15', 332, 328),
(6576, 36, '2024-01-15', 332, 329),
(6577, 38, '2024-01-15', 332, 330),
(6578, 4, '2024-01-15', 332, 331),
(6579, 23, '2024-01-15', 332, 333),
(6580, 24, '2024-01-15', 333, 311),
(6581, 13, '2024-01-15', 333, 312),
(6582, 31, '2024-01-15', 333, 313),
(6583, 35, '2024-01-15', 333, 314),
(6584, 5, '2024-01-15', 333, 315),
(6585, 37, '2024-01-15', 333, 316),
(6586, 12, '2024-01-15', 333, 317),
(6587, 27, '2024-01-15', 333, 318),
(6588, 19, '2024-01-15', 333, 319),
(6589, 15, '2024-01-15', 333, 320),
(6590, 15, '2024-01-15', 333, 321),
(6591, 32, '2024-01-15', 333, 322),
(6592, 38, '2024-01-15', 333, 323),
(6593, 14, '2024-01-15', 333, 324),
(6594, 32, '2024-01-15', 333, 325),
(6595, 2, '2024-01-15', 333, 326),
(6596, 32, '2024-01-15', 333, 327),
(6597, 35, '2024-01-15', 333, 328),
(6598, 1, '2024-01-15', 333, 329),
(6599, 18, '2024-01-15', 333, 330),
(6600, 9, '2024-01-15', 333, 331),
(6601, 27, '2024-01-15', 333, 332),
(6602, 30, '2024-01-15', 334, 335),
(6603, 28, '2024-01-15', 334, 336),
(6604, 12, '2024-01-15', 334, 337),
(6605, 14, '2024-01-15', 334, 338),
(6606, 33, '2024-01-15', 334, 339),
(6607, 6, '2024-01-15', 334, 340),
(6608, 9, '2024-01-15', 334, 341),
(6609, 25, '2024-01-15', 334, 342),
(6610, 19, '2024-01-15', 334, 343),
(6611, 21, '2024-01-15', 334, 344),
(6612, 8, '2024-01-15', 334, 345),
(6613, 17, '2024-01-15', 334, 346),
(6614, 22, '2024-01-15', 334, 347),
(6615, 16, '2024-01-15', 334, 348),
(6616, 17, '2024-01-15', 334, 349),
(6617, 36, '2024-01-15', 334, 350),
(6618, 12, '2024-01-15', 334, 351),
(6619, 30, '2024-01-15', 334, 352),
(6620, 33, '2024-01-15', 334, 353),
(6621, 39, '2024-01-15', 334, 354),
(6622, 15, '2024-01-15', 334, 355),
(6623, 34, '2024-01-15', 334, 356),
(6624, 10, '2024-01-15', 335, 334),
(6625, 26, '2024-01-15', 335, 336),
(6626, 22, '2024-01-15', 335, 337),
(6627, 32, '2024-01-15', 335, 338),
(6628, 13, '2024-01-15', 335, 339),
(6629, 9, '2024-01-15', 335, 340),
(6630, 4, '2024-01-15', 335, 341),
(6631, 33, '2024-01-15', 335, 342),
(6632, 35, '2024-01-15', 335, 343),
(6633, 36, '2024-01-15', 335, 344),
(6634, 37, '2024-01-15', 335, 345),
(6635, 37, '2024-01-15', 335, 346),
(6636, 35, '2024-01-15', 335, 347),
(6637, 23, '2024-01-15', 335, 348),
(6638, 9, '2024-01-15', 335, 349),
(6639, 13, '2024-01-15', 335, 350),
(6640, 2, '2024-01-15', 335, 351),
(6641, 7, '2024-01-15', 335, 352),
(6642, 30, '2024-01-15', 335, 353),
(6643, 10, '2024-01-15', 335, 354),
(6644, 39, '2024-01-15', 335, 355),
(6645, 9, '2024-01-15', 335, 356),
(6646, 3, '2024-01-15', 336, 334),
(6647, 30, '2024-01-15', 336, 335),
(6648, 21, '2024-01-15', 336, 337),
(6649, 17, '2024-01-15', 336, 338),
(6650, 19, '2024-01-15', 336, 339),
(6651, 7, '2024-01-15', 336, 340),
(6652, 14, '2024-01-15', 336, 341),
(6653, 10, '2024-01-15', 336, 342),
(6654, 9, '2024-01-15', 336, 343),
(6655, 16, '2024-01-15', 336, 344),
(6656, 10, '2024-01-15', 336, 345),
(6657, 5, '2024-01-15', 336, 346),
(6658, 32, '2024-01-15', 336, 347),
(6659, 25, '2024-01-15', 336, 348),
(6660, 32, '2024-01-15', 336, 349),
(6661, 5, '2024-01-15', 336, 350),
(6662, 8, '2024-01-15', 336, 351),
(6663, 24, '2024-01-15', 336, 352),
(6664, 15, '2024-01-15', 336, 353),
(6665, 6, '2024-01-15', 336, 354),
(6666, 21, '2024-01-15', 336, 355),
(6667, 7, '2024-01-15', 336, 356),
(6668, 13, '2024-01-15', 337, 334),
(6669, 5, '2024-01-15', 337, 335),
(6670, 24, '2024-01-15', 337, 336),
(6671, 28, '2024-01-15', 337, 338),
(6672, 26, '2024-01-15', 337, 339),
(6673, 7, '2024-01-15', 337, 340),
(6674, 34, '2024-01-15', 337, 341),
(6675, 31, '2024-01-15', 337, 342),
(6676, 16, '2024-01-15', 337, 343),
(6677, 25, '2024-01-15', 337, 344),
(6678, 35, '2024-01-15', 337, 345),
(6679, 23, '2024-01-15', 337, 346),
(6680, 9, '2024-01-15', 337, 347),
(6681, 15, '2024-01-15', 337, 348),
(6682, 8, '2024-01-15', 337, 349),
(6683, 36, '2024-01-15', 337, 350),
(6684, 35, '2024-01-15', 337, 351),
(6685, 30, '2024-01-15', 337, 352),
(6686, 4, '2024-01-15', 337, 353),
(6687, 8, '2024-01-15', 337, 354),
(6688, 26, '2024-01-15', 337, 355),
(6689, 29, '2024-01-15', 337, 356),
(6690, 28, '2024-01-15', 338, 334),
(6691, 13, '2024-01-15', 338, 335),
(6692, 17, '2024-01-15', 338, 336),
(6693, 10, '2024-01-15', 338, 337),
(6694, 34, '2024-01-15', 338, 339),
(6695, 25, '2024-01-15', 338, 340),
(6696, 20, '2024-01-15', 338, 341),
(6697, 25, '2024-01-15', 338, 342),
(6698, 25, '2024-01-15', 338, 343),
(6699, 10, '2024-01-15', 338, 344),
(6700, 14, '2024-01-15', 338, 345),
(6701, 1, '2024-01-15', 338, 346),
(6702, 38, '2024-01-15', 338, 347),
(6703, 34, '2024-01-15', 338, 348),
(6704, 15, '2024-01-15', 338, 349),
(6705, 10, '2024-01-15', 338, 350),
(6706, 4, '2024-01-15', 338, 351),
(6707, 28, '2024-01-15', 338, 352),
(6708, 13, '2024-01-15', 338, 353),
(6709, 19, '2024-01-15', 338, 354),
(6710, 15, '2024-01-15', 338, 355),
(6711, 16, '2024-01-15', 338, 356),
(6712, 37, '2024-01-15', 339, 334),
(6713, 19, '2024-01-15', 339, 335),
(6714, 25, '2024-01-15', 339, 336),
(6715, 25, '2024-01-15', 339, 337),
(6716, 11, '2024-01-15', 339, 338),
(6717, 19, '2024-01-15', 339, 340),
(6718, 22, '2024-01-15', 339, 341),
(6719, 12, '2024-01-15', 339, 342),
(6720, 34, '2024-01-15', 339, 343),
(6721, 17, '2024-01-15', 339, 344),
(6722, 21, '2024-01-15', 339, 345),
(6723, 15, '2024-01-15', 339, 346),
(6724, 12, '2024-01-15', 339, 347),
(6725, 14, '2024-01-15', 339, 348),
(6726, 33, '2024-01-15', 339, 349),
(6727, 4, '2024-01-15', 339, 350),
(6728, 39, '2024-01-15', 339, 351),
(6729, 26, '2024-01-15', 339, 352),
(6730, 11, '2024-01-15', 339, 353),
(6731, 18, '2024-01-15', 339, 354),
(6732, 18, '2024-01-15', 339, 355),
(6733, 34, '2024-01-15', 339, 356),
(6734, 37, '2024-01-15', 340, 334),
(6735, 5, '2024-01-15', 340, 335),
(6736, 29, '2024-01-15', 340, 336),
(6737, 14, '2024-01-15', 340, 337),
(6738, 23, '2024-01-15', 340, 338),
(6739, 33, '2024-01-15', 340, 339),
(6740, 18, '2024-01-15', 340, 341),
(6741, 29, '2024-01-15', 340, 342),
(6742, 11, '2024-01-15', 340, 343),
(6743, 9, '2024-01-15', 340, 344),
(6744, 12, '2024-01-15', 340, 345),
(6745, 31, '2024-01-15', 340, 346),
(6746, 2, '2024-01-15', 340, 347),
(6747, 34, '2024-01-15', 340, 348),
(6748, 9, '2024-01-15', 340, 349),
(6749, 18, '2024-01-15', 340, 350),
(6750, 24, '2024-01-15', 340, 351),
(6751, 26, '2024-01-15', 340, 352),
(6752, 17, '2024-01-15', 340, 353),
(6753, 8, '2024-01-15', 340, 354),
(6754, 27, '2024-01-15', 340, 355),
(6755, 32, '2024-01-15', 340, 356),
(6756, 2, '2024-01-15', 341, 334),
(6757, 31, '2024-01-15', 341, 335),
(6758, 33, '2024-01-15', 341, 336),
(6759, 29, '2024-01-15', 341, 337),
(6760, 7, '2024-01-15', 341, 338),
(6761, 27, '2024-01-15', 341, 339),
(6762, 36, '2024-01-15', 341, 340),
(6763, 18, '2024-01-15', 341, 342),
(6764, 23, '2024-01-15', 341, 343),
(6765, 22, '2024-01-15', 341, 344),
(6766, 39, '2024-01-15', 341, 345),
(6767, 11, '2024-01-15', 341, 346),
(6768, 17, '2024-01-15', 341, 347),
(6769, 13, '2024-01-15', 341, 348),
(6770, 12, '2024-01-15', 341, 349),
(6771, 21, '2024-01-15', 341, 350),
(6772, 30, '2024-01-15', 341, 351),
(6773, 7, '2024-01-15', 341, 352),
(6774, 24, '2024-01-15', 341, 353),
(6775, 19, '2024-01-15', 341, 354),
(6776, 25, '2024-01-15', 341, 355),
(6777, 28, '2024-01-15', 341, 356),
(6778, 27, '2024-01-15', 342, 334),
(6779, 9, '2024-01-15', 342, 335),
(6780, 5, '2024-01-15', 342, 336),
(6781, 34, '2024-01-15', 342, 337),
(6782, 1, '2024-01-15', 342, 338),
(6783, 20, '2024-01-15', 342, 339),
(6784, 19, '2024-01-15', 342, 340),
(6785, 32, '2024-01-15', 342, 341),
(6786, 26, '2024-01-15', 342, 343),
(6787, 33, '2024-01-15', 342, 344),
(6788, 11, '2024-01-15', 342, 345),
(6789, 30, '2024-01-15', 342, 346),
(6790, 38, '2024-01-15', 342, 347),
(6791, 25, '2024-01-15', 342, 348),
(6792, 8, '2024-01-15', 342, 349),
(6793, 3, '2024-01-15', 342, 350),
(6794, 29, '2024-01-15', 342, 351),
(6795, 21, '2024-01-15', 342, 352),
(6796, 16, '2024-01-15', 342, 353),
(6797, 18, '2024-01-15', 342, 354),
(6798, 4, '2024-01-15', 342, 355),
(6799, 1, '2024-01-15', 342, 356),
(6800, 34, '2024-01-15', 343, 334),
(6801, 8, '2024-01-15', 343, 335),
(6802, 16, '2024-01-15', 343, 336),
(6803, 15, '2024-01-15', 343, 337),
(6804, 28, '2024-01-15', 343, 338),
(6805, 17, '2024-01-15', 343, 339),
(6806, 1, '2024-01-15', 343, 340),
(6807, 30, '2024-01-15', 343, 341),
(6808, 31, '2024-01-15', 343, 342),
(6809, 26, '2024-01-15', 343, 344),
(6810, 37, '2024-01-15', 343, 345),
(6811, 28, '2024-01-15', 343, 346),
(6812, 28, '2024-01-15', 343, 347),
(6813, 19, '2024-01-15', 343, 348),
(6814, 8, '2024-01-15', 343, 349),
(6815, 21, '2024-01-15', 343, 350),
(6816, 5, '2024-01-15', 343, 351),
(6817, 38, '2024-01-15', 343, 352),
(6818, 18, '2024-01-15', 343, 353),
(6819, 13, '2024-01-15', 343, 354),
(6820, 14, '2024-01-15', 343, 355),
(6821, 27, '2024-01-15', 343, 356),
(6822, 17, '2024-01-15', 344, 334),
(6823, 2, '2024-01-15', 344, 335),
(6824, 37, '2024-01-15', 344, 336),
(6825, 23, '2024-01-15', 344, 337),
(6826, 3, '2024-01-15', 344, 338),
(6827, 24, '2024-01-15', 344, 339),
(6828, 32, '2024-01-15', 344, 340),
(6829, 11, '2024-01-15', 344, 341),
(6830, 36, '2024-01-15', 344, 342),
(6831, 30, '2024-01-15', 344, 343),
(6832, 3, '2024-01-15', 344, 345),
(6833, 4, '2024-01-15', 344, 346),
(6834, 7, '2024-01-15', 344, 347),
(6835, 26, '2024-01-15', 344, 348),
(6836, 28, '2024-01-15', 344, 349),
(6837, 21, '2024-01-15', 344, 350),
(6838, 23, '2024-01-15', 344, 351),
(6839, 10, '2024-01-15', 344, 352),
(6840, 21, '2024-01-15', 344, 353),
(6841, 34, '2024-01-15', 344, 354),
(6842, 30, '2024-01-15', 344, 355),
(6843, 10, '2024-01-15', 344, 356),
(6844, 35, '2024-01-15', 345, 334),
(6845, 27, '2024-01-15', 345, 335),
(6846, 32, '2024-01-15', 345, 336),
(6847, 37, '2024-01-15', 345, 337),
(6848, 11, '2024-01-15', 345, 338),
(6849, 22, '2024-01-15', 345, 339),
(6850, 35, '2024-01-15', 345, 340),
(6851, 33, '2024-01-15', 345, 341),
(6852, 21, '2024-01-15', 345, 342),
(6853, 3, '2024-01-15', 345, 343),
(6854, 32, '2024-01-15', 345, 344),
(6855, 34, '2024-01-15', 345, 346),
(6856, 34, '2024-01-15', 345, 347),
(6857, 27, '2024-01-15', 345, 348),
(6858, 33, '2024-01-15', 345, 349),
(6859, 7, '2024-01-15', 345, 350),
(6860, 12, '2024-01-15', 345, 351),
(6861, 39, '2024-01-15', 345, 352),
(6862, 2, '2024-01-15', 345, 353),
(6863, 9, '2024-01-15', 345, 354),
(6864, 1, '2024-01-15', 345, 355),
(6865, 15, '2024-01-15', 345, 356),
(6866, 34, '2024-01-15', 346, 334),
(6867, 5, '2024-01-15', 346, 335),
(6868, 2, '2024-01-15', 346, 336),
(6869, 33, '2024-01-15', 346, 337),
(6870, 3, '2024-01-15', 346, 338),
(6871, 33, '2024-01-15', 346, 339),
(6872, 38, '2024-01-15', 346, 340),
(6873, 11, '2024-01-15', 346, 341),
(6874, 20, '2024-01-15', 346, 342),
(6875, 27, '2024-01-15', 346, 343),
(6876, 36, '2024-01-15', 346, 344),
(6877, 21, '2024-01-15', 346, 345),
(6878, 35, '2024-01-15', 346, 347),
(6879, 34, '2024-01-15', 346, 348),
(6880, 26, '2024-01-15', 346, 349),
(6881, 26, '2024-01-15', 346, 350),
(6882, 11, '2024-01-15', 346, 351),
(6883, 19, '2024-01-15', 346, 352),
(6884, 19, '2024-01-15', 346, 353),
(6885, 2, '2024-01-15', 346, 354),
(6886, 29, '2024-01-15', 346, 355),
(6887, 21, '2024-01-15', 346, 356),
(6888, 16, '2024-01-15', 347, 334),
(6889, 18, '2024-01-15', 347, 335),
(6890, 4, '2024-01-15', 347, 336),
(6891, 3, '2024-01-15', 347, 337),
(6892, 4, '2024-01-15', 347, 338),
(6893, 12, '2024-01-15', 347, 339),
(6894, 6, '2024-01-15', 347, 340),
(6895, 33, '2024-01-15', 347, 341),
(6896, 28, '2024-01-15', 347, 342),
(6897, 4, '2024-01-15', 347, 343),
(6898, 13, '2024-01-15', 347, 344),
(6899, 12, '2024-01-15', 347, 345),
(6900, 22, '2024-01-15', 347, 346),
(6901, 32, '2024-01-15', 347, 348),
(6902, 18, '2024-01-15', 347, 349),
(6903, 33, '2024-01-15', 347, 350),
(6904, 33, '2024-01-15', 347, 351),
(6905, 25, '2024-01-15', 347, 352),
(6906, 26, '2024-01-15', 347, 353),
(6907, 14, '2024-01-15', 347, 354),
(6908, 33, '2024-01-15', 347, 355),
(6909, 4, '2024-01-15', 347, 356),
(6910, 38, '2024-01-15', 348, 334),
(6911, 20, '2024-01-15', 348, 335),
(6912, 24, '2024-01-15', 348, 336),
(6913, 23, '2024-01-15', 348, 337),
(6914, 1, '2024-01-15', 348, 338),
(6915, 13, '2024-01-15', 348, 339),
(6916, 24, '2024-01-15', 348, 340),
(6917, 4, '2024-01-15', 348, 341),
(6918, 22, '2024-01-15', 348, 342),
(6919, 23, '2024-01-15', 348, 343),
(6920, 7, '2024-01-15', 348, 344),
(6921, 4, '2024-01-15', 348, 345),
(6922, 37, '2024-01-15', 348, 346),
(6923, 19, '2024-01-15', 348, 347),
(6924, 22, '2024-01-15', 348, 349),
(6925, 15, '2024-01-15', 348, 350),
(6926, 8, '2024-01-15', 348, 351),
(6927, 32, '2024-01-15', 348, 352),
(6928, 21, '2024-01-15', 348, 353),
(6929, 8, '2024-01-15', 348, 354),
(6930, 14, '2024-01-15', 348, 355),
(6931, 6, '2024-01-15', 348, 356),
(6932, 26, '2024-01-15', 349, 334),
(6933, 32, '2024-01-15', 349, 335),
(6934, 7, '2024-01-15', 349, 336),
(6935, 17, '2024-01-15', 349, 337),
(6936, 21, '2024-01-15', 349, 338),
(6937, 17, '2024-01-15', 349, 339),
(6938, 23, '2024-01-15', 349, 340),
(6939, 22, '2024-01-15', 349, 341),
(6940, 1, '2024-01-15', 349, 342),
(6941, 18, '2024-01-15', 349, 343),
(6942, 6, '2024-01-15', 349, 344),
(6943, 16, '2024-01-15', 349, 345),
(6944, 21, '2024-01-15', 349, 346),
(6945, 17, '2024-01-15', 349, 347),
(6946, 24, '2024-01-15', 349, 348),
(6947, 29, '2024-01-15', 349, 350),
(6948, 33, '2024-01-15', 349, 351),
(6949, 38, '2024-01-15', 349, 352),
(6950, 12, '2024-01-15', 349, 353),
(6951, 26, '2024-01-15', 349, 354),
(6952, 15, '2024-01-15', 349, 355),
(6953, 34, '2024-01-15', 349, 356),
(6954, 6, '2024-01-15', 350, 334),
(6955, 8, '2024-01-15', 350, 335),
(6956, 19, '2024-01-15', 350, 336),
(6957, 34, '2024-01-15', 350, 337),
(6958, 34, '2024-01-15', 350, 338),
(6959, 29, '2024-01-15', 350, 339),
(6960, 2, '2024-01-15', 350, 340),
(6961, 3, '2024-01-15', 350, 341),
(6962, 6, '2024-01-15', 350, 342),
(6963, 23, '2024-01-15', 350, 343),
(6964, 18, '2024-01-15', 350, 344),
(6965, 22, '2024-01-15', 350, 345),
(6966, 15, '2024-01-15', 350, 346),
(6967, 9, '2024-01-15', 350, 347),
(6968, 39, '2024-01-15', 350, 348),
(6969, 11, '2024-01-15', 350, 349),
(6970, 17, '2024-01-15', 350, 351),
(6971, 13, '2024-01-15', 350, 352),
(6972, 14, '2024-01-15', 350, 353),
(6973, 28, '2024-01-15', 350, 354),
(6974, 19, '2024-01-15', 350, 355),
(6975, 14, '2024-01-15', 350, 356),
(6976, 9, '2024-01-15', 351, 334),
(6977, 2, '2024-01-15', 351, 335),
(6978, 23, '2024-01-15', 351, 336),
(6979, 32, '2024-01-15', 351, 337),
(6980, 11, '2024-01-15', 351, 338),
(6981, 37, '2024-01-15', 351, 339),
(6982, 33, '2024-01-15', 351, 340),
(6983, 15, '2024-01-15', 351, 341),
(6984, 15, '2024-01-15', 351, 342),
(6985, 31, '2024-01-15', 351, 343),
(6986, 32, '2024-01-15', 351, 344),
(6987, 26, '2024-01-15', 351, 345),
(6988, 33, '2024-01-15', 351, 346),
(6989, 8, '2024-01-15', 351, 347),
(6990, 18, '2024-01-15', 351, 348),
(6991, 28, '2024-01-15', 351, 349),
(6992, 5, '2024-01-15', 351, 350),
(6993, 21, '2024-01-15', 351, 352),
(6994, 12, '2024-01-15', 351, 353),
(6995, 35, '2024-01-15', 351, 354),
(6996, 20, '2024-01-15', 351, 355),
(6997, 33, '2024-01-15', 351, 356),
(6998, 29, '2024-01-15', 352, 334),
(6999, 3, '2024-01-15', 352, 335),
(7000, 9, '2024-01-15', 352, 336),
(7001, 33, '2024-01-15', 352, 337),
(7002, 21, '2024-01-15', 352, 338),
(7003, 5, '2024-01-15', 352, 339),
(7004, 39, '2024-01-15', 352, 340),
(7005, 26, '2024-01-15', 352, 341),
(7006, 12, '2024-01-15', 352, 342),
(7007, 19, '2024-01-15', 352, 343),
(7008, 22, '2024-01-15', 352, 344),
(7009, 10, '2024-01-15', 352, 345),
(7010, 26, '2024-01-15', 352, 346),
(7011, 21, '2024-01-15', 352, 347),
(7012, 26, '2024-01-15', 352, 348),
(7013, 27, '2024-01-15', 352, 349),
(7014, 18, '2024-01-15', 352, 350),
(7015, 7, '2024-01-15', 352, 351),
(7016, 20, '2024-01-15', 352, 353),
(7017, 1, '2024-01-15', 352, 354),
(7018, 22, '2024-01-15', 352, 355),
(7019, 28, '2024-01-15', 352, 356),
(7020, 35, '2024-01-15', 353, 334),
(7021, 11, '2024-01-15', 353, 335),
(7022, 27, '2024-01-15', 353, 336),
(7023, 24, '2024-01-15', 353, 337),
(7024, 1, '2024-01-15', 353, 338),
(7025, 10, '2024-01-15', 353, 339),
(7026, 9, '2024-01-15', 353, 340),
(7027, 12, '2024-01-15', 353, 341),
(7028, 32, '2024-01-15', 353, 342),
(7029, 7, '2024-01-15', 353, 343),
(7030, 15, '2024-01-15', 353, 344),
(7031, 16, '2024-01-15', 353, 345),
(7032, 35, '2024-01-15', 353, 346),
(7033, 7, '2024-01-15', 353, 347),
(7034, 9, '2024-01-15', 353, 348),
(7035, 23, '2024-01-15', 353, 349),
(7036, 11, '2024-01-15', 353, 350),
(7037, 25, '2024-01-15', 353, 351),
(7038, 14, '2024-01-15', 353, 352),
(7039, 32, '2024-01-15', 353, 354),
(7040, 38, '2024-01-15', 353, 355),
(7041, 16, '2024-01-15', 353, 356),
(7042, 6, '2024-01-15', 354, 334),
(7043, 18, '2024-01-15', 354, 335),
(7044, 35, '2024-01-15', 354, 336),
(7045, 4, '2024-01-15', 354, 337),
(7046, 30, '2024-01-15', 354, 338),
(7047, 22, '2024-01-15', 354, 339),
(7048, 18, '2024-01-15', 354, 340),
(7049, 22, '2024-01-15', 354, 341),
(7050, 19, '2024-01-15', 354, 342),
(7051, 29, '2024-01-15', 354, 343),
(7052, 8, '2024-01-15', 354, 344),
(7053, 30, '2024-01-15', 354, 345),
(7054, 10, '2024-01-15', 354, 346),
(7055, 36, '2024-01-15', 354, 347),
(7056, 32, '2024-01-15', 354, 348),
(7057, 15, '2024-01-15', 354, 349),
(7058, 14, '2024-01-15', 354, 350),
(7059, 28, '2024-01-15', 354, 351),
(7060, 17, '2024-01-15', 354, 352),
(7061, 1, '2024-01-15', 354, 353),
(7062, 32, '2024-01-15', 354, 355),
(7063, 38, '2024-01-15', 354, 356),
(7064, 17, '2024-01-15', 355, 334),
(7065, 10, '2024-01-15', 355, 335),
(7066, 35, '2024-01-15', 355, 336),
(7067, 29, '2024-01-15', 355, 337),
(7068, 39, '2024-01-15', 355, 338),
(7069, 31, '2024-01-15', 355, 339),
(7070, 35, '2024-01-15', 355, 340),
(7071, 7, '2024-01-15', 355, 341),
(7072, 4, '2024-01-15', 355, 342),
(7073, 39, '2024-01-15', 355, 343),
(7074, 26, '2024-01-15', 355, 344),
(7075, 14, '2024-01-15', 355, 345),
(7076, 30, '2024-01-15', 355, 346),
(7077, 30, '2024-01-15', 355, 347),
(7078, 22, '2024-01-15', 355, 348),
(7079, 16, '2024-01-15', 355, 349),
(7080, 15, '2024-01-15', 355, 350),
(7081, 28, '2024-01-15', 355, 351),
(7082, 14, '2024-01-15', 355, 352),
(7083, 24, '2024-01-15', 355, 353),
(7084, 37, '2024-01-15', 355, 354),
(7085, 38, '2024-01-15', 355, 356),
(7086, 1, '2024-01-15', 356, 334),
(7087, 6, '2024-01-15', 356, 335),
(7088, 28, '2024-01-15', 356, 336),
(7089, 3, '2024-01-15', 356, 337),
(7090, 11, '2024-01-15', 356, 338),
(7091, 3, '2024-01-15', 356, 339),
(7092, 22, '2024-01-15', 356, 340),
(7093, 21, '2024-01-15', 356, 341),
(7094, 39, '2024-01-15', 356, 342),
(7095, 13, '2024-01-15', 356, 343),
(7096, 28, '2024-01-15', 356, 344),
(7097, 23, '2024-01-15', 356, 345),
(7098, 29, '2024-01-15', 356, 346),
(7099, 35, '2024-01-15', 356, 347),
(7100, 12, '2024-01-15', 356, 348),
(7101, 30, '2024-01-15', 356, 349),
(7102, 35, '2024-01-15', 356, 350),
(7103, 9, '2024-01-15', 356, 351),
(7104, 17, '2024-01-15', 356, 352),
(7105, 18, '2024-01-15', 356, 353),
(7106, 1, '2024-01-15', 356, 354),
(7107, 26, '2024-01-15', 356, 355),
(7108, 12, '2024-01-15', 27, 2),
(7109, 19, '2024-01-15', 27, 3),
(7110, 20, '2024-01-15', 27, 4),
(7111, 4, '2024-01-15', 27, 5),
(7112, 38, '2024-01-15', 27, 6),
(7113, 20, '2024-01-15', 27, 7),
(7114, 24, '2024-01-15', 27, 8),
(7115, 23, '2024-01-15', 27, 9),
(7116, 1, '2024-01-15', 27, 10),
(7117, 13, '2024-01-15', 27, 21),
(7118, 25, '2024-01-15', 27, 22),
(7119, 6, '2024-01-15', 27, 23),
(7120, 32, '2024-01-15', 27, 24),
(7121, 23, '2024-01-15', 27, 25),
(7122, 20, '2024-01-15', 27, 26),
(7123, 29, '2024-01-15', 27, 28),
(7124, 6, '2024-01-15', 27, 29),
(7125, 22, '2024-01-15', 27, 30),
(7126, 12, '2024-01-15', 27, 31),
(7127, 34, '2024-01-15', 27, 32),
(7128, 16, '2024-01-15', 27, 33),
(7129, 19, '2024-01-15', 27, 34),
(7130, 4, '2024-01-15', 27, 37),
(7131, 4, '2024-01-15', 28, 2),
(7132, 8, '2024-01-15', 28, 3),
(7133, 27, '2024-01-15', 28, 4),
(7134, 31, '2024-01-15', 28, 5),
(7135, 35, '2024-01-15', 28, 6),
(7136, 3, '2024-01-15', 28, 7),
(7137, 27, '2024-01-15', 28, 8),
(7138, 7, '2024-01-15', 28, 9),
(7139, 33, '2024-01-15', 28, 10),
(7140, 26, '2024-01-15', 28, 21),
(7141, 30, '2024-01-15', 28, 22),
(7142, 33, '2024-01-15', 28, 23),
(7143, 36, '2024-01-15', 28, 24),
(7144, 1, '2024-01-15', 28, 25),
(7145, 15, '2024-01-15', 28, 26),
(7146, 30, '2024-01-15', 28, 27),
(7147, 29, '2024-01-15', 28, 29),
(7148, 14, '2024-01-15', 28, 30),
(7149, 24, '2024-01-15', 28, 31),
(7150, 38, '2024-01-15', 28, 32),
(7151, 37, '2024-01-15', 28, 33),
(7152, 34, '2024-01-15', 28, 34),
(7153, 21, '2024-01-15', 28, 37),
(7154, 38, '2024-01-15', 29, 2),
(7155, 11, '2024-01-15', 29, 3),
(7156, 19, '2024-01-15', 29, 4),
(7157, 22, '2024-01-15', 29, 5),
(7158, 14, '2024-01-15', 29, 6),
(7159, 3, '2024-01-15', 29, 7),
(7160, 12, '2024-01-15', 29, 8),
(7161, 13, '2024-01-15', 29, 9),
(7162, 27, '2024-01-15', 29, 10),
(7163, 19, '2024-01-15', 29, 21),
(7164, 12, '2024-01-15', 29, 22),
(7165, 1, '2024-01-15', 29, 23),
(7166, 10, '2024-01-15', 29, 24),
(7167, 6, '2024-01-15', 29, 25),
(7168, 39, '2024-01-15', 29, 26),
(7169, 19, '2024-01-15', 29, 27),
(7170, 16, '2024-01-15', 29, 28),
(7171, 23, '2024-01-15', 29, 30),
(7172, 26, '2024-01-15', 29, 31),
(7173, 25, '2024-01-15', 29, 32),
(7174, 5, '2024-01-15', 29, 33),
(7175, 30, '2024-01-15', 29, 34),
(7176, 15, '2024-01-15', 29, 37),
(7177, 24, '2024-01-15', 30, 2),
(7178, 34, '2024-01-15', 30, 3),
(7179, 19, '2024-01-15', 30, 4),
(7180, 34, '2024-01-15', 30, 5),
(7181, 36, '2024-01-15', 30, 6),
(7182, 35, '2024-01-15', 30, 7),
(7183, 28, '2024-01-15', 30, 8),
(7184, 36, '2024-01-15', 30, 9),
(7185, 15, '2024-01-15', 30, 10),
(7186, 8, '2024-01-15', 30, 21),
(7187, 32, '2024-01-15', 30, 22),
(7188, 21, '2024-01-15', 30, 23),
(7189, 5, '2024-01-15', 30, 24),
(7190, 4, '2024-01-15', 30, 25),
(7191, 1, '2024-01-15', 30, 26),
(7192, 35, '2024-01-15', 30, 27),
(7193, 14, '2024-01-15', 30, 28),
(7194, 5, '2024-01-15', 30, 29),
(7195, 21, '2024-01-15', 30, 31),
(7196, 12, '2024-01-15', 30, 32),
(7197, 36, '2024-01-15', 30, 33),
(7198, 26, '2024-01-15', 30, 34),
(7199, 21, '2024-01-15', 30, 37),
(7200, 28, '2024-01-15', 31, 2),
(7201, 36, '2024-01-15', 31, 3),
(7202, 17, '2024-01-15', 31, 4),
(7203, 14, '2024-01-15', 31, 5),
(7204, 21, '2024-01-15', 31, 6),
(7205, 21, '2024-01-15', 31, 7),
(7206, 3, '2024-01-15', 31, 8),
(7207, 31, '2024-01-15', 31, 9),
(7208, 27, '2024-01-15', 31, 10),
(7209, 3, '2024-01-15', 31, 21),
(7210, 11, '2024-01-15', 31, 22),
(7211, 7, '2024-01-15', 31, 23),
(7212, 1, '2024-01-15', 31, 24),
(7213, 25, '2024-01-15', 31, 25),
(7214, 1, '2024-01-15', 31, 26),
(7215, 10, '2024-01-15', 31, 27),
(7216, 7, '2024-01-15', 31, 28),
(7217, 2, '2024-01-15', 31, 29),
(7218, 30, '2024-01-15', 31, 30),
(7219, 26, '2024-01-15', 31, 32),
(7220, 39, '2024-01-15', 31, 33),
(7221, 1, '2024-01-15', 31, 34),
(7222, 4, '2024-01-15', 31, 37),
(7223, 16, '2024-01-15', 32, 2),
(7224, 27, '2024-01-15', 32, 3),
(7225, 11, '2024-01-15', 32, 4),
(7226, 10, '2024-01-15', 32, 5),
(7227, 20, '2024-01-15', 32, 6),
(7228, 27, '2024-01-15', 32, 7),
(7229, 38, '2024-01-15', 32, 8),
(7230, 30, '2024-01-15', 32, 9),
(7231, 34, '2024-01-15', 32, 10),
(7232, 1, '2024-01-15', 32, 21),
(7233, 21, '2024-01-15', 32, 22),
(7234, 22, '2024-01-15', 32, 23),
(7235, 9, '2024-01-15', 32, 24),
(7236, 15, '2024-01-15', 32, 25),
(7237, 11, '2024-01-15', 32, 26),
(7238, 9, '2024-01-15', 32, 27),
(7239, 12, '2024-01-15', 32, 28),
(7240, 30, '2024-01-15', 32, 29),
(7241, 37, '2024-01-15', 32, 30),
(7242, 17, '2024-01-15', 32, 31),
(7243, 12, '2024-01-15', 32, 33),
(7244, 7, '2024-01-15', 32, 34),
(7245, 2, '2024-01-15', 32, 37),
(7246, 24, '2024-01-15', 33, 2),
(7247, 36, '2024-01-15', 33, 3),
(7248, 31, '2024-01-15', 33, 4),
(7249, 6, '2024-01-15', 33, 5),
(7250, 13, '2024-01-15', 33, 6),
(7251, 11, '2024-01-15', 33, 7),
(7252, 13, '2024-01-15', 33, 8),
(7253, 32, '2024-01-15', 33, 9),
(7254, 3, '2024-01-15', 33, 10),
(7255, 37, '2024-01-15', 33, 21),
(7256, 18, '2024-01-15', 33, 22),
(7257, 19, '2024-01-15', 33, 23),
(7258, 3, '2024-01-15', 33, 24),
(7259, 32, '2024-01-15', 33, 25),
(7260, 35, '2024-01-15', 33, 26),
(7261, 39, '2024-01-15', 33, 27),
(7262, 12, '2024-01-15', 33, 28),
(7263, 22, '2024-01-15', 33, 29),
(7264, 35, '2024-01-15', 33, 30),
(7265, 29, '2024-01-15', 33, 31),
(7266, 1, '2024-01-15', 33, 32),
(7267, 35, '2024-01-15', 33, 34),
(7268, 17, '2024-01-15', 33, 37),
(7269, 17, '2024-01-15', 34, 2),
(7270, 33, '2024-01-15', 34, 3),
(7271, 38, '2024-01-15', 34, 4),
(7272, 10, '2024-01-15', 34, 5),
(7273, 14, '2024-01-15', 34, 6),
(7274, 38, '2024-01-15', 34, 7),
(7275, 32, '2024-01-15', 34, 8),
(7276, 4, '2024-01-15', 34, 9),
(7277, 4, '2024-01-15', 34, 10),
(7278, 8, '2024-01-15', 34, 21),
(7279, 25, '2024-01-15', 34, 22),
(7280, 25, '2024-01-15', 34, 23),
(7281, 8, '2024-01-15', 34, 24),
(7282, 3, '2024-01-15', 34, 25),
(7283, 31, '2024-01-15', 34, 26),
(7284, 28, '2024-01-15', 34, 27),
(7285, 7, '2024-01-15', 34, 28),
(7286, 29, '2024-01-15', 34, 29),
(7287, 8, '2024-01-15', 34, 30),
(7288, 29, '2024-01-15', 34, 31),
(7289, 2, '2024-01-15', 34, 32),
(7290, 2, '2024-01-15', 34, 33),
(7291, 5, '2024-01-15', 34, 37),
(7292, 19, '2024-01-15', 3, 2),
(7293, 2, '2024-01-15', 3, 4),
(7294, 29, '2024-01-15', 3, 5),
(7295, 21, '2024-01-15', 3, 6),
(7296, 20, '2024-01-15', 3, 7),
(7297, 34, '2024-01-15', 3, 8),
(7298, 33, '2024-01-15', 3, 9),
(7299, 22, '2024-01-15', 3, 10),
(7300, 10, '2024-01-15', 3, 21),
(7301, 22, '2024-01-15', 3, 22),
(7302, 3, '2024-01-15', 3, 23),
(7303, 28, '2024-01-15', 3, 24),
(7304, 10, '2024-01-15', 3, 25),
(7305, 6, '2024-01-15', 3, 26),
(7306, 39, '2024-01-15', 3, 27),
(7307, 22, '2024-01-15', 3, 28),
(7308, 29, '2024-01-15', 3, 29),
(7309, 2, '2024-01-15', 3, 30),
(7310, 38, '2024-01-15', 3, 31),
(7311, 28, '2024-01-15', 3, 32),
(7312, 25, '2024-01-15', 3, 33),
(7313, 39, '2024-01-15', 3, 34),
(7314, 4, '2024-01-15', 3, 37),
(7315, 19, '2024-01-15', 21, 2),
(7316, 5, '2024-01-15', 21, 3),
(7317, 8, '2024-01-15', 21, 4),
(7318, 23, '2024-01-15', 21, 5),
(7319, 15, '2024-01-15', 21, 6),
(7320, 2, '2024-01-15', 21, 7),
(7321, 7, '2024-01-15', 21, 8),
(7322, 26, '2024-01-15', 21, 9),
(7323, 30, '2024-01-15', 21, 10),
(7324, 34, '2024-01-15', 21, 22),
(7325, 38, '2024-01-15', 21, 23),
(7326, 11, '2024-01-15', 21, 24),
(7327, 20, '2024-01-15', 21, 25),
(7328, 28, '2024-01-15', 21, 26),
(7329, 2, '2024-01-15', 21, 27),
(7330, 1, '2024-01-15', 21, 28),
(7331, 38, '2024-01-15', 21, 29),
(7332, 32, '2024-01-15', 21, 30),
(7333, 4, '2024-01-15', 21, 31),
(7334, 3, '2024-01-15', 21, 32),
(7335, 1, '2024-01-15', 21, 33),
(7336, 35, '2024-01-15', 21, 34),
(7337, 15, '2024-01-15', 21, 37),
(7338, 7, '2024-01-15', 24, 2),
(7339, 30, '2024-01-15', 24, 3),
(7340, 11, '2024-01-15', 24, 4),
(7341, 3, '2024-01-15', 24, 5),
(7342, 19, '2024-01-15', 24, 6),
(7343, 10, '2024-01-15', 24, 7),
(7344, 31, '2024-01-15', 24, 8),
(7345, 8, '2024-01-15', 24, 9),
(7346, 22, '2024-01-15', 24, 10),
(7347, 9, '2024-01-15', 24, 21),
(7348, 18, '2024-01-15', 24, 22),
(7349, 23, '2024-01-15', 24, 23),
(7350, 23, '2024-01-15', 24, 25),
(7351, 7, '2024-01-15', 24, 26),
(7352, 5, '2024-01-15', 24, 27),
(7353, 3, '2024-01-15', 24, 28),
(7354, 37, '2024-01-15', 24, 29),
(7355, 20, '2024-01-15', 24, 30),
(7356, 29, '2024-01-15', 24, 31),
(7357, 6, '2024-01-15', 24, 32),
(7358, 21, '2024-01-15', 24, 33),
(7359, 9, '2024-01-15', 24, 34),
(7360, 20, '2024-01-15', 24, 37),
(7361, 34, '2024-01-15', 25, 2),
(7362, 30, '2024-01-15', 25, 3),
(7363, 11, '2024-01-15', 25, 4),
(7364, 2, '2024-01-15', 25, 5),
(7365, 15, '2024-01-15', 25, 6),
(7366, 28, '2024-01-15', 25, 7),
(7367, 19, '2024-01-15', 25, 8),
(7368, 10, '2024-01-15', 25, 9),
(7369, 32, '2024-01-15', 25, 10),
(7370, 13, '2024-01-15', 25, 21),
(7371, 9, '2024-01-15', 25, 22),
(7372, 3, '2024-01-15', 25, 23),
(7373, 29, '2024-01-15', 25, 24),
(7374, 16, '2024-01-15', 25, 26),
(7375, 34, '2024-01-15', 25, 27),
(7376, 4, '2024-01-15', 25, 28),
(7377, 35, '2024-01-15', 25, 29),
(7378, 4, '2024-01-15', 25, 30),
(7379, 32, '2024-01-15', 25, 31),
(7380, 30, '2024-01-15', 25, 32),
(7381, 17, '2024-01-15', 25, 33),
(7382, 32, '2024-01-15', 25, 34),
(7383, 32, '2024-01-15', 25, 37),
(7384, 22, '2024-01-15', 2, 3),
(7385, 16, '2024-01-15', 2, 4),
(7386, 14, '2024-01-15', 2, 5),
(7387, 22, '2024-01-15', 2, 6),
(7388, 29, '2024-01-15', 2, 7),
(7389, 39, '2024-01-15', 2, 8),
(7390, 27, '2024-01-15', 2, 9),
(7391, 19, '2024-01-15', 2, 10),
(7392, 13, '2024-01-15', 2, 21),
(7393, 7, '2024-01-15', 2, 22),
(7394, 34, '2024-01-15', 2, 23),
(7395, 34, '2024-01-15', 2, 24),
(7396, 28, '2024-01-15', 2, 25),
(7397, 39, '2024-01-15', 2, 26),
(7398, 30, '2024-01-15', 2, 27),
(7399, 35, '2024-01-15', 2, 28),
(7400, 6, '2024-01-15', 2, 29),
(7401, 3, '2024-01-15', 2, 30),
(7402, 35, '2024-01-15', 2, 31),
(7403, 8, '2024-01-15', 2, 32),
(7404, 15, '2024-01-15', 2, 33),
(7405, 11, '2024-01-15', 2, 34),
(7406, 8, '2024-01-15', 2, 37),
(7407, 6, '2024-01-15', 4, 2),
(7408, 7, '2024-01-15', 4, 3),
(7409, 15, '2024-01-15', 4, 5),
(7410, 15, '2024-01-15', 4, 6),
(7411, 29, '2024-01-15', 4, 7),
(7412, 22, '2024-01-15', 4, 8),
(7413, 25, '2024-01-15', 4, 9),
(7414, 16, '2024-01-15', 4, 10),
(7415, 6, '2024-01-15', 4, 21),
(7416, 19, '2024-01-15', 4, 22),
(7417, 37, '2024-01-15', 4, 23),
(7418, 12, '2024-01-15', 4, 24),
(7419, 28, '2024-01-15', 4, 25),
(7420, 24, '2024-01-15', 4, 26),
(7421, 37, '2024-01-15', 4, 27),
(7422, 35, '2024-01-15', 4, 28),
(7423, 23, '2024-01-15', 4, 29),
(7424, 10, '2024-01-15', 4, 30),
(7425, 20, '2024-01-15', 4, 31),
(7426, 31, '2024-01-15', 4, 32),
(7427, 17, '2024-01-15', 4, 33),
(7428, 29, '2024-01-15', 4, 34),
(7429, 15, '2024-01-15', 4, 37),
(7430, 28, '2024-01-15', 22, 2),
(7431, 15, '2024-01-15', 22, 3),
(7432, 32, '2024-01-15', 22, 4),
(7433, 34, '2024-01-15', 22, 5),
(7434, 37, '2024-01-15', 22, 6),
(7435, 4, '2024-01-15', 22, 7),
(7436, 24, '2024-01-15', 22, 8),
(7437, 32, '2024-01-15', 22, 9),
(7438, 7, '2024-01-15', 22, 10),
(7439, 19, '2024-01-15', 22, 21),
(7440, 34, '2024-01-15', 22, 23),
(7441, 36, '2024-01-15', 22, 24),
(7442, 35, '2024-01-15', 22, 25),
(7443, 30, '2024-01-15', 22, 26),
(7444, 6, '2024-01-15', 22, 27),
(7445, 15, '2024-01-15', 22, 28),
(7446, 17, '2024-01-15', 22, 29),
(7447, 3, '2024-01-15', 22, 30),
(7448, 3, '2024-01-15', 22, 31),
(7449, 6, '2024-01-15', 22, 32),
(7450, 20, '2024-01-15', 22, 33),
(7451, 2, '2024-01-15', 22, 34),
(7452, 26, '2024-01-15', 22, 37),
(7453, 9, '2024-01-15', 23, 2),
(7454, 7, '2024-01-15', 23, 3),
(7455, 5, '2024-01-15', 23, 4),
(7456, 6, '2024-01-15', 23, 5),
(7457, 11, '2024-01-15', 23, 6),
(7458, 39, '2024-01-15', 23, 7),
(7459, 7, '2024-01-15', 23, 8),
(7460, 33, '2024-01-15', 23, 9),
(7461, 26, '2024-01-15', 23, 10),
(7462, 30, '2024-01-15', 23, 21),
(7463, 32, '2024-01-15', 23, 22),
(7464, 32, '2024-01-15', 23, 24),
(7465, 22, '2024-01-15', 23, 25),
(7466, 16, '2024-01-15', 23, 26),
(7467, 13, '2024-01-15', 23, 27),
(7468, 14, '2024-01-15', 23, 28),
(7469, 34, '2024-01-15', 23, 29),
(7470, 10, '2024-01-15', 23, 30),
(7471, 24, '2024-01-15', 23, 31),
(7472, 11, '2024-01-15', 23, 32),
(7473, 22, '2024-01-15', 23, 33),
(7474, 39, '2024-01-15', 23, 34),
(7475, 12, '2024-01-15', 23, 37),
(7476, 19, '2024-01-15', 26, 2),
(7477, 22, '2024-01-15', 26, 3),
(7478, 12, '2024-01-15', 26, 4),
(7479, 31, '2024-01-15', 26, 5),
(7480, 5, '2024-01-15', 26, 6),
(7481, 6, '2024-01-15', 26, 7),
(7482, 14, '2024-01-15', 26, 8),
(7483, 15, '2024-01-15', 26, 9),
(7484, 33, '2024-01-15', 26, 10),
(7485, 39, '2024-01-15', 26, 21),
(7486, 17, '2024-01-15', 26, 22),
(7487, 10, '2024-01-15', 26, 23),
(7488, 35, '2024-01-15', 26, 24),
(7489, 27, '2024-01-15', 26, 25),
(7490, 29, '2024-01-15', 26, 27),
(7491, 27, '2024-01-15', 26, 28),
(7492, 9, '2024-01-15', 26, 29),
(7493, 38, '2024-01-15', 26, 30),
(7494, 9, '2024-01-15', 26, 31),
(7495, 10, '2024-01-15', 26, 32),
(7496, 21, '2024-01-15', 26, 33),
(7497, 36, '2024-01-15', 26, 34),
(7498, 39, '2024-01-15', 26, 37),
(7499, 8, '2024-01-15', 5, 2),
(7500, 39, '2024-01-15', 5, 3),
(7501, 13, '2024-01-15', 5, 4),
(7502, 29, '2024-01-15', 5, 6),
(7503, 25, '2024-01-15', 5, 7),
(7504, 37, '2024-01-15', 5, 8),
(7505, 31, '2024-01-15', 5, 9),
(7506, 7, '2024-01-15', 5, 10),
(7507, 17, '2024-01-15', 5, 21),
(7508, 26, '2024-01-15', 5, 22),
(7509, 38, '2024-01-15', 5, 23),
(7510, 36, '2024-01-15', 5, 24),
(7511, 23, '2024-01-15', 5, 25),
(7512, 10, '2024-01-15', 5, 26),
(7513, 19, '2024-01-15', 5, 27),
(7514, 26, '2024-01-15', 5, 28),
(7515, 31, '2024-01-15', 5, 29),
(7516, 39, '2024-01-15', 5, 30),
(7517, 21, '2024-01-15', 5, 31),
(7518, 30, '2024-01-15', 5, 32),
(7519, 7, '2024-01-15', 5, 33),
(7520, 23, '2024-01-15', 5, 34),
(7521, 16, '2024-01-15', 5, 37),
(7522, 8, '2024-01-15', 6, 2),
(7523, 32, '2024-01-15', 6, 3),
(7524, 19, '2024-01-15', 6, 4),
(7525, 36, '2024-01-15', 6, 5),
(7526, 8, '2024-01-15', 6, 7),
(7527, 8, '2024-01-15', 6, 8),
(7528, 17, '2024-01-15', 6, 9),
(7529, 23, '2024-01-15', 6, 10),
(7530, 21, '2024-01-15', 6, 21),
(7531, 37, '2024-01-15', 6, 22),
(7532, 6, '2024-01-15', 6, 23),
(7533, 36, '2024-01-15', 6, 24),
(7534, 4, '2024-01-15', 6, 25),
(7535, 27, '2024-01-15', 6, 26),
(7536, 6, '2024-01-15', 6, 27),
(7537, 26, '2024-01-15', 6, 28),
(7538, 33, '2024-01-15', 6, 29),
(7539, 9, '2024-01-15', 6, 30);
INSERT INTO `partido` (`ID_partido`, `Arbitro`, `Fecha`, `Local`, `Visitante`) VALUES
(7540, 22, '2024-01-15', 6, 31),
(7541, 4, '2024-01-15', 6, 32),
(7542, 34, '2024-01-15', 6, 33),
(7543, 2, '2024-01-15', 6, 34),
(7544, 22, '2024-01-15', 6, 37),
(7545, 25, '2024-01-15', 7, 2),
(7546, 22, '2024-01-15', 7, 3),
(7547, 34, '2024-01-15', 7, 4),
(7548, 27, '2024-01-15', 7, 5),
(7549, 32, '2024-01-15', 7, 6),
(7550, 39, '2024-01-15', 7, 8),
(7551, 19, '2024-01-15', 7, 9),
(7552, 16, '2024-01-15', 7, 10),
(7553, 25, '2024-01-15', 7, 21),
(7554, 38, '2024-01-15', 7, 22),
(7555, 37, '2024-01-15', 7, 23),
(7556, 32, '2024-01-15', 7, 24),
(7557, 7, '2024-01-15', 7, 25),
(7558, 19, '2024-01-15', 7, 26),
(7559, 35, '2024-01-15', 7, 27),
(7560, 38, '2024-01-15', 7, 28),
(7561, 8, '2024-01-15', 7, 29),
(7562, 4, '2024-01-15', 7, 30),
(7563, 34, '2024-01-15', 7, 31),
(7564, 3, '2024-01-15', 7, 32),
(7565, 28, '2024-01-15', 7, 33),
(7566, 12, '2024-01-15', 7, 34),
(7567, 17, '2024-01-15', 7, 37),
(7568, 10, '2024-01-15', 8, 2),
(7569, 35, '2024-01-15', 8, 3),
(7570, 28, '2024-01-15', 8, 4),
(7571, 33, '2024-01-15', 8, 5),
(7572, 4, '2024-01-15', 8, 6),
(7573, 38, '2024-01-15', 8, 7),
(7574, 21, '2024-01-15', 8, 9),
(7575, 31, '2024-01-15', 8, 10),
(7576, 11, '2024-01-15', 8, 21),
(7577, 3, '2024-01-15', 8, 22),
(7578, 18, '2024-01-15', 8, 23),
(7579, 5, '2024-01-15', 8, 24),
(7580, 7, '2024-01-15', 8, 25),
(7581, 22, '2024-01-15', 8, 26),
(7582, 11, '2024-01-15', 8, 27),
(7583, 28, '2024-01-15', 8, 28),
(7584, 27, '2024-01-15', 8, 29),
(7585, 10, '2024-01-15', 8, 30),
(7586, 10, '2024-01-15', 8, 31),
(7587, 17, '2024-01-15', 8, 32),
(7588, 18, '2024-01-15', 8, 33),
(7589, 38, '2024-01-15', 8, 34),
(7590, 18, '2024-01-15', 8, 37),
(7591, 16, '2024-01-15', 9, 2),
(7592, 24, '2024-01-15', 9, 3),
(7593, 34, '2024-01-15', 9, 4),
(7594, 20, '2024-01-15', 9, 5),
(7595, 35, '2024-01-15', 9, 6),
(7596, 36, '2024-01-15', 9, 7),
(7597, 35, '2024-01-15', 9, 8),
(7598, 28, '2024-01-15', 9, 10),
(7599, 35, '2024-01-15', 9, 21),
(7600, 12, '2024-01-15', 9, 22),
(7601, 35, '2024-01-15', 9, 23),
(7602, 18, '2024-01-15', 9, 24),
(7603, 25, '2024-01-15', 9, 25),
(7604, 31, '2024-01-15', 9, 26),
(7605, 39, '2024-01-15', 9, 27),
(7606, 27, '2024-01-15', 9, 28),
(7607, 15, '2024-01-15', 9, 29),
(7608, 32, '2024-01-15', 9, 30),
(7609, 39, '2024-01-15', 9, 31),
(7610, 21, '2024-01-15', 9, 32),
(7611, 24, '2024-01-15', 9, 33),
(7612, 18, '2024-01-15', 9, 34),
(7613, 16, '2024-01-15', 9, 37),
(7614, 25, '2024-01-15', 10, 2),
(7615, 1, '2024-01-15', 10, 3),
(7616, 6, '2024-01-15', 10, 4),
(7617, 26, '2024-01-15', 10, 5),
(7618, 34, '2024-01-15', 10, 6),
(7619, 15, '2024-01-15', 10, 7),
(7620, 12, '2024-01-15', 10, 8),
(7621, 14, '2024-01-15', 10, 9),
(7622, 35, '2024-01-15', 10, 21),
(7623, 13, '2024-01-15', 10, 22),
(7624, 1, '2024-01-15', 10, 23),
(7625, 3, '2024-01-15', 10, 24),
(7626, 10, '2024-01-15', 10, 25),
(7627, 4, '2024-01-15', 10, 26),
(7628, 26, '2024-01-15', 10, 27),
(7629, 2, '2024-01-15', 10, 28),
(7630, 8, '2024-01-15', 10, 29),
(7631, 35, '2024-01-15', 10, 30),
(7632, 31, '2024-01-15', 10, 31),
(7633, 12, '2024-01-15', 10, 32),
(7634, 7, '2024-01-15', 10, 33),
(7635, 35, '2024-01-15', 10, 34),
(7636, 37, '2024-01-15', 10, 37);

-- --------------------------------------------------------

--
-- Estructura de tabla para la tabla `penalti`
--

CREATE TABLE `penalti` (
  `Suceso` int(11) NOT NULL,
  `infractor` int(11) DEFAULT NULL
) ENGINE=InnoDB DEFAULT CHARSET=utf8mb4 COLLATE=utf8mb4_general_ci;

-- --------------------------------------------------------

--
-- Estructura de tabla para la tabla `posiciones`
--

CREATE TABLE `posiciones` (
  `ID_posicion` int(11) NOT NULL,
  `Posicion` varchar(50) DEFAULT NULL
) ENGINE=InnoDB DEFAULT CHARSET=utf8mb4 COLLATE=utf8mb4_general_ci;

--
-- Volcado de datos para la tabla `posiciones`
--

INSERT INTO `posiciones` (`ID_posicion`, `Posicion`) VALUES
(1, 'Delantero'),
(2, 'Centrocampista'),
(3, 'Defensa'),
(4, 'Portero'),
(5, 'Extremo derecho'),
(6, 'Extremo izquierdo'),
(7, 'Mediocampista defensivo'),
(8, 'Mediocampista ofensivo'),
(9, 'Lateral derecho'),
(10, 'Lateral izquierdo'),
(11, 'Defensa central derecho'),
(12, 'Defensa central izquierdo'),
(13, 'Guardameta'),
(14, 'Carrilero derecho'),
(15, 'Carrilero izquierdo'),
(16, 'Enganche'),
(17, 'Interior derecho'),
(18, 'Interior izquierdo'),
(19, 'Volante'),
(20, 'Libero'),
(21, 'Centrocampista central'),
(22, 'Centrocampista lateral'),
(23, 'Delantero centro'),
(24, 'Delantero por fuera'),
(25, 'Delantero por dentro'),
(26, 'Punta');

-- --------------------------------------------------------

--
-- Estructura de tabla para la tabla `premios`
--

CREATE TABLE `premios` (
  `ID_Premio` int(11) NOT NULL,
  `Premio` varchar(50) DEFAULT NULL
) ENGINE=InnoDB DEFAULT CHARSET=utf8mb4 COLLATE=utf8mb4_general_ci;

--
-- Volcado de datos para la tabla `premios`
--

INSERT INTO `premios` (`ID_Premio`, `Premio`) VALUES
(1, 'Balón de Oro'),
(2, 'FIFA The Best'),
(3, 'Bota de Oro'),
(4, 'Mejor Jugador de la UEFA'),
(5, 'Jugador del Año de la Premier League'),
(6, 'Balón de Oro de la Liga'),
(7, 'Jugador del Torneo de la Copa Mundial de la FIFA'),
(8, 'Jugador del Torneo de la UEFA Champions League'),
(9, 'Jugador del Año del club');

-- --------------------------------------------------------

--
-- Estructura de tabla para la tabla `roja`
--

CREATE TABLE `roja` (
  `Suceso` int(11) NOT NULL,
  `infractor` int(11) DEFAULT NULL
) ENGINE=InnoDB DEFAULT CHARSET=utf8mb4 COLLATE=utf8mb4_general_ci;

-- --------------------------------------------------------

--
-- Estructura de tabla para la tabla `staff`
--

CREATE TABLE `staff` (
  `Entrenador` int(11) DEFAULT NULL,
  `Trabajador` int(11) DEFAULT NULL,
  `Fecha_inicio` date DEFAULT NULL,
  `Fecha_fin` date DEFAULT NULL
) ENGINE=InnoDB DEFAULT CHARSET=utf8mb4 COLLATE=utf8mb4_general_ci;

--
-- Volcado de datos para la tabla `staff`
--

INSERT INTO `staff` (`Entrenador`, `Trabajador`, `Fecha_inicio`, `Fecha_fin`) VALUES
(1, 1, '2022-01-01', '2022-12-31'),
(1, 2, '2022-01-01', '2022-12-31'),
(2, 3, '2022-01-01', '2022-12-31'),
(2, 4, '2022-01-01', '2022-12-31'),
(3, 5, '2022-01-01', '2022-12-31'),
(3, 6, '2022-01-01', '2022-12-31'),
(4, 7, '2022-01-01', '2022-12-31'),
(4, 8, '2022-01-01', '2022-12-31'),
(5, 9, '2022-01-01', '2022-12-31'),
(5, 10, '2022-01-01', '2022-12-31'),
(6, 11, '2022-01-01', '2022-12-31'),
(6, 12, '2022-01-01', '2022-12-31'),
(7, 13, '2022-01-01', '2022-12-31'),
(7, 14, '2022-01-01', '2022-12-31'),
(8, 15, '2022-01-01', '2022-12-31'),
(8, 16, '2022-01-01', '2022-12-31'),
(9, 17, '2022-01-01', '2022-12-31'),
(9, 18, '2022-01-01', '2022-12-31'),
(10, 19, '2022-01-01', '2022-12-31'),
(10, 20, '2022-01-01', '2022-12-31'),
(11, 21, '2022-01-01', '2022-12-31'),
(11, 22, '2022-01-01', '2022-12-31'),
(12, 23, '2022-01-01', '2022-12-31'),
(12, 24, '2022-01-01', '2022-12-31'),
(13, 25, '2022-01-01', '2022-12-31'),
(13, 26, '2022-01-01', '2022-12-31'),
(14, 27, '2022-01-01', '2022-12-31'),
(14, 28, '2022-01-01', '2022-12-31'),
(15, 29, '2022-01-01', '2022-12-31'),
(15, 30, '2022-01-01', '2022-12-31'),
(16, 31, '2022-01-01', '2022-12-31'),
(16, 32, '2022-01-01', '2022-12-31'),
(17, 33, '2022-01-01', '2022-12-31'),
(17, 34, '2022-01-01', '2022-12-31'),
(18, 35, '2022-01-01', '2022-12-31'),
(18, 36, '2022-01-01', '2022-12-31'),
(19, 37, '2022-01-01', '2022-12-31'),
(19, 38, '2022-01-01', '2022-12-31'),
(20, 39, '2022-01-01', '2022-12-31'),
(20, 40, '2022-01-01', '2022-12-31'),
(21, 41, '2022-01-01', '2022-12-31'),
(21, 42, '2022-01-01', '2022-12-31'),
(22, 43, '2022-01-01', '2022-12-31'),
(22, 44, '2022-01-01', '2022-12-31'),
(23, 45, '2022-01-01', '2022-12-31'),
(23, 46, '2022-01-01', '2022-12-31'),
(24, 47, '2022-01-01', '2022-12-31'),
(24, 48, '2022-01-01', '2022-12-31'),
(25, 49, '2022-01-01', '2022-12-31'),
(25, 50, '2022-01-01', '2022-12-31'),
(26, 51, '2022-01-01', '2022-12-31'),
(26, 52, '2022-01-01', '2022-12-31'),
(27, 53, '2022-01-01', '2022-12-31'),
(27, 54, '2022-01-01', '2022-12-31'),
(28, 55, '2022-01-01', '2022-12-31'),
(28, 56, '2022-01-01', '2022-12-31'),
(29, 57, '2022-01-01', '2022-12-31'),
(29, 58, '2022-01-01', '2022-12-31'),
(30, 59, '2022-01-01', '2022-12-31'),
(30, 60, '2022-01-01', '2022-12-31'),
(31, 61, '2022-01-01', '2022-12-31'),
(32, 62, '2022-01-01', '2022-12-31'),
(33, 63, '2022-01-01', '2022-12-31'),
(34, 64, '2022-01-01', '2022-12-31'),
(35, 65, '2022-01-01', '2022-12-31'),
(36, 66, '2022-01-01', '2022-12-31'),
(37, 67, '2022-01-01', '2022-12-31'),
(38, 68, '2022-01-01', '2022-12-31'),
(39, 69, '2022-01-01', '2022-12-31'),
(40, 70, '2022-01-01', '2022-12-31'),
(41, 71, '2022-01-01', '2022-12-31'),
(42, 72, '2022-01-01', '2022-12-31'),
(43, 73, '2022-01-01', '2022-12-31'),
(44, 74, '2022-01-01', '2022-12-31'),
(45, 75, '2022-01-01', '2022-12-31'),
(46, 76, '2022-01-01', '2022-12-31'),
(47, 77, '2022-01-01', '2022-12-31'),
(48, 78, '2022-01-01', '2022-12-31'),
(49, 79, '2022-01-01', '2022-12-31'),
(50, 80, '2022-01-01', '2022-12-31'),
(51, 81, '2022-01-01', '2022-12-31'),
(52, 82, '2022-01-01', '2022-12-31'),
(53, 83, '2022-01-01', '2022-12-31'),
(54, 84, '2022-01-01', '2022-12-31'),
(55, 85, '2022-01-01', '2022-12-31'),
(56, 86, '2022-01-01', '2022-12-31'),
(57, 87, '2022-01-01', '2022-12-31'),
(58, 88, '2022-01-01', '2022-12-31'),
(59, 89, '2022-01-01', '2022-12-31'),
(60, 90, '2022-01-01', '2022-12-31'),
(61, 91, '2022-01-01', '2022-12-31'),
(62, 92, '2022-01-01', '2022-12-31'),
(63, 93, '2022-01-01', '2022-12-31'),
(64, 94, '2022-01-01', '2022-12-31'),
(65, 95, '2022-01-01', '2022-12-31'),
(66, 96, '2022-01-01', '2022-12-31'),
(67, 97, '2022-01-01', '2022-12-31'),
(68, 98, '2022-01-01', '2022-12-31'),
(69, 99, '2022-01-01', '2022-12-31'),
(70, 100, '2022-01-01', '2022-12-31');

-- --------------------------------------------------------

--
-- Estructura de tabla para la tabla `sucesos`
--

CREATE TABLE `sucesos` (
  `ID_suceso` int(11) NOT NULL,
  `equipo` enum('local','visitante') DEFAULT NULL,
  `Min` int(11) DEFAULT NULL,
  `tipo` varchar(50) DEFAULT NULL,
  `Partido` int(11) DEFAULT NULL
) ENGINE=InnoDB DEFAULT CHARSET=utf8mb4 COLLATE=utf8mb4_general_ci;

-- --------------------------------------------------------

--
-- Estructura de tabla para la tabla `tener_beneficios`
--

CREATE TABLE `tener_beneficios` (
  `Beneficio` int(11) NOT NULL,
  `Cuota` int(11) NOT NULL
) ENGINE=InnoDB DEFAULT CHARSET=utf8mb4 COLLATE=utf8mb4_general_ci;

-- --------------------------------------------------------

--
-- Estructura de tabla para la tabla `tener_estadisticas`
--

CREATE TABLE `tener_estadisticas` (
  `Jugador` int(11) NOT NULL,
  `Estadistica` int(11) NOT NULL,
  `Temporada` int(11) DEFAULT NULL,
  `Numero` int(11) DEFAULT NULL
) ENGINE=InnoDB DEFAULT CHARSET=utf8mb4 COLLATE=utf8mb4_general_ci;

-- --------------------------------------------------------

--
-- Estructura de tabla para la tabla `trabajador`
--

CREATE TABLE `trabajador` (
  `ID_trabajador` int(11) NOT NULL,
  `Nombre` varchar(50) DEFAULT NULL,
  `Fecha_nac` date DEFAULT NULL,
  `id_CA` int(11) DEFAULT NULL
) ENGINE=InnoDB DEFAULT CHARSET=utf8mb4 COLLATE=utf8mb4_general_ci;

--
-- Volcado de datos para la tabla `trabajador`
--

INSERT INTO `trabajador` (`ID_trabajador`, `Nombre`, `Fecha_nac`, `id_CA`) VALUES
(1, 'Juan Pérez', '1990-05-15', 1),
(2, 'Ana López', '1985-08-20', 2),
(3, 'Carlos González', '1992-02-10', 3),
(4, 'María Rodríguez', '1988-11-03', 4),
(5, 'José Martínez', '1995-07-25', 5),
(6, 'Laura Sánchez', '1991-04-18', 6),
(7, 'Francisco Ramírez', '1987-09-12', 7),
(8, 'Elena Gómez', '1993-01-30', 8),
(9, 'Miguel Fernández', '1986-06-22', 9),
(10, 'Isabel Torres', '1994-03-08', 10),
(11, 'David Herrera', '1989-10-14', 11),
(12, 'Sara Jiménez', '1996-12-07', 12),
(13, 'Javier Castro', '1984-07-01', 13),
(14, 'Carmen Medina', '1997-09-05', 14),
(15, 'Antonio Vargas', '1983-04-29', 15),
(16, 'Rosa Mendoza', '1998-11-15', 16),
(17, 'Pedro Cruz', '1982-08-17', 17),
(18, 'Beatriz Ortega', '1999-02-02', 18),
(19, 'Alejandro Molina', '1981-05-20', 19),
(20, 'Natalia Gil', '2000-07-12', 20),
(21, 'Alberto Herrera', '1980-10-28', 21),
(22, 'Monica Torres', '2001-03-25', 22),
(23, 'Raul Pérez', '1979-06-14', 23),
(24, 'Patricia Martínez', '2002-09-08', 24),
(25, 'Raúl Gómez', '1978-01-18', 25),
(26, 'Leticia Ramírez', '2003-04-02', 26),
(27, 'Daniel Rodríguez', '1977-04-30', 27),
(28, 'Lucia Sánchez', '2004-08-14', 28),
(29, 'Roberto González', '1976-09-22', 29),
(30, 'Alicia Fernández', '2005-11-10', 30),
(31, 'Fernando Martínez', '1975-12-03', 31),
(32, 'Marina López', '2006-02-27', 32),
(33, 'Guillermo Torres', '1974-03-17', 33),
(34, 'Eva Ramírez', '2007-06-11', 34),
(35, 'Manuel Sánchez', '1973-08-05', 35),
(36, 'Olga González', '2008-10-29', 36),
(37, 'Jorge Rodríguez', '1972-11-15', 37),
(38, 'Nerea Martínez', '2009-01-22', 38),
(39, 'Sergio López', '1971-02-05', 39),
(40, 'Paula García', '2010-04-19', 40),
(41, 'Sandra Ruiz', '1991-07-18', 1),
(42, 'Adrian Torres', '1986-02-23', 2),
(43, 'Cristina Herrera', '1995-09-10', 3),
(44, 'Iván García', '1988-12-04', 4),
(45, 'Lorena Martínez', '1993-05-27', 5),
(46, 'Roberto Sánchez', '1987-10-21', 6),
(47, 'Elena López', '1992-03-15', 7),
(48, 'Javier Ramírez', '1985-06-08', 8),
(49, 'Natalia Rodríguez', '1990-11-02', 9),
(50, 'Miguel González', '1983-04-26', 10),
(51, 'Ana María Torres', '1998-08-20', 11),
(52, 'José Luis Gómez', '1982-01-14', 12),
(53, 'Rosa Martínez', '1997-06-07', 13),
(54, 'Sergio Fernández', '1981-09-30', 14),
(55, 'Lucía Pérez', '1996-02-23', 15),
(56, 'Carlos Sánchez', '1980-05-18', 16),
(57, 'Isabel Ramírez', '1995-10-12', 17),
(58, 'David Rodríguez', '1979-03-05', 18),
(59, 'Silvia González', '1994-05-29', 19),
(60, 'Jorge Martínez', '1978-08-21', 20),
(61, 'Carmen García', '1993-01-15', 21),
(62, 'Francisco Torres', '1977-04-09', 22),
(63, 'Lourdes Sánchez', '1992-07-04', 23),
(64, 'Rafael López', '1976-10-28', 24),
(65, 'Patricia Torres', '1991-01-22', 25),
(66, 'Alejandro González', '1975-03-17', 26),
(67, 'Raquel Martínez', '1990-06-11', 27),
(68, 'Juan Carlos Ramírez', '1974-09-04', 28),
(69, 'María José García', '1989-12-28', 29),
(70, 'Daniel Sánchez', '1973-02-20', 30),
(71, 'Laura Rodríguez', '1988-05-16', 31),
(72, 'Pablo Torres', '1972-08-09', 32),
(73, 'Cristina López', '1987-11-03', 33),
(74, 'Santiago Martínez', '1971-01-27', 34),
(75, 'Nerea García', '1986-04-22', 35),
(76, 'Javier Sánchez', '1970-07-16', 36),
(77, 'Eva Torres', '1985-10-10', 37),
(78, 'Roberto Ramírez', '1969-01-03', 38),
(79, 'Marina Martínez', '1984-03-28', 39),
(80, 'Adrián López', '1968-06-20', 40),
(81, 'Sara García', '1983-09-13', 1),
(82, 'Alberto Ramírez', '1967-12-06', 2),
(83, 'Paula Torres', '1982-02-28', 3),
(84, 'Fernando Sánchez', '1966-05-24', 4),
(85, 'Leticia Martínez', '1981-08-17', 5),
(86, 'Antonio López', '1965-11-11', 6),
(87, 'Natalia Sánchez', '1980-02-05', 7),
(88, 'Gabriel Torres', '1964-03-31', 8),
(89, 'Ana Isabel Ramírez', '1979-06-24', 9),
(90, 'José Torres', '1963-09-18', 10),
(91, 'Lucas Sánchez', '1978-12-12', 11),
(92, 'Carmen García', '1962-01-06', 12),
(93, 'Manuel López', '1977-03-02', 13),
(94, 'María Torres', '1961-05-27', 14),
(95, 'Javier Martínez', '1976-08-20', 15),
(96, 'Laura Ramírez', '1960-11-14', 16),
(97, 'Francisco Sánchez', '1975-02-07', 17),
(98, 'Elena Torres', '1959-04-03', 18),
(99, 'Pablo García', '1974-06-27', 19),
(100, 'Isabel López', '1958-09-21', 20);

-- --------------------------------------------------------

--
-- Estructura de tabla para la tabla `usuario`
--

CREATE TABLE `usuario` (
  `id_usuario` int(11) NOT NULL,
  `Correo` varchar(50) DEFAULT NULL,
  `Usuario` varchar(50) DEFAULT NULL,
  `Contrasena` varchar(50) DEFAULT NULL,
  `Telefono` varchar(50) DEFAULT NULL,
  `Foto_de_perfil` varchar(250) DEFAULT NULL,
  `TipoUsuario` enum('admin','aficionado','equipo') DEFAULT NULL
) ENGINE=InnoDB DEFAULT CHARSET=utf8mb4 COLLATE=utf8mb4_general_ci;

--
-- Volcado de datos para la tabla `usuario`
--

INSERT INTO `usuario` (`id_usuario`, `Correo`, `Usuario`, `Contrasena`, `Telefono`, `Foto_de_perfil`, `TipoUsuario`) VALUES
(1, 'usuario1@example.com', 'usuario1', 'clave1', '123456789', 'perfil1.jpg', 'admin'),
(2, 'usuario2@example.com', 'usuario2', 'clave2', '987654321', 'perfil2.jpg', 'equipo'),
(3, 'usuario3@example.com', 'usuario3', 'clave3', '555555555', 'perfil3.jpg', 'equipo'),
(4, 'usuario4@example.com', 'usuario4', 'clave4', '111111111', 'perfil4.jpg', 'equipo'),
(5, 'usuario5@example.com', 'usuario5', 'clave5', '222222222', 'perfil5.jpg', 'equipo'),
(6, 'usuario6@example.com', 'usuario6', 'clave6', '333333333', 'perfil6.jpg', 'equipo'),
(7, 'usuario7@example.com', 'usuario7', 'clave7', '444444444', 'perfil7.jpg', 'equipo'),
(8, 'usuario8@example.com', 'usuario8', 'clave8', '555555555', 'perfil8.jpg', 'equipo'),
(9, 'usuario9@example.com', 'usuario9', 'clave9', '666666666', 'perfil9.jpg', 'equipo'),
(10, 'usuario10@example.com', 'usuario10', 'clave10', '777777777', 'perfil10.jpg', 'equipo'),
(11, 'usuario11@example.com', 'usuario11', 'clave11', '888888888', 'perfil11.jpg', 'aficionado'),
(12, 'usuario12@example.com', 'usuario12', 'clave12', '999999999', 'perfil12.jpg', 'aficionado'),
(13, 'usuario13@example.com', 'usuario13', 'clave13', '123123123', 'perfil13.jpg', 'aficionado'),
(14, 'usuario14@example.com', 'usuario14', 'clave14', '456456456', 'perfil14.jpg', 'aficionado'),
(15, 'usuario15@example.com', 'usuario15', 'clave15', '789789789', 'perfil15.jpg', 'aficionado'),
(16, 'usuario16@example.com', 'usuario16', 'clave16', '321321321', 'perfil16.jpg', 'aficionado'),
(17, 'usuario17@example.com', 'usuario17', 'clave17', '654654654', 'perfil17.jpg', 'aficionado'),
(18, 'usuario18@example.com', 'usuario18', 'clave18', '987987987', 'perfil18.jpg', 'aficionado'),
(19, 'usuario19@example.com', 'usuario19', 'clave19', '111000111', 'perfil19.jpg', 'aficionado'),
(20, 'usuario20@example.com', 'usuario20', 'clave20', '222000222', 'perfil20.jpg', 'aficionado'),
(21, 'usuario21@example.com', 'usuario21', 'clave21', '111111111', 'perfil21.jpg', 'equipo'),
(22, 'usuario22@example.com', 'usuario22', 'clave22', '222222222', 'perfil22.jpg', 'equipo'),
(23, 'usuario23@example.com', 'usuario23', 'clave23', '333333333', 'perfil23.jpg', 'equipo'),
(24, 'usuario24@example.com', 'usuario24', 'clave24', '444444444', 'perfil24.jpg', 'equipo'),
(25, 'usuario25@example.com', 'usuario25', 'clave25', '555555555', 'perfil25.jpg', 'equipo'),
(26, 'usuario26@example.com', 'usuario26', 'clave26', '666666666', 'perfil26.jpg', 'equipo'),
(27, 'usuario27@example.com', 'usuario27', 'clave27', '777777777', 'perfil27.jpg', 'equipo'),
(28, 'usuario28@example.com', 'usuario28', 'clave28', '888888888', 'perfil28.jpg', 'equipo'),
(29, 'usuario29@example.com', 'usuario29', 'clave29', '999999999', 'perfil29.jpg', 'equipo'),
(30, 'usuario30@example.com', 'usuario30', 'clave30', '1010101010', 'perfil30.jpg', 'equipo'),
(31, 'usuario31@example.com', 'usuario31', 'clave31', '1212121212', 'perfil31.jpg', 'equipo'),
(32, 'usuario32@example.com', 'usuario32', 'clave32', '1313131313', 'perfil32.jpg', 'equipo'),
(33, 'usuario33@example.com', 'usuario33', 'clave33', '1414141414', 'perfil33.jpg', 'equipo'),
(34, 'usuario34@example.com', 'usuario34', 'clave34', '1515151515', 'perfil34.jpg', 'equipo'),
(35, 'usuario35@example.com', 'usuario35', 'clave35', '1616161616', 'perfil35.jpg', 'equipo'),
(36, 'usuario36@example.com', 'usuario36', 'clave36', '1717171717', 'perfil36.jpg', 'equipo'),
(37, 'usuario37@example.com', 'usuario37', 'clave37', '1818181818', 'perfil37.jpg', 'equipo'),
(38, 'usuario38@example.com', 'usuario38', 'clave38', '1919191919', 'perfil38.jpg', 'equipo'),
(39, 'usuario39@example.com', 'usuario39', 'clave39', '2020202020', 'perfil39.jpg', 'equipo'),
(40, 'usuario40@example.com', 'usuario40', 'clave40', '2121212121', 'perfil40.jpg', 'equipo'),
(41, 'usuario41@example.com', 'usuario41', 'clave41', '2222222222', 'perfil41.jpg', 'equipo'),
(42, 'usuario42@example.com', 'usuario42', 'clave42', '2323232323', 'perfil42.jpg', 'equipo'),
(43, 'usuario43@example.com', 'usuario43', 'clave43', '2424242424', 'perfil43.jpg', 'equipo'),
(44, 'usuario44@example.com', 'usuario44', 'clave44', '2525252525', 'perfil44.jpg', 'equipo'),
(45, 'usuario45@example.com', 'usuario45', 'clave45', '2626262626', 'perfil45.jpg', 'equipo'),
(46, 'usuario46@example.com', 'usuario46', 'clave46', '2727272727', 'perfil46.jpg', 'equipo'),
(47, 'usuario47@example.com', 'usuario47', 'clave47', '2828282828', 'perfil47.jpg', 'equipo'),
(48, 'usuario48@example.com', 'usuario48', 'clave48', '2929292929', 'perfil48.jpg', 'equipo'),
(49, 'usuario49@example.com', 'usuario49', 'clave49', '3030303030', 'perfil49.jpg', 'equipo'),
(50, 'usuario50@example.com', 'usuario50', 'clave50', '3131313131', 'perfil50.jpg', 'equipo'),
(51, 'usuario51@example.com', 'usuario51', 'clave51', '3232323232', 'perfil51.jpg', 'equipo'),
(52, 'usuario52@example.com', 'usuario52', 'clave52', '3333333333', 'perfil52.jpg', 'equipo'),
(53, 'usuario53@example.com', 'usuario53', 'clave53', '3434343434', 'perfil53.jpg', 'equipo'),
(54, 'usuario54@example.com', 'usuario54', 'clave54', '3535353535', 'perfil54.jpg', 'equipo'),
(55, 'usuario55@example.com', 'usuario55', 'clave55', '3636363636', 'perfil55.jpg', 'equipo'),
(56, 'usuario56@example.com', 'usuario56', 'clave56', '3737373737', 'perfil56.jpg', 'equipo'),
(57, 'usuario57@example.com', 'usuario57', 'clave57', '3838383838', 'perfil57.jpg', 'equipo'),
(58, 'usuario58@example.com', 'usuario58', 'clave58', '3939393939', 'perfil58.jpg', 'equipo'),
(59, 'usuario59@example.com', 'usuario59', 'clave59', '4040404040', 'perfil59.jpg', 'equipo'),
(60, 'usuario60@example.com', 'usuario60', 'clave60', '4141414141', 'perfil60.jpg', 'equipo'),
(61, 'usuario61@example.com', 'usuario61', 'clave61', '4242424242', 'perfil61.jpg', 'equipo'),
(62, 'usuario62@example.com', 'usuario62', 'clave62', '4343434343', 'perfil62.jpg', 'equipo'),
(63, 'usuario63@example.com', 'usuario63', 'clave63', '4444444444', 'perfil63.jpg', 'equipo'),
(64, 'usuario64@example.com', 'usuario64', 'clave64', '4545454545', 'perfil64.jpg', 'equipo'),
(65, 'usuario65@example.com', 'usuario65', 'clave65', '4646464646', 'perfil65.jpg', 'equipo'),
(66, 'usuario66@example.com', 'usuario66', 'clave66', '4747474747', 'perfil66.jpg', 'equipo'),
(67, 'usuario67@example.com', 'usuario67', 'clave67', '4848484848', 'perfil67.jpg', 'equipo'),
(68, 'usuario68@example.com', 'usuario68', 'clave68', '4949494949', 'perfil68.jpg', 'equipo'),
(69, 'usuario69@example.com', 'usuario69', 'clave69', '5050505050', 'perfil69.jpg', 'equipo'),
(70, 'usuario70@example.com', 'usuario70', 'clave70', '5151515151', 'perfil70.jpg', 'equipo'),
(71, 'ud_logrones@example.com', 'UD_Logrones', 'contraseña_ud_logrones', 'telefono_ud_logrones', 'escudo_ud_logrones_b.jpg', 'equipo'),
(72, 'racing_ferrol@example.com', 'Racing_Ferrol', 'contraseña_racing_ferrol', 'telefono_racing_ferr', 'escudo_racing_ferrol.jpg', 'equipo'),
(73, 'burgos@example.com', 'Burgos_CF', 'contraseña_burgos', 'telefono_burgos', 'escudo_burgos.jpg', 'equipo'),
(74, 'sd_logrones@example.com', 'SD_Logrones', 'contraseña_sd_logrones', 'telefono_sd_logrones', 'escudo_sd_logrones.jpg', 'equipo'),
(75, 'unionistas@example.com', 'Unionistas_de_Salamanca', 'contraseña_unionistas', 'telefono_unionistas', 'escudo_unionistas.jpg', 'equipo'),
(76, 'atletico_baleares@example.com', 'Atletico_Baleares', 'contraseña_atletico_baleares', 'telefono_atletico_ba', 'escudo_atletico_baleares.jpg', 'equipo'),
(77, 'hercules@example.com', 'Hercules_CF', 'contraseña_hercules', 'telefono_hercules', 'escudo_hercules_b.jpg', 'equipo'),
(78, 'fc_andorra@example.com', 'FC_Andorra', 'contraseña_fc_andorra', 'telefono_fc_andorra', 'escudo_fc_andorra.jpg', 'equipo'),
(79, 'izarra@example.com', 'Izarra', 'contraseña_izarra', 'telefono_izarra', 'escudo_izarra.jpg', 'equipo'),
(80, 'cp_villarrobledo@example.com', 'CP_Villarrobledo', 'contraseña_cp_villarrobledo', 'telefono_cp_villarro', 'escudo_cp_villarrobledo.jpg', 'equipo'),
(81, 'manchester_city@example.com', 'Manchester_City', 'contraseña_manchester_city', 'telefono_manchester_', 'escudo_manchester_city.jpg', 'equipo'),
(82, 'liverpool@example.com', 'Liverpool_FC', 'contraseña_liverpool', 'telefono_liverpool', 'escudo_liverpool.jpg', 'equipo'),
(83, 'chelsea@example.com', 'Chelsea_FC', 'contraseña_chelsea', 'telefono_chelsea', 'escudo_chelsea.jpg', 'equipo'),
(84, 'manchester_united@example.com', 'Manchester_United', 'contraseña_manchester_united', 'telefono_manchester_', 'escudo_manchester_united.jpg', 'equipo'),
(85, 'leicester_city@example.com', 'Leicester_City', 'contraseña_leicester_city', 'telefono_leicester_c', 'escudo_leicester_city.jpg', 'equipo'),
(86, 'west_ham_united@example.com', 'West_Ham_United', 'contraseña_west_ham_united', 'telefono_west_ham_un', 'escudo_west_ham_united.jpg', 'equipo'),
(87, 'tottenham_hotspur@example.com', 'Tottenham_Hotspur', 'contraseña_tottenham_hotspur', 'telefono_tottenham_h', 'escudo_tottenham_hotspur.jpg', 'equipo'),
(88, 'arsenal@example.com', 'Arsenal_FC', 'contraseña_arsenal', 'telefono_arsenal', 'escudo_arsenal.jpg', 'equipo'),
(89, 'everton@example.com', 'Everton_FC', 'contraseña_everton', 'telefono_everton', 'escudo_everton.jpg', 'equipo'),
(90, 'leeds_united@example.com', 'Leeds_United', 'contraseña_leeds_united', 'telefono_leeds_unite', 'escudo_leeds_united.jpg', 'equipo'),
(91, 'wolves@example.com', 'Wolverhampton_Wanderers', 'contraseña_wolves', 'telefono_wolves', 'escudo_wolves.jpg', 'equipo'),
(92, 'aston_villa@example.com', 'Aston_Villa', 'contraseña_aston_villa', 'telefono_aston_villa', 'escudo_aston_villa.jpg', 'equipo'),
(93, 'newcastle_united@example.com', 'Newcastle_United', 'contraseña_newcastle_united', 'telefono_newcastle_u', 'escudo_newcastle_united.jpg', 'equipo'),
(94, 'crystal_palace@example.com', 'Crystal_Palace', 'contraseña_crystal_palace', 'telefono_crystal_pal', 'escudo_crystal_palace.jpg', 'equipo'),
(95, 'southampton@example.com', 'Southampton_FC', 'contraseña_southampton', 'telefono_southampton', 'escudo_southampton.jpg', 'equipo'),
(96, 'brighton@example.com', 'Brighton_Hove_Albion', 'contraseña_brighton', 'telefono_brighton', 'escudo_brighton.jpg', 'equipo'),
(97, 'burnley@example.com', 'Burnley_FC', 'contraseña_burnley', 'telefono_burnley', 'escudo_burnley.jpg', 'equipo'),
(98, 'fulham@example.com', 'Fulham_FC', 'contraseña_fulham', 'telefono_fulham', 'escudo_fulham.jpg', 'equipo'),
(99, 'west_bromwich@example.com', 'West_Bromwich_Albion', 'contraseña_west_bromwich', 'telefono_west_bromwi', 'escudo_west_bromwich.jpg', 'equipo'),
(100, 'sheffield_united@example.com', 'Sheffield_United', 'contraseña_sheffield_united', 'telefono_sheffield_u', 'escudo_sheffield_united.jpg', 'equipo'),
(101, 'norwich_city@example.com', 'Norwich_City', 'contraseña_norwich_city', 'telefono_norwich_cit', 'escudo_norwich_city.jpg', 'equipo'),
(102, 'watford@example.com', 'Watford_FC', 'contraseña_watford', 'telefono_watford', 'escudo_watford.jpg', 'equipo'),
(103, 'brentford@example.com', 'Brentford_FC', 'contraseña_brentford', 'telefono_brentford', 'escudo_brentford.jpg', 'equipo'),
(104, 'bournemouth@example.com', 'Bournemouth', 'contraseña_bournemouth', 'telefono_bournemouth', 'escudo_bournemouth.jpg', 'equipo'),
(105, 'fulham_championship@example.com', 'Fulham', 'contraseña_fulham_championship', 'telefono_fulham_cham', 'escudo_fulham_championship.jpg', 'equipo'),
(106, 'huddersfield@example.com', 'Huddersfield_Town', 'contraseña_huddersfield', 'telefono_huddersfiel', 'escudo_huddersfield.jpg', 'equipo'),
(107, 'blackburn_rovers@example.com', 'Blackburn_Rovers', 'contraseña_blackburn_rovers', 'telefono_blackburn_r', 'escudo_blackburn_rovers.jpg', 'equipo'),
(108, 'reading@example.com', 'Reading_FC', 'contraseña_reading', 'telefono_reading', 'escudo_reading.jpg', 'equipo'),
(109, 'stoke_city@example.com', 'Stoke_City', 'contraseña_stoke_city', 'telefono_stoke_city', 'escudo_stoke_city.jpg', 'equipo'),
(110, 'swansea@example.com', 'Swansea_City', 'contraseña_swansea', 'telefono_swansea', 'escudo_swansea.jpg', 'equipo'),
(111, 'preston_north_end@example.com', 'Preston_North_End', 'contraseña_preston_north_end', 'telefono_preston_nor', 'escudo_preston_north_end.jpg', 'equipo'),
(112, 'qpr@example.com', 'Queens_Park_Rangers', 'contraseña_qpr', 'telefono_qpr', 'escudo_qpr.jpg', 'equipo'),
(113, 'millwall@example.com', 'Millwall_FC', 'contraseña_millwall', 'telefono_millwall', 'escudo_millwall.jpg', 'equipo'),
(114, 'derby_county@example.com', 'Derby_County', 'contraseña_derby_county', 'telefono_derby_count', 'escudo_derby_county.jpg', 'equipo'),
(115, 'coventry_city@example.com', 'Coventry_City', 'contraseña_coventry_city', 'telefono_coventry_ci', 'escudo_coventry_city.jpg', 'equipo'),
(116, 'nottingham_forest@example.com', 'Nottingham_Forest', 'contraseña_nottingham_forest', 'telefono_nottingham_', 'escudo_nottingham_forest.jpg', 'equipo'),
(117, 'barnsley@example.com', 'Barnsley_FC', 'contraseña_barnsley', 'telefono_barnsley', 'escudo_barnsley.jpg', 'equipo'),
(118, 'luton_town@example.com', 'Luton_Town', 'contraseña_luton_town', 'telefono_luton_town', 'escudo_luton_town.jpg', 'equipo'),
(119, 'middlesbrough@example.com', 'Middlesbrough_FC', 'contraseña_middlesbrough', 'telefono_middlesbrou', 'escudo_middlesbrough.jpg', 'equipo'),
(120, 'bristol_city@example.com', 'Bristol_City', 'contraseña_bristol_city', 'telefono_bristol_cit', 'escudo_bristol_city.jpg', 'equipo'),
(121, 'sheffield_wednesday@example.com', 'Sheffield_Wednesday', 'contraseña_sheffield_wednesday', 'telefono_sheffield_w', 'escudo_sheffield_wednesday.jpg', 'equipo'),
(122, 'birmingham_city@example.com', 'Birmingham_City', 'contraseña_birmingham_city', 'telefono_birmingham_', 'escudo_birmingham_city.jpg', 'equipo'),
(123, 'rotherham_united@example.com', 'Rotherham_United', 'contraseña_rotherham_united', 'telefono_rotherham_u', 'escudo_rotherham_united.jpg', 'equipo'),
(124, 'wycombe_wanderers@example.com', 'Wycombe_Wanderers', 'contraseña_wycombe_wanderers', 'telefono_wycombe_wan', 'escudo_wycombe_wanderers.jpg', 'equipo'),
(125, 'cardiff_city@example.com', 'Cardiff_City', 'contraseña_cardiff_city', 'telefono_cardiff_cit', 'escudo_cardiff_city.jpg', 'equipo'),
(126, 'hull_city@example.com', 'Hull_City', 'contraseña_hull_city', 'telefono_hull_city', 'escudo_hull_city.jpg', 'equipo'),
(127, 'sunderland_afc@example.com', 'Sunderland_AFC', 'contraseña_sunderland', 'telefono_sunderland', 'escudo_sunderland.jpg', 'equipo'),
(128, 'hull_city_league_one@example.com', 'Hull_City_League_One', 'contraseña_hull_city_league_one', 'telefono_hull_city_l', 'escudo_hull_city_league_one.jpg', 'equipo'),
(129, 'ipswich_town@example.com', 'Ipswich_Town', 'contraseña_ipswich_town', 'telefono_ipswich_tow', 'escudo_ipswich_town.jpg', 'equipo'),
(130, 'portsmouth_fc@example.com', 'Portsmouth_FC', 'contraseña_portsmouth', 'telefono_portsmouth', 'escudo_portsmouth.jpg', 'equipo'),
(131, 'doncaster_rovers@example.com', 'Doncaster_Rovers', 'contraseña_doncaster_rovers', 'telefono_doncaster_r', 'escudo_doncaster_rovers.jpg', 'equipo'),
(132, 'accrington_stanley@example.com', 'Accrington_Stanley', 'contraseña_accrington_stanley', 'telefono_accrington_', 'escudo_accrington_stanley.jpg', 'equipo'),
(133, 'lincoln_city@example.com', 'Lincoln_City', 'contraseña_lincoln_city', 'telefono_lincoln_cit', 'escudo_lincoln_city.jpg', 'equipo'),
(134, 'sunderland_afc_2@example.com', 'Sunderland_AFC_2', 'contraseña_sunderland_2', 'telefono_sunderland_', 'escudo_sunderland.jpg', 'equipo'),
(135, 'oxford_united@example.com', 'Oxford_United', 'contraseña_oxford_united', 'telefono_oxford_unit', 'escudo_oxford_united.jpg', 'equipo'),
(136, 'fleetwood_town@example.com', 'Fleetwood_Town', 'contraseña_fleetwood_town', 'telefono_fleetwood_t', 'escudo_fleetwood_town.jpg', 'equipo'),
(137, 'wigan_athletic@example.com', 'Wigan_Athletic', 'contraseña_wigan_athletic', 'telefono_wigan_athle', 'escudo_wigan_athletic.jpg', 'equipo'),
(138, 'shrewsbury_town@example.com', 'Shrewsbury_Town', 'contraseña_shrewsbury_town', 'telefono_shrewsbury_', 'escudo_shrewsbury_town.jpg', 'equipo'),
(139, 'afc_wimbledon@example.com', 'AFC_Wimbledon', 'contraseña_afc_wimbledon', 'telefono_afc_wimbled', 'escudo_afc_wimbledon.jpg', 'equipo'),
(140, 'mk_dons@example.com', 'Milton_Keynes_Dons', 'contraseña_mk_dons', 'telefono_mk_dons', 'escudo_mk_dons.jpg', 'equipo'),
(141, 'rochdale_afc@example.com', 'Rochdale_AFC', 'contraseña_rochdale_afc', 'telefono_rochdale_af', 'escudo_rochdale_afc.jpg', 'equipo'),
(142, 'burton_albion@example.com', 'Burton_Albion', 'contraseña_burton_albion', 'telefono_burton_albi', 'escudo_burton_albion.jpg', 'equipo'),
(143, 'plymouth_argyle@example.com', 'Plymouth_Argyle', 'contraseña_plymouth_argyle', 'telefono_plymouth_ar', 'escudo_plymouth_argyle.jpg', 'equipo'),
(144, 'gillingham_fc@example.com', 'Gillingham_FC', 'contraseña_gillingham', 'telefono_gillingham', 'escudo_gillingham.jpg', 'equipo'),
(145, 'bristol_rovers@example.com', 'Bristol_Rovers', 'contraseña_bristol_rovers', 'telefono_bristol_rov', 'escudo_bristol_rovers.jpg', 'equipo'),
(146, 'crewe_alexandra@example.com', 'Crewe_Alexandra', 'contraseña_crewe_alexandra', 'telefono_crewe_alexa', 'escudo_crewe_alexandra.jpg', 'equipo'),
(147, 'swindon_town@example.com', 'Swindon_Town', 'contraseña_swindon_town', 'telefono_swindon_tow', 'escudo_swindon_town.jpg', 'equipo'),
(148, 'shrewsbury_town_2@example.com', 'Shrewsbury_Town_2', 'contraseña_shrewsbury_town_2', 'telefono_shrewsbury_', 'escudo_shrewsbury_town.jpg', 'equipo'),
(149, 'accrington_stanley_2@example.com', 'Accrington_Stanley_2', 'contraseña_accrington_stanley_2', 'telefono_accrington_', 'escudo_accrington_stanley.jpg', 'equipo'),
(150, 'bayern_munich@example.com', 'Bayern_Munich', 'contraseña_bayern_munich', 'telefono_bayern_muni', 'escudo_bayern_munich.jpg', 'equipo'),
(151, 'borussia_dortmund@example.com', 'Borussia_Dortmund', 'contraseña_borussia_dortmund', 'telefono_borussia_do', 'escudo_borussia_dortmund.jpg', 'equipo'),
(152, 'rb_leipzig@example.com', 'RB_Leipzig', 'contraseña_rb_leipzig', 'telefono_rb_leipzig', 'escudo_rb_leipzig.jpg', 'equipo'),
(153, 'bayer_leverkusen@example.com', 'Bayer_Leverkusen', 'contraseña_bayer_leverkusen', 'telefono_bayer_lever', 'escudo_bayer_leverkusen.jpg', 'equipo'),
(154, 'borussia_monchengladbach@example.com', 'Borussia_Monchengladbach', 'contraseña_borussia_monchengladbach', 'telefono_borussia_mo', 'escudo_borussia_monchengladbach.jpg', 'equipo'),
(155, 'wolfsburg@example.com', 'VfL_Wolfsburg', 'contraseña_wolfsburg', 'telefono_wolfsburg', 'escudo_wolfsburg.jpg', 'equipo'),
(156, 'eintracht_frankfurt@example.com', 'Eintracht_Frankfurt', 'contraseña_eintracht_frankfurt', 'telefono_eintracht_f', 'escudo_eintracht_frankfurt.jpg', 'equipo'),
(157, 'hertha_bsc@example.com', 'Hertha_BSC', 'contraseña_hertha_bsc', 'telefono_hertha_bsc', 'escudo_hertha_bsc.jpg', 'equipo'),
(158, 'fc_schalke_04@example.com', 'FC_Schalke_04', 'contraseña_schalke_04', 'telefono_fc_schalke_', 'escudo_schalke_04.jpg', 'equipo'),
(159, '1_fc_union_berlin@example.com', '1_FC_Union_Berlin', 'contraseña_union_berlin', 'telefono_1_fc_union_', 'escudo_union_berlin.jpg', 'equipo'),
(160, 'sc_freiburg@example.com', 'SC_Freiburg', 'contraseña_sc_freiburg', 'telefono_sc_freiburg', 'escudo_sc_freiburg.jpg', 'equipo'),
(161, '1_fc_koln@example.com', '1_FC_Koln', 'contraseña_cologne', 'telefono_1_fc_koln', 'escudo_cologne.jpg', 'equipo'),
(162, 'fc_augsburg@example.com', 'FC_Augsburg', 'contraseña_augsburg', 'telefono_fc_augsburg', 'escudo_augsburg.jpg', 'equipo'),
(163, 'mainz_05@example.com', 'Mainz_05', 'contraseña_mainz_05', 'telefono_mainz_05', 'escudo_mainz_05.jpg', 'equipo'),
(164, 'arminia_bielefeld@example.com', 'Arminia_Bielefeld', 'contraseña_arminia_bielefeld', 'telefono_arminia_bie', 'escudo_arminia_bielefeld.jpg', 'equipo'),
(165, 'vfb_stuttgart@example.com', 'VfB_Stuttgart', 'contraseña_vfb_stuttgart', 'telefono_vfb_stuttga', 'escudo_vfb_stuttgart.jpg', 'equipo'),
(166, 'fsv_mainz_05@example.com', '1_FSV_Mainz_05', 'contraseña_fsv_mainz_05', 'telefono_fsv_mainz_0', 'escudo_fsv_mainz_05.jpg', 'equipo'),
(167, 'greuther_furth@example.com', 'Greuther_Furth', 'contraseña_greuther_furth', 'telefono_greuther_fu', 'escudo_greuther_furth.jpg', 'equipo'),
(168, 'bochum@example.com', 'Bochum', 'contraseña_bochum', 'telefono_bochum', 'escudo_bochum.jpg', 'equipo'),
(169, 'eintracht_braunschweig@example.com', 'Eintracht_Braunschweig', 'contraseña_braunschweig', 'telefono_eintracht_b', 'escudo_braunschweig.jpg', 'equipo'),
(170, 'hannover_96@example.com', 'Hannover_96', 'contraseña_hannover_96', 'telefono_hannover_96', 'escudo_hannover_96.jpg', 'equipo'),
(171, 'dynamo_dresden@example.com', 'Dynamo_Dresden', 'contraseña_dynamo_dresden', 'telefono_dynamo_dres', 'escudo_dynamo_dresden.jpg', 'equipo'),
(172, 'holstein_kiel@example.com', 'Holstein_Kiel', 'contraseña_holstein_kiel', 'telefono_holstein_ki', 'escudo_holstein_kiel.jpg', 'equipo'),
(173, 'hamburger_sv@example.com', 'Hamburger_SV', 'contraseña_hamburger_sv', 'telefono_hamburger_s', 'escudo_hamburger_sv.jpg', 'equipo'),
(174, '1_fc_nurnberg@example.com', '1_FC_Nurnberg', 'contraseña_nurnberg', 'telefono_1_fc_nurnbe', 'escudo_nurnberg.jpg', 'equipo'),
(175, 'bochum@example.com', 'VfL_Bochum', 'contraseña_bochum_2_bundesliga', 'telefono_bochum', 'escudo_bochum_2_bundesliga.jpg', 'equipo'),
(176, 'fortuna_dusseldorf@example.com', 'Fortuna_Dusseldorf', 'contraseña_fortuna_dusseldorf', 'telefono_fortuna_dus', 'escudo_fortuna_dusseldorf.jpg', 'equipo'),
(177, 'karlsruher_sc@example.com', 'Karlsruher_SC', 'contraseña_karlsruher_sc', 'telefono_karlsruher_', 'escudo_karlsruher_sc.jpg', 'equipo'),
(178, 'erzgebirge_aue@example.com', 'Erzgebirge_Aue', 'contraseña_erzgebirge_aue', 'telefono_erzgebirge_', 'escudo_erzgebirge_aue.jpg', 'equipo'),
(179, 'jahn_regensburg@example.com', 'Jahn_Regensburg', 'contraseña_jahn_regensburg', 'telefono_jahn_regens', 'escudo_jahn_regensburg.jpg', 'equipo'),
(180, 'darmstadt_98@example.com', 'Darmstadt_98', 'contraseña_darmstadt_98', 'telefono_darmstadt_9', 'escudo_darmstadt_98.jpg', 'equipo'),
(181, 'paderborn_07@example.com', 'SC_Paderborn_07', 'contraseña_paderborn_07', 'telefono_paderborn_0', 'escudo_paderborn_07.jpg', 'equipo'),
(182, 'hannover_96@example.com', 'Hannover_96', 'contraseña_hannover_96_2_bundesliga', 'telefono_hannover_96', 'escudo_hannover_96_2_bundesliga.jpg', 'equipo'),
(183, 'fc_st_pauli@example.com', 'FC_St_Pauli', 'contraseña_fc_st_pauli', 'telefono_fc_st_pauli', 'escudo_fc_st_pauli.jpg', 'equipo'),
(184, 'greuther_furth@example.com', 'Greuther_Furth', 'contraseña_greuther_furth_2_bundesliga', 'telefono_greuther_fu', 'escudo_greuther_furth_2_bundesliga.jpg', 'equipo'),
(185, 'holstein_kiel@example.com', 'Holstein_Kiel', 'contraseña_holstein_kiel_2_bundesliga', 'telefono_holstein_ki', 'escudo_holstein_kiel_2_bundesliga.jpg', 'equipo'),
(186, 'sv_sandhausen@example.com', 'SV_Sandhausen', 'contraseña_sv_sandhausen', 'telefono_sv_sandhaus', 'escudo_sv_sandhausen.jpg', 'equipo'),
(187, 'hansa_rostock@example.com', 'Hansa_Rostock', 'contraseña_hansa_rostock', 'telefono_hansa_rosto', 'escudo_hansa_rostock.jpg', 'equipo'),
(188, 'dynamo_dresden@example.com', 'Dynamo_Dresden_2_Bundesliga', 'contraseña_dynamo_dresden_2_bundesliga', 'telefono_dynamo_dres', 'escudo_dynamo_dresden_2_bundesliga.jpg', 'equipo'),
(189, 'fc_ingolstadt_04@example.com', 'FC_Ingolstadt_04', 'contraseña_ingolstadt_04', 'telefono_fc_ingolsta', 'escudo_ingolstadt_04.jpg', 'equipo'),
(190, 'sv_darmstadt_98@example.com', 'SV_Darmstadt_98_2_Bundesliga', 'contraseña_sv_darmstadt_98_2_bundesliga', 'telefono_sv_darmstad', 'escudo_sv_darmstadt_98_2_bundesliga.jpg', 'equipo'),
(191, 'karlsruher_sc_2_bundesliga@example.com', 'Karlsruher_SC_2_Bundesliga', 'contraseña_karlsruher_sc_2_bundesliga', 'telefono_karlsruher_', 'escudo_karlsruher_sc_2_bundesliga.jpg', 'equipo'),
(192, 'vfl_osnabruck@example.com', 'VfL_Osnabruck', 'contraseña_vfl_osnabruck', 'telefono_vfl_osnabru', 'escudo_vfl_osnabruck.jpg', 'equipo'),
(193, 'eintracht_braunschweig@example.com', 'Eintracht_Braunschweig_2_Bundesliga', 'contraseña_eintracht_braunschweig_2_bundesliga', 'telefono_eintracht_b', 'escudo_eintracht_braunschweig_2_bundesliga.jpg', 'equipo'),
(194, '1_fc_heidenheim@example.com', '1_FC_Heidenheim', 'contraseña_heidenheim', 'telefono_1_fc_heiden', 'escudo_heidenheim.jpg', 'equipo'),
(195, '1_fc_kaiserslautern@example.com', '1_FC_Kaiserslautern', 'contraseña_kaiserslautern', 'telefono_1_fc_kaiser', 'escudo_kaiserslautern.jpg', 'equipo'),
(196, 'msv_duisburg@example.com', 'MSV_Duisburg', 'contraseña_msv_duisburg', 'telefono_msv_duisbur', 'escudo_msv_duisburg.jpg', 'equipo'),
(197, 'turkgucu_munchen@example.com', 'Turkgucu_Munchen', 'contraseña_turkgucu_munchen', 'telefono_turkgucu_mu', 'escudo_turkgucu_munchen.jpg', 'equipo'),
(198, 'dynamo_dresden_3_liga@example.com', 'Dynamo_Dresden_3_Liga', 'contraseña_dynamo_dresden_3_liga', 'telefono_dynamo_dres', 'escudo_dynamo_dresden_3_liga.jpg', 'equipo'),
(199, 'hansa_rostock_3_liga@example.com', 'Hansa_Rostock_3_Liga', 'contraseña_hansa_rostock_3_liga', 'telefono_hansa_rosto', 'escudo_hansa_rostock_3_liga.jpg', 'equipo'),
(200, '1_fc_magdeburg@example.com', '1_FC_Magdeburg', 'contraseña_magdeburg', 'telefono_1_fc_magdeb', 'escudo_magdeburg.jpg', 'equipo'),
(201, 'kfc_uerdingen_05@example.com', 'KFC_Uerdingen_05', 'contraseña_kfc_uerdingen_05', 'telefono_kfc_uerding', 'escudo_kfc_uerdingen_05.jpg', 'equipo'),
(202, 'fc_viktoria_koln@example.com', 'FC_Viktoria_Koln', 'contraseña_fc_viktoria_koln', 'telefono_fc_viktoria', 'escudo_fc_viktoria_koln.jpg', 'equipo'),
(203, '1_fc_saarbrucken@example.com', '1_FC_Saarbrucken', 'contraseña_saarbrucken', 'telefono_1_fc_saarbr', 'escudo_saarbrucken.jpg', 'equipo'),
(204, 'fc_ingolstadt_04_3_liga@example.com', 'FC_Ingolstadt_04_3_Liga', 'contraseña_ingolstadt_04_3_liga', 'telefono_fc_ingolsta', 'escudo_ingolstadt_04_3_liga.jpg', 'equipo'),
(205, 'hallescher_fc@example.com', 'Hallescher_FC', 'contraseña_hallescher_fc', 'telefono_hallescher_', 'escudo_hallescher_fc.jpg', 'equipo'),
(206, 'sv_meppen@example.com', 'SV_Meppen', 'contraseña_sv_meppen', 'telefono_sv_meppen', 'escudo_sv_meppen.jpg', 'equipo'),
(207, 'sc_verl@example.com', 'SC_Verl', 'contraseña_sc_verl', 'telefono_sc_verl', 'escudo_sc_verl.jpg', 'equipo'),
(208, 'spvgg_unterhaching@example.com', 'SpVgg_Unterhaching', 'contraseña_spvgg_unterhaching', 'telefono_spvgg_unter', 'escudo_spvgg_unterhaching.jpg', 'equipo'),
(209, 'sv_wehen_wiesbaden@example.com', 'SV_Wehen_Wiesbaden', 'contraseña_sv_wehen_wiesbaden', 'telefono_sv_wehen_wi', 'escudo_sv_wehen_wiesbaden.jpg', 'equipo'),
(210, 'fc_hansa_rostock_3_liga@example.com', 'FC_Hansa_Rostock_3_Liga', 'contraseña_fc_hansa_rostock_3_liga', 'telefono_fc_hansa_ro', 'escudo_fc_hansa_rostock_3_liga.jpg', 'equipo'),
(211, 'vfb_lubeck@example.com', 'VfB_Lubeck', 'contraseña_vfb_lubeck', 'telefono_vfb_lubeck', 'escudo_vfb_lubeck.jpg', 'equipo'),
(212, 'fsv_zwickau@example.com', 'FSV_Zwickau', 'contraseña_fsv_zwickau', 'telefono_fsv_zwickau', 'escudo_fsv_zwickau.jpg', 'equipo'),
(213, 'sc_turkgucu_munchen@example.com', 'SC_Turkgucu_Munchen', 'contraseña_sc_turkgucu_munchen', 'telefono_sc_turkgucu', 'escudo_sc_turkgucu_munchen.jpg', 'equipo'),
(214, 'fc_bayern_munich_ii@example.com', 'FC_Bayern_Munich_II', 'contraseña_bayern_munich_ii', 'telefono_fc_bayern_m', 'escudo_bayern_munich_ii.jpg', 'equipo'),
(215, 'vfb_stuttgart_ii@example.com', 'VfB_Stuttgart_II', 'contraseña_vfb_stuttgart_ii', 'telefono_vfb_stuttga', 'escudo_vfb_stuttgart_ii.jpg', 'equipo'),
(216, 'tsv_1860_munich@example.com', 'TSV_1860_Munich', 'contraseña_tsv_1860_munich', 'telefono_tsv_1860_mu', 'escudo_tsv_1860_munich.jpg', 'equipo'),
(217, 'kfc_uerdingen_05_3_liga@example.com', 'KFC_Uerdingen_05_3_Liga', 'contraseña_kfc_uerdingen_05_3_liga', 'telefono_kfc_uerding', 'escudo_kfc_uerdingen_05_3_liga.jpg', 'equipo'),
(218, 'fc_viktoria_koln_3_liga@example.com', 'FC_Viktoria_Koln_3_Liga', 'contraseña_fc_viktoria_koln_3_liga', 'telefono_fc_viktoria', 'escudo_fc_viktoria_koln_3_liga.jpg', 'equipo'),
(219, 'psg@example.com', 'Paris_Saint_Germain', 'contraseña_psg', 'telefono_psg', 'escudo_psg.jpg', 'equipo'),
(220, 'olympique_marseille@example.com', 'Olympique_Marseille', 'contraseña_olympique_marseille', 'telefono_olympique_m', 'escudo_olympique_marseille.jpg', 'equipo'),
(221, 'lille_osc@example.com', 'Lille_OSC', 'contraseña_lille_osc', 'telefono_lille_osc', 'escudo_lille_osc.jpg', 'equipo'),
(222, 'as_monaco@example.com', 'AS_Monaco', 'contraseña_as_monaco', 'telefono_as_monaco', 'escudo_as_monaco.jpg', 'equipo'),
(223, 'olympique_lyonnais@example.com', 'Olympique_Lyonnais', 'contraseña_olympique_lyonnais', 'telefono_olympique_l', 'escudo_olympique_lyonnais.jpg', 'equipo'),
(224, 'stade_rennais_fc@example.com', 'Stade_Rennais_FC', 'contraseña_stade_rennais_fc', 'telefono_stade_renna', 'escudo_stade_rennais.jpg', 'equipo'),
(225, 'as_saint_etienne@example.com', 'AS_Saint_Etienne', 'contraseña_as_saint_etienne', 'telefono_as_saint_et', 'escudo_as_saint_etienne.jpg', 'equipo'),
(226, 'girondins_bordeaux@example.com', 'Girondins_de_Bordeaux', 'contraseña_girondins_bordeaux', 'telefono_girondins_b', 'escudo_girondins_bordeaux.jpg', 'equipo'),
(227, 'losc_lille@example.com', 'LOSC_Lille', 'contraseña_losc_lille', 'telefono_losc_lille', 'escudo_losc_lille.jpg', 'equipo'),
(228, 'montpellier_hsc@example.com', 'Montpellier_HSC', 'contraseña_montpellier_hsc', 'telefono_montpellier', 'escudo_montpellier_hsc.jpg', 'equipo'),
(229, 'ogc_nice@example.com', 'OGC_Nice', 'contraseña_ogc_nice', 'telefono_ogc_nice', 'escudo_ogc_nice.jpg', 'equipo'),
(230, 'rc_strasbourg_alsace@example.com', 'RC_Strasbourg_Alsace', 'contraseña_rc_strasbourg_alsace', 'telefono_rc_strasbou', 'escudo_rc_strasbourg_alsace.jpg', 'equipo'),
(231, 'angers_sco@example.com', 'Angers_SCO', 'contraseña_angers_sco', 'telefono_angers_sco', 'escudo_angers_sco.jpg', 'equipo'),
(232, 'stade_brestois_29@example.com', 'Stade_Brestois_29', 'contraseña_stade_brestois_29', 'telefono_stade_brest', 'escudo_stade_brestois.jpg', 'equipo'),
(233, 'fc_metz@example.com', 'FC_Metz', 'contraseña_fc_metz', 'telefono_fc_metz', 'escudo_fc_metz.jpg', 'equipo'),
(234, 'fc_nantes@example.com', 'FC_Nantes', 'contraseña_fc_nantes', 'telefono_fc_nantes', 'escudo_fc_nantes.jpg', 'equipo'),
(235, 'stade_reims@example.com', 'Stade_Reims', 'contraseña_stade_reims', 'telefono_stade_reims', 'escudo_stade_reims.jpg', 'equipo'),
(236, 'nimes_olympique@example.com', 'Nimes_Olympique', 'contraseña_nimes_olympique', 'telefono_nimes_olymp', 'escudo_nimes_olympique.jpg', 'equipo'),
(237, 'fc_lorient@example.com', 'FC_Lorient', 'contraseña_fc_lorient', 'telefono_fc_lorient', 'escudo_fc_lorient.jpg', 'equipo'),
(238, 'as_nancy_lorraine@example.com', 'AS_Nancy_Lorraine', 'contraseña_as_nancy_lorraine', 'telefono_as_nancy_lo', 'escudo_as_nancy_lorraine.jpg', 'equipo'),
(239, 'dijon_fco@example.com', 'Dijon_FCO', 'contraseña_dijon_fco', 'telefono_dijon_fco', 'escudo_dijon_fco.jpg', 'equipo'),
(240, 'troyes_ac@example.com', 'Troyes_AC', 'contraseña_troyes_ac', 'telefono_troyes_ac', 'escudo_troyes_ac.jpg', 'equipo'),
(241, 'clermont_foot@example.com', 'Clermont_Foot', 'contraseña_clermont_foot', 'telefono_clermont_fo', 'escudo_clermont_foot.jpg', 'equipo'),
(242, 'aj_auxerre@example.com', 'AJ_Auxerre', 'contraseña_aj_auxerre', 'telefono_aj_auxerre', 'escudo_aj_auxerre.jpg', 'equipo'),
(243, 'rc_lens@example.com', 'RC_Lens', 'contraseña_rc_lens', 'telefono_rc_lens', 'escudo_rc_lens.jpg', 'equipo'),
(244, 'fc_sochaux_montbeliard@example.com', 'FC_Sochaux_Montbeliard', 'contraseña_fc_sochaux_montbeliard', 'telefono_fc_sochaux_', 'escudo_fc_sochaux_montbeliard.jpg', 'equipo'),
(245, 'toulouse_fc@example.com', 'Toulouse_FC', 'contraseña_toulouse_fc', 'telefono_toulouse_fc', 'escudo_toulouse_fc.jpg', 'equipo'),
(246, 'grenoble_foot_38@example.com', 'Grenoble_Foot_38', 'contraseña_grenoble_foot_38', 'telefono_grenoble_fo', 'escudo_grenoble_foot.jpg', 'equipo'),
(247, 'amiens_sc@example.com', 'Amiens_SC', 'contraseña_amiens_sc', 'telefono_amiens_sc', 'escudo_amiens_sc.jpg', 'equipo'),
(248, 'clermont_foot_2@example.com', 'Clermont_Foot_2', 'contraseña_clermont_foot_2', 'telefono_clermont_fo', 'escudo_clermont_foot_2.jpg', 'equipo'),
(249, 'as_nancy_lorraine_2@example.com', 'AS_Nancy_Lorraine_2', 'contraseña_as_nancy_lorraine_2', 'telefono_as_nancy_lo', 'escudo_as_nancy_lorraine_2.jpg', 'equipo'),
(250, 'dijon_fco_2@example.com', 'Dijon_FCO_2', 'contraseña_dijon_fco_2', 'telefono_dijon_fco_2', 'escudo_dijon_fco_2.jpg', 'equipo'),
(251, 'chamois_niortais_fc@example.com', 'Chamois_Niortais_FC', 'contraseña_chamois_niortais_fc', 'telefono_chamois_nio', 'escudo_chamois_niortais_fc.jpg', 'equipo'),
(252, 'valenciennes_fc@example.com', 'Valenciennes_FC', 'contraseña_valenciennes_fc', 'telefono_valencienne', 'escudo_valenciennes_fc.jpg', 'equipo'),
(253, 'us_orleans@example.com', 'US_Orléans', 'contraseña_us_orleans', 'telefono_us_orleans', 'escudo_us_orleans.jpg', 'equipo'),
(254, 'le_havre_ac@example.com', 'Le_Havre_AC', 'contraseña_le_havre_ac', 'telefono_le_havre_ac', 'escudo_le_havre_ac.jpg', 'equipo'),
(255, 'ea_guingamp@example.com', 'EA_Guingamp', 'contraseña_ea_guingamp', 'telefono_ea_guingamp', 'escudo_ea_guingamp.jpg', 'equipo'),
(256, 'aj_ajaccio@example.com', 'AJ_Ajaccio', 'contraseña_aj_ajaccio', 'telefono_aj_ajaccio', 'escudo_aj_ajaccio.jpg', 'equipo'),
(257, 'rodez_af@example.com', 'Rodez_AF', 'contraseña_rodez_af', 'telefono_rodez_af', 'escudo_rodez_af.jpg', 'equipo'),
(258, 'paris_fc@example.com', 'Paris_FC', 'contraseña_paris_fc', 'telefono_paris_fc', 'escudo_paris_fc.jpg', 'equipo'),
(259, 'us_quevilly_rouen@example.com', 'US_Quevilly_Rouen', 'contraseña_us_quevilly_rouen', 'telefono_us_quevilly', 'escudo_us_quevilly_rouen.jpg', 'equipo'),
(260, 'chateauroux@example.com', 'Châteauroux', 'contraseña_chateauroux', 'telefono_chateauroux', 'escudo_chateauroux.jpg', 'equipo'),
(261, 'usl_dunkerque@example.com', 'USL_Dunkerque', 'contraseña_usl_dunkerque', 'telefono_usl_dunkerq', 'escudo_usl_dunkerque.jpg', 'equipo'),
(262, 'pau_fc@example.com', 'Pau_FC', 'contraseña_pau_fc', 'telefono_pau_fc', 'escudo_pau_fc.jpg', 'equipo'),
(263, 'ac_ajaccio@example.com', 'AC_Ajaccio', 'contraseña_ac_ajaccio', 'telefono_ac_ajaccio', 'escudo_ac_ajaccio.jpg', 'equipo'),
(264, 'niortais_fc@example.com', 'Niortais_FC', 'contraseña_niortais_fc', 'telefono_niortais_fc', 'escudo_niortais_fc.jpg', 'equipo'),
(265, 'red_star_fc@example.com', 'Red_Star_FC', 'contraseña_red_star_fc', 'telefono_red_star_fc', 'escudo_red_star_fc.jpg', 'equipo'),
(266, 'us_boulogne@example.com', 'US_Boulogne', 'contraseña_us_boulogne', 'telefono_us_boulogne', 'escudo_us_boulogne.jpg', 'equipo'),
(267, 'quevilly_rouen@example.com', 'Quevilly_Rouen', 'contraseña_quevilly_rouen', 'telefono_quevilly_ro', 'escudo_quevilly_rouen.jpg', 'equipo'),
(268, 'so_cholet@example.com', 'SO_Cholet', 'contraseña_so_cholet', 'telefono_so_cholet', 'escudo_so_cholet.jpg', 'equipo'),
(269, 'sc_lyon@example.com', 'SC_Lyon', 'contraseña_sc_lyon', 'telefono_sc_lyon', 'escudo_sc_lyon.jpg', 'equipo'),
(270, 'stade_lavallois@example.com', 'Stade_Lavallois', 'contraseña_stade_lavallois', 'telefono_stade_laval', 'escudo_stade_lavallois.jpg', 'equipo'),
(271, 'us_avranches@example.com', 'US_Avranches', 'contraseña_us_avranches', 'telefono_us_avranche', 'escudo_us_avranches.jpg', 'equipo'),
(272, 'gazelec_ajaccio@example.com', 'Gazelec_Ajaccio', 'contraseña_gazelec_ajaccio', 'telefono_gazelec_aja', 'escudo_gazelec_ajaccio.jpg', 'equipo'),
(273, 'le_mans_fc@example.com', 'Le_Mans_FC', 'contraseña_le_mans_fc', 'telefono_le_mans_fc', 'escudo_le_mans_fc.jpg', 'equipo'),
(274, 'us_creteil_lusitanos@example.com', 'US_Créteil_Lusitanos', 'contraseña_us_creteil_lusitanos', 'telefono_us_creteil_', 'escudo_us_creteil_lusitanos.jpg', 'equipo'),
(275, 'bastia_borgo@example.com', 'Bastia_Borgo', 'contraseña_bastia_borgo', 'telefono_bastia_borg', 'escudo_bastia_borgo.jpg', 'equipo'),
(276, 'fc_annecy@example.com', 'FC_Annecy', 'contraseña_fc_annecy', 'telefono_fc_annecy', 'escudo_fc_annecy.jpg', 'equipo'),
(277, 'us_concarneau@example.com', 'US_Concarneau', 'contraseña_us_concarneau', 'telefono_us_concarne', 'escudo_us_concarneau.jpg', 'equipo'),
(278, 'bourg_en_bresse_peronnas@example.com', 'Bourg_en_Bresse_Péronnas', 'contraseña_bourg_en_bresse_peronnas', 'telefono_bourg_en_br', 'escudo_bourg_en_bresse_peronnas.jpg', 'equipo'),
(279, 'sc_toulon@example.com', 'SC_Toulon', 'contraseña_sc_toulon', 'telefono_sc_toulon', 'escudo_sc_toulon.jpg', 'equipo'),
(280, 'as_beziers@example.com', 'AS_Béziers', 'contraseña_as_beziers', 'telefono_as_beziers', 'escudo_as_beziers.jpg', 'equipo'),
(281, 'as_lyon_duchere@example.com', 'AS_Lyon_Duchère', 'contraseña_as_lyon_duchere', 'telefono_as_lyon_duc', 'escudo_as_lyon_duchere.jpg', 'equipo'),
(282, 'fc_villefranche@example.com', 'FC_Villefranche', 'contraseña_fc_villefranche', 'telefono_fc_villefra', 'escudo_fc_villefranche.jpg', 'equipo'),
(283, 'us_saint_malo@example.com', 'US_Saint_Malo', 'contraseña_us_saint_malo', 'telefono_us_saint_ma', 'escudo_us_saint_malo.jpg', 'equipo'),
(284, 'sc_schiltigheim@example.com', 'SC_Schiltigheim', 'contraseña_sc_schiltigheim', 'telefono_sc_schiltig', 'escudo_sc_schiltigheim.jpg', 'equipo'),
(285, 'olympique_ales@example.com', 'Olympique_Ales', 'contraseña_olympique_ales', 'telefono_olympique_a', 'escudo_olympique_ales.jpg', 'equipo'),
(286, 'as_fabregues@example.com', 'AS_Fabrègues', 'contraseña_as_fabregues', 'telefono_as_fabregue', 'escudo_as_fabregues.jpg', 'equipo'),
(287, 'as_beauvais@example.com', 'AS_Beauvais', 'contraseña_as_beauvais', 'telefono_as_beauvais', 'escudo_as_beauvais.jpg', 'equipo'),
(288, 'fc_porto@example.com', 'FC_Porto', 'contraseña_fc_porto', 'telefono_fc_porto', 'escudo_fc_porto.jpg', 'equipo'),
(289, 'sl_benfica@example.com', 'SL_Benfica', 'contraseña_sl_benfica', 'telefono_sl_benfica', 'escudo_sl_benfica.jpg', 'equipo'),
(290, 'sporting_cp@example.com', 'Sporting_CP', 'contraseña_sporting_cp', 'telefono_sporting_cp', 'escudo_sporting_cp.jpg', 'equipo'),
(291, 'sc_braga@example.com', 'SC_Braga', 'contraseña_sc_braga', 'telefono_sc_braga', 'escudo_sc_braga.jpg', 'equipo'),
(292, 'vitoria_sc@example.com', 'Vitoria_SC', 'contraseña_vitoria_sc', 'telefono_vitoria_sc', 'escudo_vitoria_sc.jpg', 'equipo'),
(293, 'fc_pacos_de_ferreira@example.com', 'FC_Pacos_de_Ferreira', 'contraseña_fc_pacos_de_ferreira', 'telefono_fc_pacos_de', 'escudo_fc_pacos_de_ferreira.jpg', 'equipo'),
(294, 'santa_clara@example.com', 'Santa_Clara', 'contraseña_santa_clara', 'telefono_santa_clara', 'escudo_santa_clara.jpg', 'equipo'),
(295, 'moreirense_fc@example.com', 'Moreirense_FC', 'contraseña_moreirense_fc', 'telefono_moreirense_', 'escudo_moreirense_fc.jpg', 'equipo'),
(296, 'boavista_fc@example.com', 'Boavista_FC', 'contraseña_boavista_fc', 'telefono_boavista_fc', 'escudo_boavista_fc.jpg', 'equipo'),
(297, 'gil_vicente_fc@example.com', 'Gil_Vicente_FC', 'contraseña_gil_vicente_fc', 'telefono_gil_vicente', 'escudo_gil_vicente_fc.jpg', 'equipo'),
(298, 'maritimo@example.com', 'Maritimo', 'contraseña_maritimo', 'telefono_maritimo', 'escudo_maritimo.jpg', 'equipo'),
(299, 'portimonense_sc@example.com', 'Portimonense_SC', 'contraseña_portimonense_sc', 'telefono_portimonens', 'escudo_portimonense_sc.jpg', 'equipo'),
(300, 'cd_tondela@example.com', 'CD_Tondela', 'contraseña_cd_tondela', 'telefono_cd_tondela', 'escudo_cd_tondela.jpg', 'equipo'),
(301, 'belenenses_sad@example.com', 'Belenenses_SAD', 'contraseña_belenenses_sad', 'telefono_belenenses_', 'escudo_belenenses_sad.jpg', 'equipo'),
(302, 'fc_famalicao@example.com', 'FC_Famalicao', 'contraseña_fc_famalicao', 'telefono_fc_famalica', 'escudo_fc_famalicao.jpg', 'equipo'),
(303, 'rio_ave_fc@example.com', 'Rio_Ave_FC', 'contraseña_rio_ave_fc', 'telefono_rio_ave_fc', 'escudo_rio_ave_fc.jpg', 'equipo'),
(304, 'cs_maritimo@example.com', 'CS_Maritimo', 'contraseña_cs_maritimo', 'telefono_cs_maritimo', 'escudo_cs_maritimo.jpg', 'equipo'),
(305, 'cd_nacional@example.com', 'CD_Nacional', 'contraseña_cd_nacional', 'telefono_cd_nacional', 'escudo_cd_nacional.jpg', 'equipo'),
(306, 'portimonense_sc_2@example.com', 'Portimonense_SC_2', 'contraseña_portimonense_sc_2', 'telefono_portimonens', 'escudo_portimonense_sc_2.jpg', 'equipo'),
(307, 'vitoria_fc@example.com', 'Vitoria_FC', 'contraseña_vitoria_fc', 'telefono_vitoria_fc', 'escudo_vitoria_fc.jpg', 'equipo'),
(308, 'fc_arouca@example.com', 'FC_Arouca', 'contraseña_fc_arouca', 'telefono_fc_arouca', 'escudo_fc_arouca.jpg', 'equipo'),
(309, 'estoril_praia@example.com', 'Estoril_Praia', 'contraseña_estoril_praia', 'telefono_estoril_pra', 'escudo_estoril_praia.jpg', 'equipo'),
(310, 'boavista_fc_2@example.com', 'Boavista_FC_2', 'contraseña_boavista_fc_2', 'telefono_boavista_fc', 'escudo_boavista_fc_2.jpg', 'equipo'),
(311, 'fc_penafiel@example.com', 'FC_Penafiel', 'contraseña_fc_penafiel', 'telefono_fc_penafiel', 'escudo_fc_penafiel.jpg', 'equipo'),
(312, 'academico_de_viseu_fc@example.com', 'Academico_de_Viseu_FC', 'contraseña_academico_de_viseu_fc', 'telefono_academico_d', 'escudo_academico_viseu_fc.jpg', 'equipo'),
(313, 'cd_feirense@example.com', 'CD_Feirense', 'contraseña_cd_feirense', 'telefono_cd_feirense', 'escudo_cd_feirense.jpg', 'equipo'),
(314, 'ud_oliveirense@example.com', 'UD_Oliveirense', 'contraseña_ud_oliveirense', 'telefono_ud_oliveire', 'escudo_ud_oliveirense.jpg', 'equipo'),
(315, 'varzim_sc@example.com', 'Varzim_SC', 'contraseña_varzim_sc', 'telefono_varzim_sc', 'escudo_varzim_sc.jpg', 'equipo'),
(316, 'leixoes_sc@example.com', 'Leixoes_SC', 'contraseña_leixoes_sc', 'telefono_leixoes_sc', 'escudo_leixoes_sc.jpg', 'equipo'),
(317, 'vilafranquense@example.com', 'Vilafranquense', 'contraseña_vilafranquense', 'telefono_vilafranque', 'escudo_vilafranquense.jpg', 'equipo'),
(318, 'sc_covilha@example.com', 'SC_Covilha', 'contraseña_sc_covilha', 'telefono_sc_covilha', 'escudo_sc_covilha.jpg', 'equipo'),
(319, 'casa_pia_ac@example.com', 'Casa_Pia_AC', 'contraseña_casa_pia_ac', 'telefono_casa_pia_ac', 'escudo_casa_pia_ac.jpg', 'equipo'),
(320, 'ud_vilafranquense@example.com', 'UD_Vilafranquense', 'contraseña_ud_vilafranquense', 'telefono_ud_vilafran', 'escudo_ud_vilafranquense.jpg', 'equipo'),
(321, 'gd_estoril_praia@example.com', 'GD_Estoril_Praia', 'contraseña_gd_estoril_praia', 'telefono_gd_estoril_', 'escudo_gd_estoril_praia.jpg', 'equipo'),
(322, 'fc_porto_b@example.com', 'FC_Porto_B', 'contraseña_fc_porto_b', 'telefono_fc_porto_b', 'escudo_fc_porto_b.jpg', 'equipo'),
(323, 'benfica_b@example.com', 'Benfica_B', 'contraseña_benfica_b', 'telefono_benfica_b', 'escudo_benfica_b.jpg', 'equipo'),
(324, 'sporting_cp_b@example.com', 'Sporting_CP_B', 'contraseña_sporting_cp_b', 'telefono_sporting_cp', 'escudo_sporting_cp_b.jpg', 'equipo'),
(325, 'vitoria_sc_b@example.com', 'Vitoria_SC_B', 'contraseña_vitoria_sc_b', 'telefono_vitoria_sc_', 'escudo_vitoria_sc_b.jpg', 'equipo'),
(326, 'fc_pacos_de_ferreira_b@example.com', 'FC_Pacos_de_Ferreira_B', 'contraseña_fc_pacos_de_ferreira_b', 'telefono_fc_pacos_de', 'escudo_fc_pacos_de_ferreira_b.jpg', 'equipo'),
(327, 'ud_oliveirense_b@example.com', 'UD_Oliveirense_B', 'contraseña_ud_oliveirense_b', 'telefono_ud_oliveire', 'escudo_ud_oliveirense_b.jpg', 'equipo'),
(328, 'varzim_sc_b@example.com', 'Varzim_SC_B', 'contraseña_varzim_sc_b', 'telefono_varzim_sc_b', 'escudo_varzim_sc_b.jpg', 'equipo'),
(329, 'leixoes_sc_b@example.com', 'Leixoes_SC_B', 'contraseña_leixoes_sc_b', 'telefono_leixoes_sc_', 'escudo_leixoes_sc_b.jpg', 'equipo'),
(330, 'vizela@example.com', 'Vizela', 'contraseña_vizela', 'telefono_vizela', 'escudo_vizela.jpg', 'equipo'),
(331, 'cd_cova_da_piedade@example.com', 'CD_Cova_da_Piedade', 'contraseña_cd_cova_da_piedade', 'telefono_cd_cova_da_', 'escudo_cd_cova_da_piedade.jpg', 'equipo'),
(332, 'academica_de_coimbra@example.com', 'Academica_de_Coimbra', 'contraseña_academica_de_coimbra', 'telefono_academica_d', 'escudo_academica_de_coimbra.jpg', 'equipo'),
(333, 'feirense@example.com', 'Feirense', 'contraseña_feirense', 'telefono_feirense', 'escudo_feirense.jpg', 'equipo'),
(334, 'vitoria_setubal_b@example.com', 'Vitoria_Setubal_B', 'contraseña_vitoria_setubal_b', 'telefono_vitoria_set', 'escudo_vitoria_setubal_b.jpg', 'equipo'),
(335, 'sc_farense_b@example.com', 'SC_Farense_B', 'contraseña_sc_farense_b', 'telefono_sc_farense_', 'escudo_sc_farense_b.jpg', 'equipo'),
(336, 'portimonense_sc_b@example.com', 'Portimonense_SC_B', 'contraseña_portimonense_sc_b', 'telefono_portimonens', 'escudo_portimonense_sc_b_2.jpg', 'equipo'),
(337, 'lusitano_vrsa@example.com', 'Lusitano_VRSA', 'contraseña_lusitano_vrsa', 'telefono_lusitano_vr', 'escudo_lusitano_vrsa.jpg', 'equipo'),
(338, 'olhanense@example.com', 'Olhanense', 'contraseña_olhanense', 'telefono_olhanense', 'escudo_olhanense.jpg', 'equipo'),
(339, 'louletano_dc@example.com', 'Louletano_DC', 'contraseña_louletano_dc', 'telefono_louletano_d', 'escudo_louletano_dc.jpg', 'equipo'),
(340, 'armacenenses@example.com', 'Armacenenses', 'contraseña_armacenenses', 'telefono_armacenense', 'escudo_armacenenses.jpg', 'equipo'),
(341, 'casa_pia_ac_b@example.com', 'Casa_Pia_AC_B', 'contraseña_casa_pia_ac_b', 'telefono_casa_pia_ac', 'escudo_casa_pia_ac_b.jpg', 'equipo'),
(342, 'oriental@example.com', 'Oriental', 'contraseña_oriental', 'telefono_oriental', 'escudo_oriental.jpg', 'equipo'),
(343, 'sintrense@example.com', 'Sintrense', 'contraseña_sintrense', 'telefono_sintrense', 'escudo_sintrense.jpg', 'equipo'),
(344, 'loures@example.com', 'Loures', 'contraseña_loures', 'telefono_loures', 'escudo_loures.jpg', 'equipo'),
(345, 'real_sc@example.com', 'Real_SC', 'contraseña_real_sc', 'telefono_real_sc', 'escudo_real_sc.jpg', 'equipo'),
(346, '1_de_dezembro@example.com', '1_de_Dezembro', 'contraseña_1_de_dezembro', 'telefono_1_de_dezemb', 'escudo_1_dezembro.jpg', 'equipo'),
(347, 'lourinhanense@example.com', 'Lourinhanense', 'contraseña_lourinhanense', 'telefono_lourinhanen', 'escudo_lourinhanense.jpg', 'equipo'),
(348, 'torreense@example.com', 'Torreense', 'contraseña_torreense', 'telefono_torreense', 'escudo_torreense.jpg', 'equipo'),
(349, 'sacavenense@example.com', 'Sacavenense', 'contraseña_sacavenense', 'telefono_sacavenense', 'escudo_sacavenense.jpg', 'equipo'),
(350, 'sintrense_b@example.com', 'Sintrense_B', 'contraseña_sintrense_b', 'telefono_sintrense_b', 'escudo_sintrense_b.jpg', 'equipo'),
(351, 'oriental_b@example.com', 'Oriental_B', 'contraseña_oriental_b', 'telefono_oriental_b', 'escudo_oriental_b.jpg', 'equipo'),
(352, 'caldas_sc@example.com', 'Caldas_SC', 'contraseña_caldas_sc', 'telefono_caldas_sc', 'escudo_caldas_sc.jpg', 'equipo'),
(353, 'peniche@example.com', 'Peniche', 'contraseña_peniche', 'telefono_peniche', 'escudo_peniche.jpg', 'equipo'),
(354, 'sacavenense_b@example.com', 'Sacavenense_B', 'contraseña_sacavenense_b', 'telefono_sacavenense', 'escudo_sacavenense_b_2.jpg', 'equipo'),
(355, 'real_sc_b@example.com', 'Real_SC_B', 'contraseña_real_sc_b', 'telefono_real_sc_b', 'escudo_real_sc_b.jpg', 'equipo'),
(356, 'vilafranquense_b@example.com', 'Vilafranquense_B', 'contraseña_vilafranquense_b', 'telefono_vilafranque', 'escudo_vilafranquense_b.jpg', 'equipo');

-- --------------------------------------------------------

--
-- Estructura de tabla para la tabla `ver`
--

CREATE TABLE `ver` (
  `Partido` int(11) NOT NULL,
  `Aficionado` int(11) NOT NULL,
  `butaca` int(11) DEFAULT NULL
) ENGINE=InnoDB DEFAULT CHARSET=utf8mb4 COLLATE=utf8mb4_general_ci;

--
-- Índices para tablas volcadas
--

--
-- Indices de la tabla `accion`
--
ALTER TABLE `accion`
  ADD PRIMARY KEY (`ID_accion`),
  ADD KEY `Comprador` (`Comprador`),
  ADD KEY `Vendedor` (`Vendedor`),
  ADD KEY `Jugador` (`Jugador`);

--
-- Indices de la tabla `admin`
--
ALTER TABLE `admin`
  ADD PRIMARY KEY (`id_usuario`);

--
-- Indices de la tabla `aficionado`
--
ALTER TABLE `aficionado`
  ADD PRIMARY KEY (`id_usuario`),
  ADD KEY `id_CA` (`id_CA`);

--
-- Indices de la tabla `amarilla`
--
ALTER TABLE `amarilla`
  ADD PRIMARY KEY (`Suceso`),
  ADD KEY `infractor` (`infractor`);

--
-- Indices de la tabla `arbitro`
--
ALTER TABLE `arbitro`
  ADD PRIMARY KEY (`ID_arbitro`);

--
-- Indices de la tabla `asociar`
--
ALTER TABLE `asociar`
  ADD PRIMARY KEY (`Equipo`,`Aficionado`,`Cuota`),
  ADD KEY `Aficionado` (`Aficionado`),
  ADD KEY `Cuota` (`Cuota`);

--
-- Indices de la tabla `beneficio`
--
ALTER TABLE `beneficio`
  ADD PRIMARY KEY (`ID_beneficio`);

--
-- Indices de la tabla `cambio`
--
ALTER TABLE `cambio`
  ADD PRIMARY KEY (`Suceso`),
  ADD KEY `Entra` (`Entra`),
  ADD KEY `Sale` (`Sale`);

--
-- Indices de la tabla `competicion`
--
ALTER TABLE `competicion`
  ADD PRIMARY KEY (`ID_Competicion`),
  ADD KEY `ID_pais` (`ID_pais`);

--
-- Indices de la tabla `comunidadautonoma`
--
ALTER TABLE `comunidadautonoma`
  ADD PRIMARY KEY (`ID_CA`),
  ADD KEY `pais` (`pais`);

--
-- Indices de la tabla `cuota`
--
ALTER TABLE `cuota`
  ADD PRIMARY KEY (`ID_cuota`);

--
-- Indices de la tabla `entrenador`
--
ALTER TABLE `entrenador`
  ADD PRIMARY KEY (`id_Entrenador`),
  ADD KEY `id_CA` (`id_CA`);

--
-- Indices de la tabla `entrenar`
--
ALTER TABLE `entrenar`
  ADD PRIMARY KEY (`id_entrenamiento`),
  ADD KEY `entrenador` (`entrenador`),
  ADD KEY `equipo` (`equipo`);

--
-- Indices de la tabla `equipo`
--
ALTER TABLE `equipo`
  ADD PRIMARY KEY (`id_usuario`),
  ADD KEY `id_CA` (`id_CA`);

--
-- Indices de la tabla `estadio`
--
ALTER TABLE `estadio`
  ADD PRIMARY KEY (`ID_estadio`),
  ADD KEY `id_usuario` (`id_usuario`);

--
-- Indices de la tabla `estadisticas`
--
ALTER TABLE `estadisticas`
  ADD PRIMARY KEY (`ID_Estadistica`);

--
-- Indices de la tabla `falta`
--
ALTER TABLE `falta`
  ADD PRIMARY KEY (`Suceso`),
  ADD KEY `infractor` (`infractor`);

--
-- Indices de la tabla `fuera_juego`
--
ALTER TABLE `fuera_juego`
  ADD PRIMARY KEY (`Suceso`),
  ADD KEY `infractor` (`infractor`);

--
-- Indices de la tabla `gol`
--
ALTER TABLE `gol`
  ADD PRIMARY KEY (`Suceso`),
  ADD KEY `Goleador` (`Goleador`);

--
-- Indices de la tabla `jornada`
--
ALTER TABLE `jornada`
  ADD PRIMARY KEY (`ID_jornada`);

--
-- Indices de la tabla `jugador`
--
ALTER TABLE `jugador`
  ADD PRIMARY KEY (`ID_jugador`),
  ADD KEY `Equipo` (`Equipo`),
  ADD KEY `ID_CA` (`ID_CA`);

--
-- Indices de la tabla `jugador_posiciones`
--
ALTER TABLE `jugador_posiciones`
  ADD PRIMARY KEY (`Jugador`,`Posicion`),
  ADD KEY `Posicion` (`Posicion`);

--
-- Indices de la tabla `jugar`
--
ALTER TABLE `jugar`
  ADD PRIMARY KEY (`Partido`,`Jornada`,`Competicion`,`Edicion`),
  ADD KEY `Jornada` (`Jornada`),
  ADD KEY `Competicion` (`Competicion`);

--
-- Indices de la tabla `nominacion`
--
ALTER TABLE `nominacion`
  ADD PRIMARY KEY (`Jugador`,`Premio`),
  ADD KEY `Premio` (`Premio`);

--
-- Indices de la tabla `once_inicial`
--
ALTER TABLE `once_inicial`
  ADD PRIMARY KEY (`Suceso`),
  ADD KEY `Jugador_1` (`Jugador_1`),
  ADD KEY `Jugador_2` (`Jugador_2`),
  ADD KEY `Jugador_3` (`Jugador_3`),
  ADD KEY `Jugador_4` (`Jugador_4`),
  ADD KEY `Jugador_5` (`Jugador_5`),
  ADD KEY `Jugador_6` (`Jugador_6`),
  ADD KEY `Jugador_7` (`Jugador_7`),
  ADD KEY `Jugador_8` (`Jugador_8`),
  ADD KEY `Jugador_9` (`Jugador_9`),
  ADD KEY `Jugador_10` (`Jugador_10`),
  ADD KEY `Jugador_11` (`Jugador_11`);

--
-- Indices de la tabla `pais`
--
ALTER TABLE `pais`
  ADD PRIMARY KEY (`ID_pais`);

--
-- Indices de la tabla `participar`
--
ALTER TABLE `participar`
  ADD PRIMARY KEY (`Equipo`,`Competicion`,`Edicion`),
  ADD KEY `Competicion` (`Competicion`);

--
-- Indices de la tabla `partido`
--
ALTER TABLE `partido`
  ADD PRIMARY KEY (`ID_partido`),
  ADD KEY `Arbitro` (`Arbitro`),
  ADD KEY `Local` (`Local`),
  ADD KEY `Visitante` (`Visitante`);

--
-- Indices de la tabla `penalti`
--
ALTER TABLE `penalti`
  ADD PRIMARY KEY (`Suceso`),
  ADD KEY `infractor` (`infractor`);

--
-- Indices de la tabla `posiciones`
--
ALTER TABLE `posiciones`
  ADD PRIMARY KEY (`ID_posicion`);

--
-- Indices de la tabla `premios`
--
ALTER TABLE `premios`
  ADD PRIMARY KEY (`ID_Premio`);

--
-- Indices de la tabla `roja`
--
ALTER TABLE `roja`
  ADD PRIMARY KEY (`Suceso`),
  ADD KEY `infractor` (`infractor`);

--
-- Indices de la tabla `staff`
--
ALTER TABLE `staff`
  ADD KEY `Entrenador` (`Entrenador`),
  ADD KEY `Trabajador` (`Trabajador`);

--
-- Indices de la tabla `sucesos`
--
ALTER TABLE `sucesos`
  ADD PRIMARY KEY (`ID_suceso`),
  ADD KEY `Partido` (`Partido`);

--
-- Indices de la tabla `tener_beneficios`
--
ALTER TABLE `tener_beneficios`
  ADD PRIMARY KEY (`Beneficio`,`Cuota`),
  ADD KEY `Cuota` (`Cuota`);

--
-- Indices de la tabla `tener_estadisticas`
--
ALTER TABLE `tener_estadisticas`
  ADD PRIMARY KEY (`Jugador`,`Estadistica`),
  ADD KEY `Estadistica` (`Estadistica`);

--
-- Indices de la tabla `trabajador`
--
ALTER TABLE `trabajador`
  ADD PRIMARY KEY (`ID_trabajador`),
  ADD KEY `id_CA` (`id_CA`);

--
-- Indices de la tabla `usuario`
--
ALTER TABLE `usuario`
  ADD PRIMARY KEY (`id_usuario`);

--
-- Indices de la tabla `ver`
--
ALTER TABLE `ver`
  ADD PRIMARY KEY (`Partido`,`Aficionado`),
  ADD KEY `Aficionado` (`Aficionado`);

--
-- AUTO_INCREMENT de las tablas volcadas
--

--
-- AUTO_INCREMENT de la tabla `partido`
--
ALTER TABLE `partido`
  MODIFY `ID_partido` int(11) NOT NULL AUTO_INCREMENT, AUTO_INCREMENT=7637;

--
-- Restricciones para tablas volcadas
--

--
-- Filtros para la tabla `accion`
--
ALTER TABLE `accion`
  ADD CONSTRAINT `accion_ibfk_1` FOREIGN KEY (`Comprador`) REFERENCES `equipo` (`id_usuario`),
  ADD CONSTRAINT `accion_ibfk_2` FOREIGN KEY (`Vendedor`) REFERENCES `equipo` (`id_usuario`),
  ADD CONSTRAINT `accion_ibfk_3` FOREIGN KEY (`Jugador`) REFERENCES `jugador` (`ID_jugador`);

--
-- Filtros para la tabla `admin`
--
ALTER TABLE `admin`
  ADD CONSTRAINT `admin_ibfk_1` FOREIGN KEY (`id_usuario`) REFERENCES `usuario` (`id_usuario`);

--
-- Filtros para la tabla `aficionado`
--
ALTER TABLE `aficionado`
  ADD CONSTRAINT `aficionado_ibfk_1` FOREIGN KEY (`id_usuario`) REFERENCES `usuario` (`id_usuario`),
  ADD CONSTRAINT `aficionado_ibfk_2` FOREIGN KEY (`id_CA`) REFERENCES `comunidadautonoma` (`ID_CA`);

--
-- Filtros para la tabla `amarilla`
--
ALTER TABLE `amarilla`
  ADD CONSTRAINT `amarilla_ibfk_1` FOREIGN KEY (`Suceso`) REFERENCES `sucesos` (`ID_suceso`),
  ADD CONSTRAINT `amarilla_ibfk_2` FOREIGN KEY (`infractor`) REFERENCES `jugador` (`ID_jugador`);

--
-- Filtros para la tabla `asociar`
--
ALTER TABLE `asociar`
  ADD CONSTRAINT `asociar_ibfk_1` FOREIGN KEY (`Equipo`) REFERENCES `equipo` (`id_usuario`),
  ADD CONSTRAINT `asociar_ibfk_2` FOREIGN KEY (`Aficionado`) REFERENCES `aficionado` (`id_usuario`),
  ADD CONSTRAINT `asociar_ibfk_3` FOREIGN KEY (`Cuota`) REFERENCES `cuota` (`ID_cuota`);

--
-- Filtros para la tabla `cambio`
--
ALTER TABLE `cambio`
  ADD CONSTRAINT `cambio_ibfk_1` FOREIGN KEY (`Suceso`) REFERENCES `sucesos` (`ID_suceso`),
  ADD CONSTRAINT `cambio_ibfk_2` FOREIGN KEY (`Entra`) REFERENCES `jugador` (`ID_jugador`),
  ADD CONSTRAINT `cambio_ibfk_3` FOREIGN KEY (`Sale`) REFERENCES `jugador` (`ID_jugador`);

--
-- Filtros para la tabla `competicion`
--
ALTER TABLE `competicion`
  ADD CONSTRAINT `competicion_ibfk_1` FOREIGN KEY (`ID_pais`) REFERENCES `pais` (`ID_pais`);

--
-- Filtros para la tabla `comunidadautonoma`
--
ALTER TABLE `comunidadautonoma`
  ADD CONSTRAINT `comunidadautonoma_ibfk_1` FOREIGN KEY (`pais`) REFERENCES `pais` (`ID_pais`);

--
-- Filtros para la tabla `entrenador`
--
ALTER TABLE `entrenador`
  ADD CONSTRAINT `entrenador_ibfk_1` FOREIGN KEY (`id_CA`) REFERENCES `comunidadautonoma` (`ID_CA`);

--
-- Filtros para la tabla `entrenar`
--
ALTER TABLE `entrenar`
  ADD CONSTRAINT `entrenar_ibfk_1` FOREIGN KEY (`entrenador`) REFERENCES `entrenador` (`id_Entrenador`),
  ADD CONSTRAINT `entrenar_ibfk_2` FOREIGN KEY (`equipo`) REFERENCES `equipo` (`id_usuario`);

--
-- Filtros para la tabla `equipo`
--
ALTER TABLE `equipo`
  ADD CONSTRAINT `equipo_ibfk_1` FOREIGN KEY (`id_usuario`) REFERENCES `usuario` (`id_usuario`),
  ADD CONSTRAINT `equipo_ibfk_2` FOREIGN KEY (`id_CA`) REFERENCES `comunidadautonoma` (`ID_CA`);

--
-- Filtros para la tabla `estadio`
--
ALTER TABLE `estadio`
  ADD CONSTRAINT `estadio_ibfk_1` FOREIGN KEY (`id_usuario`) REFERENCES `equipo` (`id_usuario`);

--
-- Filtros para la tabla `falta`
--
ALTER TABLE `falta`
  ADD CONSTRAINT `falta_ibfk_1` FOREIGN KEY (`Suceso`) REFERENCES `sucesos` (`ID_suceso`),
  ADD CONSTRAINT `falta_ibfk_2` FOREIGN KEY (`infractor`) REFERENCES `jugador` (`ID_jugador`);

--
-- Filtros para la tabla `fuera_juego`
--
ALTER TABLE `fuera_juego`
  ADD CONSTRAINT `fuera_juego_ibfk_1` FOREIGN KEY (`Suceso`) REFERENCES `sucesos` (`ID_suceso`),
  ADD CONSTRAINT `fuera_juego_ibfk_2` FOREIGN KEY (`infractor`) REFERENCES `jugador` (`ID_jugador`);

--
-- Filtros para la tabla `gol`
--
ALTER TABLE `gol`
  ADD CONSTRAINT `gol_ibfk_1` FOREIGN KEY (`Suceso`) REFERENCES `sucesos` (`ID_suceso`),
  ADD CONSTRAINT `gol_ibfk_2` FOREIGN KEY (`Goleador`) REFERENCES `jugador` (`ID_jugador`);

--
-- Filtros para la tabla `jugador`
--
ALTER TABLE `jugador`
  ADD CONSTRAINT `jugador_ibfk_1` FOREIGN KEY (`Equipo`) REFERENCES `equipo` (`id_usuario`),
  ADD CONSTRAINT `jugador_ibfk_2` FOREIGN KEY (`ID_CA`) REFERENCES `comunidadautonoma` (`ID_CA`);

--
-- Filtros para la tabla `jugador_posiciones`
--
ALTER TABLE `jugador_posiciones`
  ADD CONSTRAINT `jugador_posiciones_ibfk_1` FOREIGN KEY (`Jugador`) REFERENCES `jugador` (`ID_jugador`),
  ADD CONSTRAINT `jugador_posiciones_ibfk_2` FOREIGN KEY (`Posicion`) REFERENCES `posiciones` (`ID_posicion`);

--
-- Filtros para la tabla `jugar`
--
ALTER TABLE `jugar`
  ADD CONSTRAINT `jugar_ibfk_1` FOREIGN KEY (`Partido`) REFERENCES `partido` (`ID_partido`),
  ADD CONSTRAINT `jugar_ibfk_2` FOREIGN KEY (`Jornada`) REFERENCES `jornada` (`ID_jornada`),
  ADD CONSTRAINT `jugar_ibfk_3` FOREIGN KEY (`Competicion`) REFERENCES `competicion` (`ID_Competicion`);

--
-- Filtros para la tabla `nominacion`
--
ALTER TABLE `nominacion`
  ADD CONSTRAINT `nominacion_ibfk_1` FOREIGN KEY (`Jugador`) REFERENCES `jugador` (`ID_jugador`),
  ADD CONSTRAINT `nominacion_ibfk_2` FOREIGN KEY (`Premio`) REFERENCES `premios` (`ID_Premio`);

--
-- Filtros para la tabla `once_inicial`
--
ALTER TABLE `once_inicial`
  ADD CONSTRAINT `once_inicial_ibfk_1` FOREIGN KEY (`Suceso`) REFERENCES `sucesos` (`ID_suceso`),
  ADD CONSTRAINT `once_inicial_ibfk_10` FOREIGN KEY (`Jugador_9`) REFERENCES `jugador` (`ID_jugador`),
  ADD CONSTRAINT `once_inicial_ibfk_11` FOREIGN KEY (`Jugador_10`) REFERENCES `jugador` (`ID_jugador`),
  ADD CONSTRAINT `once_inicial_ibfk_12` FOREIGN KEY (`Jugador_11`) REFERENCES `jugador` (`ID_jugador`),
  ADD CONSTRAINT `once_inicial_ibfk_2` FOREIGN KEY (`Jugador_1`) REFERENCES `jugador` (`ID_jugador`),
  ADD CONSTRAINT `once_inicial_ibfk_3` FOREIGN KEY (`Jugador_2`) REFERENCES `jugador` (`ID_jugador`),
  ADD CONSTRAINT `once_inicial_ibfk_4` FOREIGN KEY (`Jugador_3`) REFERENCES `jugador` (`ID_jugador`),
  ADD CONSTRAINT `once_inicial_ibfk_5` FOREIGN KEY (`Jugador_4`) REFERENCES `jugador` (`ID_jugador`),
  ADD CONSTRAINT `once_inicial_ibfk_6` FOREIGN KEY (`Jugador_5`) REFERENCES `jugador` (`ID_jugador`),
  ADD CONSTRAINT `once_inicial_ibfk_7` FOREIGN KEY (`Jugador_6`) REFERENCES `jugador` (`ID_jugador`),
  ADD CONSTRAINT `once_inicial_ibfk_8` FOREIGN KEY (`Jugador_7`) REFERENCES `jugador` (`ID_jugador`),
  ADD CONSTRAINT `once_inicial_ibfk_9` FOREIGN KEY (`Jugador_8`) REFERENCES `jugador` (`ID_jugador`);

--
-- Filtros para la tabla `participar`
--
ALTER TABLE `participar`
  ADD CONSTRAINT `participar_ibfk_1` FOREIGN KEY (`Equipo`) REFERENCES `equipo` (`id_usuario`),
  ADD CONSTRAINT `participar_ibfk_2` FOREIGN KEY (`Competicion`) REFERENCES `competicion` (`ID_Competicion`);

--
-- Filtros para la tabla `partido`
--
ALTER TABLE `partido`
  ADD CONSTRAINT `partido_ibfk_1` FOREIGN KEY (`Arbitro`) REFERENCES `arbitro` (`ID_arbitro`),
  ADD CONSTRAINT `partido_ibfk_2` FOREIGN KEY (`Local`) REFERENCES `equipo` (`id_usuario`),
  ADD CONSTRAINT `partido_ibfk_3` FOREIGN KEY (`Visitante`) REFERENCES `equipo` (`id_usuario`);

--
-- Filtros para la tabla `penalti`
--
ALTER TABLE `penalti`
  ADD CONSTRAINT `penalti_ibfk_1` FOREIGN KEY (`Suceso`) REFERENCES `sucesos` (`ID_suceso`),
  ADD CONSTRAINT `penalti_ibfk_2` FOREIGN KEY (`infractor`) REFERENCES `jugador` (`ID_jugador`);

--
-- Filtros para la tabla `roja`
--
ALTER TABLE `roja`
  ADD CONSTRAINT `roja_ibfk_1` FOREIGN KEY (`Suceso`) REFERENCES `sucesos` (`ID_suceso`),
  ADD CONSTRAINT `roja_ibfk_2` FOREIGN KEY (`infractor`) REFERENCES `jugador` (`ID_jugador`);

--
-- Filtros para la tabla `staff`
--
ALTER TABLE `staff`
  ADD CONSTRAINT `staff_ibfk_1` FOREIGN KEY (`Entrenador`) REFERENCES `entrenador` (`id_Entrenador`),
  ADD CONSTRAINT `staff_ibfk_2` FOREIGN KEY (`Trabajador`) REFERENCES `trabajador` (`ID_trabajador`);

--
-- Filtros para la tabla `sucesos`
--
ALTER TABLE `sucesos`
  ADD CONSTRAINT `sucesos_ibfk_1` FOREIGN KEY (`Partido`) REFERENCES `partido` (`ID_partido`);

--
-- Filtros para la tabla `tener_beneficios`
--
ALTER TABLE `tener_beneficios`
  ADD CONSTRAINT `tener_beneficios_ibfk_1` FOREIGN KEY (`Beneficio`) REFERENCES `beneficio` (`ID_beneficio`),
  ADD CONSTRAINT `tener_beneficios_ibfk_2` FOREIGN KEY (`Cuota`) REFERENCES `cuota` (`ID_cuota`);

--
-- Filtros para la tabla `tener_estadisticas`
--
ALTER TABLE `tener_estadisticas`
  ADD CONSTRAINT `tener_estadisticas_ibfk_1` FOREIGN KEY (`Jugador`) REFERENCES `jugador` (`ID_jugador`),
  ADD CONSTRAINT `tener_estadisticas_ibfk_2` FOREIGN KEY (`Estadistica`) REFERENCES `estadisticas` (`ID_Estadistica`);

--
-- Filtros para la tabla `trabajador`
--
ALTER TABLE `trabajador`
  ADD CONSTRAINT `trabajador_ibfk_1` FOREIGN KEY (`id_CA`) REFERENCES `comunidadautonoma` (`ID_CA`);

--
-- Filtros para la tabla `ver`
--
ALTER TABLE `ver`
  ADD CONSTRAINT `ver_ibfk_1` FOREIGN KEY (`Partido`) REFERENCES `partido` (`ID_partido`),
  ADD CONSTRAINT `ver_ibfk_2` FOREIGN KEY (`Aficionado`) REFERENCES `aficionado` (`id_usuario`);
COMMIT;

/*!40101 SET CHARACTER_SET_CLIENT=@OLD_CHARACTER_SET_CLIENT */;
/*!40101 SET CHARACTER_SET_RESULTS=@OLD_CHARACTER_SET_RESULTS */;
/*!40101 SET COLLATION_CONNECTION=@OLD_COLLATION_CONNECTION */;
